system:index,LC_class,LC_percent,city,max_LST,mean_LST,mean_top10_LST,n_images,sensor,year,.geo
0000000000000000004e_0,1,42.14745864045965,Gaborone,317.1639253072336,310.5940824941821,317.1639253072336,9,L8,2015,"{""type"":""MultiPoint"",""coordinates"":[]}"
0000000000000000004e_1,2,52.03323436517172,Gaborone,316.5273217205914,307.99873843795024,316.5273217205914,9,L8,2015,"{""type"":""MultiPoint"",""coordinates"":[]}"
0000000000000000004e_2,3,0.1587615037062252,Gaborone,317.36284864494377,308.75919642906166,317.36284864494377,9,L8,2015,"{""type"":""MultiPoint"",""coordinates"":[]}"
0000000000000000004e_3,4,1.2190167868277126,Gaborone,304.90035358030565,300.9580711106887,304.90035358030565,9,L8,2015,"{""type"":""MultiPoint"",""coordinates"":[]}"
0000000000000000004e_4,5,4.441528703834694,Gaborone,315.23694956705185,308.6695767706686,315.23694956705185,9,L8,2015,"{""type"":""MultiPoint"",""coordinates"":[]}"
00000000000000000058_0,1,59.25906619701442,Special capital Region of Jakarta,302.40385282281034,301.32979607469207,302.40385282281034,25,L8,2015,"{""type"":""MultiPoint"",""coordinates"":[]}"
00000000000000000058_1,2,2.465911585869376,Special capital Region of Jakarta,299.7915053416685,297.622441165265,299.7915053416685,25,L8,2015,"{""type"":""MultiPoint"",""coordinates"":[]}"
00000000000000000058_2,3,1.0535287137181384,Special capital Region of Jakarta,299.5869063608244,299.4393645778609,299.5869063608244,25,L8,2015,"{""type"":""MultiPoint"",""coordinates"":[]}"
00000000000000000058_3,4,1.6050629779634944,Special capital Region of Jakarta,299.64052469852857,298.6705416165301,299.64052469852857,25,L8,2015,"{""type"":""MultiPoint"",""coordinates"":[]}"
00000000000000000058_4,5,35.61643052543457,Special capital Region of Jakarta,298.15658108827637,295.21024309196736,298.15658108827637,25,L8,2015,"{""type"":""MultiPoint"",""coordinates"":[]}"
00000000000000000000_0,1,70.5504862283304,New York,311.3319523809908,306.34310704553974,311.3312039996649,17,L8,2015,"{""type"":""MultiPoint"",""coordinates"":[]}"
00000000000000000000_1,2,5.241314590555312,New York,304.47166515911493,301.1403620756261,304.46506514776684,17,L8,2015,"{""type"":""MultiPoint"",""coordinates"":[]}"
00000000000000000000_2,3,0.740671950853345,New York,307.4159844998428,303.48678901112226,307.4120468831385,17,L8,2015,"{""type"":""MultiPoint"",""coordinates"":[]}"
00000000000000000000_3,4,3.427766354062104,New York,301.54171249966174,298.89012894453253,301.5409456914145,17,L8,2015,"{""type"":""MultiPoint"",""coordinates"":[]}"
00000000000000000000_4,5,20.03976087619882,New York,298.31313995025704,297.2296875156417,298.31294596623405,17,L8,2015,"{""type"":""MultiPoint"",""coordinates"":[]}"
00000000000000000011_0,1,59.9684216202242,Mumbai,313.27430491416646,311.21550717603003,313.27430491416646,7,L8,2015,"{""type"":""MultiPoint"",""coordinates"":[]}"
00000000000000000011_1,2,32.6766101429689,Mumbai,310.8617501549027,309.0196817890898,310.8617501549027,7,L8,2015,"{""type"":""MultiPoint"",""coordinates"":[]}"
00000000000000000011_2,3,1.1147334746854436,Mumbai,312.88964691073784,308.90195077886665,312.88964691073784,7,L8,2015,"{""type"":""MultiPoint"",""coordinates"":[]}"
00000000000000000011_3,4,4.201984967431442,Mumbai,307.61373957799606,306.6250942547537,307.61373957799606,7,L8,2015,"{""type"":""MultiPoint"",""coordinates"":[]}"
00000000000000000011_4,5,2.03824979469003,Mumbai,305.96479303555935,304.2646907715678,305.96479303555935,7,L8,2015,"{""type"":""MultiPoint"",""coordinates"":[]}"
00000000000000000012_0,1,14.402084074547144,Karachi Division,313.4316780217148,311.17009560947156,313.43166543444454,20,L8,2015,"{""type"":""MultiPoint"",""coordinates"":[]}"
00000000000000000012_1,2,28.91670141622952,Karachi Division,314.0787288091002,311.4839279155685,314.0784851727244,20,L8,2015,"{""type"":""MultiPoint"",""coordinates"":[]}"
00000000000000000012_2,3,3.126116783337646,Karachi Division,312.9062096498793,310.70296293769115,312.9058157034153,20,L8,2015,"{""type"":""MultiPoint"",""coordinates"":[]}"
00000000000000000012_3,4,1.1358068354551911,Karachi Division,307.8088381882942,306.10320412426836,307.8088381882942,20,L8,2015,"{""type"":""MultiPoint"",""coordinates"":[]}"
00000000000000000012_4,5,52.41929089043048,Karachi Division,313.1507764021348,310.1941015085716,313.14954932351304,20,L8,2015,"{""type"":""MultiPoint"",""coordinates"":[]}"
00000000000000000014_0,1,54.492724447114135,Baghdad,329.201948654752,324.88382011128084,328.78845123608073,11,L8,2015,"{""type"":""MultiPoint"",""coordinates"":[]}"
00000000000000000014_1,2,25.204504833517255,Baghdad,329.9630992327203,325.4303655458999,329.44103696018897,11,L8,2015,"{""type"":""MultiPoint"",""coordinates"":[]}"
00000000000000000014_2,3,7.82071125197572,Baghdad,329.95422787893926,325.2171158817285,329.3696048458112,11,L8,2015,"{""type"":""MultiPoint"",""coordinates"":[]}"
00000000000000000014_3,4,2.1908388224666955,Baghdad,315.75914304209965,312.3032235004678,315.4078219071463,11,L8,2015,"{""type"":""MultiPoint"",""coordinates"":[]}"
00000000000000000014_4,5,10.2912206449262,Baghdad,332.5848902874456,327.551400003874,332.078165929296,11,L8,2015,"{""type"":""MultiPoint"",""coordinates"":[]}"
00000000000000000028_0,1,5.446497061758547,Baku City,319.7633737929803,313.49988653220817,319.76271909526724,30,L8,2015,"{""type"":""MultiPoint"",""coordinates"":[]}"
00000000000000000028_1,2,11.040990948566243,Baku City,324.11572066950384,316.75704263464957,324.1141883742764,30,L8,2015,"{""type"":""MultiPoint"",""coordinates"":[]}"
00000000000000000028_2,3,0.0934986281038332,Baku City,318.42366365028107,312.0397608362048,318.392587895068,30,L8,2015,"{""type"":""MultiPoint"",""coordinates"":[]}"
00000000000000000028_3,4,81.16709433957399,Baku City,303.71041107305393,299.9607156077295,303.7075896129845,30,L8,2015,"{""type"":""MultiPoint"",""coordinates"":[]}"
00000000000000000028_4,5,2.2519190219973892,Baku City,322.78335356749267,315.47359171179534,322.7827521527058,30,L8,2015,"{""type"":""MultiPoint"",""coordinates"":[]}"
0000000000000000001a_0,1,67.94843039733021,Manila,312.6568740504345,310.73140552771633,312.6568740504345,5,L8,2015,"{""type"":""MultiPoint"",""coordinates"":[]}"
0000000000000000001a_1,2,0.0396786716692172,Manila,310.5917188814169,307.84435301800664,310.5917188814169,5,L8,2015,"{""type"":""MultiPoint"",""coordinates"":[]}"
0000000000000000001a_2,3,0.0014170954167577,Manila,311.82942240823485,308.82406533927383,311.82942240823485,5,L8,2015,"{""type"":""MultiPoint"",""coordinates"":[]}"
0000000000000000001a_3,4,1.3321863937277914,Manila,307.1605039237921,304.84104006903294,307.1605039237921,5,L8,2015,"{""type"":""MultiPoint"",""coordinates"":[]}"
0000000000000000001a_4,5,30.67828744185602,Manila,304.827847292464,302.80206345346784,304.827847292464,5,L8,2015,"{""type"":""MultiPoint"",""coordinates"":[]}"
00000000000000000003_0,1,89.7209354604191,Toronto,307.8732095569129,304.11201278315696,307.4839760073439,18,L8,2015,"{""type"":""MultiPoint"",""coordinates"":[]}"
00000000000000000003_1,2,4.133626339596064,Toronto,300.84482895235476,297.06997919459616,300.3987869468453,18,L8,2015,"{""type"":""MultiPoint"",""coordinates"":[]}"
00000000000000000003_2,3,1.761844263319536,Toronto,302.63721714407706,299.27581521695623,302.29055215509857,18,L8,2015,"{""type"":""MultiPoint"",""coordinates"":[]}"
00000000000000000003_3,4,4.382521010936249,Toronto,295.08583775258256,291.4855316259325,295.0638860221584,18,L8,2015,"{""type"":""MultiPoint"",""coordinates"":[]}"
00000000000000000003_4,5,0.0010729257290401,Toronto,299.81474796470474,297.5018705414979,299.81474796470474,18,L8,2015,"{""type"":""MultiPoint"",""coordinates"":[]}"
0000000000000000002b_0,1,56.05412247228616,San Francisco,312.8390533765166,311.0239653586346,312.8390533765166,16,L8,2015,"{""type"":""MultiPoint"",""coordinates"":[]}"
0000000000000000002b_1,2,1.7135716552500897,San Francisco,306.5579436058154,304.66056290910996,306.5579436058154,16,L8,2015,"{""type"":""MultiPoint"",""coordinates"":[]}"
0000000000000000002b_2,3,0.1565988043635331,San Francisco,307.45160376734685,304.8252050786323,307.45160376734685,16,L8,2015,"{""type"":""MultiPoint"",""coordinates"":[]}"
0000000000000000002b_3,4,1.839667977473312,San Francisco,299.69637090746255,298.43216353342984,299.69637090746255,16,L8,2015,"{""type"":""MultiPoint"",""coordinates"":[]}"
0000000000000000002b_4,5,40.23603909062692,San Francisco,294.02495654422285,292.86465417223974,294.02495654422285,16,L8,2015,"{""type"":""MultiPoint"",""coordinates"":[]}"
00000000000000000054_0,1,79.68343012920394,City of Georgetown,306.5055737400455,288.3441816255743,306.5055737400455,6,L8,2015,"{""type"":""MultiPoint"",""coordinates"":[]}"
00000000000000000054_1,2,19.133471358522456,City of Georgetown,304.19803462475176,296.71461459261775,304.19803462475176,6,L8,2015,"{""type"":""MultiPoint"",""coordinates"":[]}"
00000000000000000054_2,3,0.9640061951858788,City of Georgetown,304.32667700841836,286.12008722651484,304.32667700841836,6,L8,2015,"{""type"":""MultiPoint"",""coordinates"":[]}"
00000000000000000054_3,4,0.0784342052310108,City of Georgetown,303.6638039110887,290.1666034802238,303.6638039110887,6,L8,2015,"{""type"":""MultiPoint"",""coordinates"":[]}"
00000000000000000054_4,5,0.1406581118566889,City of Georgetown,304.3419474204133,279.5526562917221,304.3419474204133,6,L8,2015,"{""type"":""MultiPoint"",""coordinates"":[]}"
00000000000000000059_0,1,89.55433109387991,Bandung City,300.05235972524264,294.86523285388347,300.05235972524264,14,L8,2015,"{""type"":""MultiPoint"",""coordinates"":[]}"
00000000000000000059_1,2,4.350046967254037,Bandung City,300.2548147250856,293.7790208360261,300.2548147250856,14,L8,2015,"{""type"":""MultiPoint"",""coordinates"":[]}"
00000000000000000059_2,3,6.0589798586638235,Bandung City,307.6956205485288,299.736748852939,307.6956205485288,14,L8,2015,"{""type"":""MultiPoint"",""coordinates"":[]}"
00000000000000000059_3,4,0.0366420802022351,Bandung City,301.91878493262834,297.6141275708624,301.91878493262834,14,L8,2015,"{""type"":""MultiPoint"",""coordinates"":[]}"
0000000000000000005a_0,1,73.19031265294782,Surabaya,312.83644192141475,307.49723712455085,312.83644192141475,10,L8,2015,"{""type"":""MultiPoint"",""coordinates"":[]}"
0000000000000000005a_1,2,6.483004743020833,Surabaya,308.6479218956386,303.4200974965318,308.6479218956386,10,L8,2015,"{""type"":""MultiPoint"",""coordinates"":[]}"
0000000000000000005a_2,3,4.781991754983764,Surabaya,308.7072573944843,303.3391041233099,308.7072573944843,10,L8,2015,"{""type"":""MultiPoint"",""coordinates"":[]}"
0000000000000000005a_3,4,13.38524983893711,Surabaya,306.5559453576103,300.88605910805364,306.5559453576103,10,L8,2015,"{""type"":""MultiPoint"",""coordinates"":[]}"
0000000000000000005a_4,5,2.159441010110477,Surabaya,305.9644387285571,299.4860641562639,305.9644387285571,10,L8,2015,"{""type"":""MultiPoint"",""coordinates"":[]}"
0000000000000000005b_0,1,80.01725686607789,City of Medan,306.8029568103495,301.7916855020224,306.8029568103495,10,L8,2015,"{""type"":""MultiPoint"",""coordinates"":[]}"
0000000000000000005b_1,2,12.717383028010932,City of Medan,289.3538510092499,286.9729108621429,289.3538510092499,10,L8,2015,"{""type"":""MultiPoint"",""coordinates"":[]}"
0000000000000000005b_2,3,1.0735817602755573,City of Medan,296.16260689727426,289.4921763276419,296.16260689727426,10,L8,2015,"{""type"":""MultiPoint"",""coordinates"":[]}"
0000000000000000005b_3,4,5.930018999815719,City of Medan,282.2276540218805,281.8411764188771,282.2276540218805,10,L8,2015,"{""type"":""MultiPoint"",""coordinates"":[]}"
0000000000000000005b_4,5,0.2617593458198894,City of Medan,279.7172143360468,279.71714778219945,279.7172143360468,10,L8,2015,"{""type"":""MultiPoint"",""coordinates"":[]}"
0000000000000000005c_0,1,75.08282936205639,Denpasar,315.4413108045499,305.1871108647321,315.37684318609473,19,L8,2015,"{""type"":""MultiPoint"",""coordinates"":[]}"
0000000000000000005c_1,2,4.925776839201028,Denpasar,307.41961068862724,300.2019008579204,307.30209729763726,19,L8,2015,"{""type"":""MultiPoint"",""coordinates"":[]}"
0000000000000000005c_2,3,3.1389829499187933,Denpasar,310.1653601064871,303.2361614815039,310.1256508434719,19,L8,2015,"{""type"":""MultiPoint"",""coordinates"":[]}"
0000000000000000005c_3,4,1.9450635325511176,Denpasar,305.8266919676396,298.73212534566005,305.8017464299246,19,L8,2015,"{""type"":""MultiPoint"",""coordinates"":[]}"
0000000000000000005c_4,5,14.907347316272638,Denpasar,303.77057909532255,297.1324266423018,303.7703198650072,19,L8,2015,"{""type"":""MultiPoint"",""coordinates"":[]}"
0000000000000000001b_0,1,97.00110592444842,Kathmandu Metropolitan City,314.39340982993264,308.1794923744307,314.39340982993264,5,L8,2015,"{""type"":""MultiPoint"",""coordinates"":[]}"
0000000000000000001b_1,2,2.3693832782167727,Kathmandu Metropolitan City,311.6570912526058,305.4897072004376,311.6570912526058,5,L8,2015,"{""type"":""MultiPoint"",""coordinates"":[]}"
0000000000000000001b_2,3,0.6043100594501762,Kathmandu Metropolitan City,315.7261838596123,305.60338484366065,315.7261838596123,5,L8,2015,"{""type"":""MultiPoint"",""coordinates"":[]}"
0000000000000000001b_3,4,0.0252007378846246,Kathmandu Metropolitan City,312.135656295632,306.485333133114,312.135656295632,5,L8,2015,"{""type"":""MultiPoint"",""coordinates"":[]}"
0000000000000000002e_0,1,96.04504885097724,Lisbon,315.0841562382822,310.3311611385359,315.0841562382822,6,L8,2015,"{""type"":""MultiPoint"",""coordinates"":[]}"
0000000000000000002e_1,2,2.694920214763079,Lisbon,312.38614154293936,307.7888043769838,312.38614154293936,6,L8,2015,"{""type"":""MultiPoint"",""coordinates"":[]}"
0000000000000000002e_2,3,0.5144466767872166,Lisbon,318.8245706156425,313.5875727729938,318.8245706156425,6,L8,2015,"{""type"":""MultiPoint"",""coordinates"":[]}"
0000000000000000002e_3,4,0.1508612860657018,Lisbon,303.7145221771501,301.22027533143273,303.7145221771501,6,L8,2015,"{""type"":""MultiPoint"",""coordinates"":[]}"
0000000000000000002e_4,5,0.5947229714067603,Lisbon,301.2206258543946,298.949131242981,301.2206258543946,6,L8,2015,"{""type"":""MultiPoint"",""coordinates"":[]}"
0000000000000000003f_0,1,97.43777651993346,Brussels,309.97281341736493,300.4228532902799,309.89850349765226,17,L8,2015,"{""type"":""MultiPoint"",""coordinates"":[]}"
0000000000000000003f_1,2,1.6166808511557187,Brussels,306.0164550056383,295.45461699575327,305.93841070473775,17,L8,2015,"{""type"":""MultiPoint"",""coordinates"":[]}"
0000000000000000003f_2,3,0.1711990900333113,Brussels,307.494884780755,297.9096046188896,307.49488432039607,17,L8,2015,"{""type"":""MultiPoint"",""coordinates"":[]}"
0000000000000000003f_3,4,0.7743435388775117,Brussels,303.28281716374175,295.7040397514769,303.28278030366664,17,L8,2015,"{""type"":""MultiPoint"",""coordinates"":[]}"
00000000000000000050_0,1,55.21983685083416,Adelaide,313.84641900028055,309.0778080537033,313.83357900336455,25,L8,2015,"{""type"":""MultiPoint"",""coordinates"":[]}"
00000000000000000050_1,2,31.421098401810244,Adelaide,313.8783259357551,307.96319821303587,313.8494016052048,25,L8,2015,"{""type"":""MultiPoint"",""coordinates"":[]}"
00000000000000000050_2,3,9.142047498744414,Adelaide,317.7321322599716,312.2121134451597,317.70806340700676,25,L8,2015,"{""type"":""MultiPoint"",""coordinates"":[]}"
00000000000000000050_3,4,2.4661395506457424,Adelaide,303.53924369157505,299.5235078005774,303.5293189791323,25,L8,2015,"{""type"":""MultiPoint"",""coordinates"":[]}"
00000000000000000050_4,5,1.7508776979654292,Adelaide,301.6912843617015,298.21282173669886,301.68107189770876,25,L8,2015,"{""type"":""MultiPoint"",""coordinates"":[]}"
00000000000000000051_0,1,34.62268788941999,Melbourne,308.13226968074827,301.85943710222756,308.082226384642,32,L8,2015,"{""type"":""MultiPoint"",""coordinates"":[]}"
00000000000000000051_1,2,61.05276750078402,Melbourne,303.70374732449886,298.91096387053057,303.67078419752744,32,L8,2015,"{""type"":""MultiPoint"",""coordinates"":[]}"
00000000000000000051_2,3,3.401006341702036,Melbourne,309.2972137233962,304.0623891922209,309.2527652390779,32,L8,2015,"{""type"":""MultiPoint"",""coordinates"":[]}"
00000000000000000051_3,4,0.891671890524957,Melbourne,298.98182155256234,295.610963283817,298.9633586583069,32,L8,2015,"{""type"":""MultiPoint"",""coordinates"":[]}"
00000000000000000051_4,5,0.0318663775689882,Melbourne,298.36889708512183,295.02481232063604,298.3280946488303,32,L8,2015,"{""type"":""MultiPoint"",""coordinates"":[]}"
00000000000000000052_0,1,51.82544241528133,Sydney,322.2266284496654,311.0207907376636,321.93503995530455,30,L8,2015,"{""type"":""MultiPoint"",""coordinates"":[]}"
00000000000000000052_1,2,42.427996514610435,Sydney,316.0202538046739,305.52770933112834,315.9548940362788,30,L8,2015,"{""type"":""MultiPoint"",""coordinates"":[]}"
00000000000000000052_2,3,0.607733595142006,Sydney,322.87694314484014,309.23836945928156,322.68320632188863,30,L8,2015,"{""type"":""MultiPoint"",""coordinates"":[]}"
00000000000000000052_3,4,1.737322245608098,Sydney,312.4553865680874,303.6247814782789,312.3696405082854,30,L8,2015,"{""type"":""MultiPoint"",""coordinates"":[]}"
00000000000000000052_4,5,3.4015052293581047,Sydney,305.2635110031023,300.3484434271909,305.2633183356677,30,L8,2015,"{""type"":""MultiPoint"",""coordinates"":[]}"
00000000000000000053_0,1,25.666810265013133,Hobart,323.89340470397804,305.32376451917247,323.89340470397804,23,L8,2015,"{""type"":""MultiPoint"",""coordinates"":[]}"
00000000000000000053_1,2,66.13735877720153,Hobart,320.5616313661849,304.160148751498,320.5616313661849,23,L8,2015,"{""type"":""MultiPoint"",""coordinates"":[]}"
00000000000000000053_2,3,6.782292036663032,Hobart,329.5204301081119,309.6207692068641,329.5204301081119,23,L8,2015,"{""type"":""MultiPoint"",""coordinates"":[]}"
00000000000000000053_3,4,0.4167747181182875,Hobart,311.7685608041811,299.5625382983746,311.7685608041811,23,L8,2015,"{""type"":""MultiPoint"",""coordinates"":[]}"
00000000000000000053_4,5,0.9967642030040236,Hobart,301.77035977267695,294.08872574051395,301.77035977267695,23,L8,2015,"{""type"":""MultiPoint"",""coordinates"":[]}"
0000000000000000005e_0,1,30.801337404170425,Vientiane Capital,309.33643259845985,305.95872256175033,309.33643259845985,18,L8,2015,"{""type"":""MultiPoint"",""coordinates"":[]}"
0000000000000000005e_1,2,30.483744140354375,Vientiane Capital,305.40399839506074,301.34109466180723,305.40399839506074,18,L8,2015,"{""type"":""MultiPoint"",""coordinates"":[]}"
0000000000000000005e_2,3,31.63168952026255,Vientiane Capital,307.11060916103116,303.4818214015133,307.11060916103116,18,L8,2015,"{""type"":""MultiPoint"",""coordinates"":[]}"
0000000000000000005e_3,4,7.0475413196052825,Vientiane Capital,303.1970447489334,300.26461371190504,303.1970447489334,18,L8,2015,"{""type"":""MultiPoint"",""coordinates"":[]}"
0000000000000000005e_4,5,0.0356876156073798,Vientiane Capital,305.3541856073583,301.43039109912127,305.3541856073583,18,L8,2015,"{""type"":""MultiPoint"",""coordinates"":[]}"
00000000000000000025_0,1,47.23603156487149,Sofia,310.44485746039834,306.94069747842735,310.44485746039834,21,L8,2015,"{""type"":""MultiPoint"",""coordinates"":[]}"
00000000000000000025_1,2,39.08697297910061,Sofia,302.35326736558005,299.92468451912265,302.35326736558005,21,L8,2015,"{""type"":""MultiPoint"",""coordinates"":[]}"
00000000000000000025_2,3,12.948254623232804,Sofia,311.9296738200762,306.0708166792944,311.9296738200762,21,L8,2015,"{""type"":""MultiPoint"",""coordinates"":[]}"
00000000000000000025_3,4,0.7281588201924387,Sofia,301.8110129928661,299.48330263117833,301.8110129928661,21,L8,2015,"{""type"":""MultiPoint"",""coordinates"":[]}"
00000000000000000025_4,5,0.0005820126026612457,Sofia,304.4675434772598,301.29540090509715,304.4675434772598,21,L8,2015,"{""type"":""MultiPoint"",""coordinates"":[]}"
00000000000000000042_0,1,97.04781432879702,Buenos Aires,310.4838854270409,305.5846615047749,310.4838854270409,8,L8,2015,"{""type"":""MultiPoint"",""coordinates"":[]}"
00000000000000000042_1,2,2.009406952947938,Buenos Aires,306.06505905026,300.88998862340054,306.06505905026,8,L8,2015,"{""type"":""MultiPoint"",""coordinates"":[]}"
00000000000000000042_2,4,0.762317314386528,Buenos Aires,304.82420031594603,300.94838142856725,304.82420031594603,8,L8,2015,"{""type"":""MultiPoint"",""coordinates"":[]}"
00000000000000000042_3,5,0.1804614038685225,Buenos Aires,302.4926160184147,298.423412827772,302.4926160184147,8,L8,2015,"{""type"":""MultiPoint"",""coordinates"":[]}"
00000000000000000001_0,1,83.868526624921,Los Angeles,319.7045478777574,315.3109448732746,319.7045478777574,12,L8,2015,"{""type"":""MultiPoint"",""coordinates"":[]}"
00000000000000000001_1,2,12.5626569956651,Los Angeles,314.85709707308996,310.72894645593175,314.85709707308996,12,L8,2015,"{""type"":""MultiPoint"",""coordinates"":[]}"
00000000000000000001_2,3,0.1805602949250519,Los Angeles,314.28484510100736,310.9932963751953,314.28484510100736,12,L8,2015,"{""type"":""MultiPoint"",""coordinates"":[]}"
00000000000000000001_3,4,0.4013156534505853,Los Angeles,305.8715619072301,304.47461075786,305.8715619072301,12,L8,2015,"{""type"":""MultiPoint"",""coordinates"":[]}"
00000000000000000001_4,5,2.9869404310382723,Los Angeles,296.15816286088517,295.8096089082041,296.15816286088517,12,L8,2015,"{""type"":""MultiPoint"",""coordinates"":[]}"
00000000000000000002_0,1,92.81108423684822,Chicago,315.4405087051968,308.1743511055793,315.4405087051968,8,L8,2015,"{""type"":""MultiPoint"",""coordinates"":[]}"
00000000000000000002_1,2,3.3208541408485135,Chicago,308.9220991521707,303.1567500669016,308.9220991521707,8,L8,2015,"{""type"":""MultiPoint"",""coordinates"":[]}"
00000000000000000002_2,3,1.2379239967924476,Chicago,309.5072498841319,303.6883937252275,309.5072498841319,8,L8,2015,"{""type"":""MultiPoint"",""coordinates"":[]}"
00000000000000000002_3,4,2.6169473535913452,Chicago,303.3189258258507,297.9931805964116,303.3189258258507,8,L8,2015,"{""type"":""MultiPoint"",""coordinates"":[]}"
00000000000000000002_4,5,0.0131902719194777,Chicago,308.664788158444,303.21550102140566,308.664788158444,8,L8,2015,"{""type"":""MultiPoint"",""coordinates"":[]}"
00000000000000000005_0,1,58.53956018630962,Madrid,321.00819585250497,315.1342819007583,321.00819585250497,6,L8,2015,"{""type"":""MultiPoint"",""coordinates"":[]}"
00000000000000000005_1,2,38.57250040978979,Madrid,324.3188395671307,317.2790850997277,324.3188395671307,6,L8,2015,"{""type"":""MultiPoint"",""coordinates"":[]}"
00000000000000000005_2,3,2.2167868975507767,Madrid,324.1195193655446,317.3625097763294,324.1195193655446,6,L8,2015,"{""type"":""MultiPoint"",""coordinates"":[]}"
00000000000000000005_3,4,0.5182116351910395,Madrid,307.28221603049207,303.77894484544856,307.28221603049207,6,L8,2015,"{""type"":""MultiPoint"",""coordinates"":[]}"
00000000000000000005_4,5,0.1529408711587613,Madrid,322.20589986079955,317.7221493756645,322.20589986079955,6,L8,2015,"{""type"":""MultiPoint"",""coordinates"":[]}"
00000000000000000009_0,1,55.53058500900689,Rome,321.45934593154334,313.48445409646666,321.4502497641106,10,L8,2015,"{""type"":""MultiPoint"",""coordinates"":[]}"
00000000000000000009_1,2,16.056010305229723,Rome,316.85099227769615,310.0455489359176,316.84702626272804,10,L8,2015,"{""type"":""MultiPoint"",""coordinates"":[]}"
00000000000000000009_2,3,27.85599027059011,Rome,324.14407605950345,315.22175287555166,324.1167293803047,10,L8,2015,"{""type"":""MultiPoint"",""coordinates"":[]}"
00000000000000000009_3,4,0.5349664406925543,Rome,311.2708123722406,306.5196128991219,311.2708123722406,10,L8,2015,"{""type"":""MultiPoint"",""coordinates"":[]}"
00000000000000000009_4,5,0.0224479744807251,Rome,311.37172698018094,307.0351769110781,311.37172698018094,10,L8,2015,"{""type"":""MultiPoint"",""coordinates"":[]}"
00000000000000000017_0,1,88.02458599674033,Casablanca,315.25295917991906,313.83843959430084,315.25295917991906,5,L8,2015,"{""type"":""MultiPoint"",""coordinates"":[]}"
00000000000000000017_1,2,1.5818619860139893,Casablanca,316.5028039037111,314.6438223407795,316.5028039037111,5,L8,2015,"{""type"":""MultiPoint"",""coordinates"":[]}"
00000000000000000017_2,3,9.70908222305312,Casablanca,318.2492326502582,316.212299162774,318.2492326502582,5,L8,2015,"{""type"":""MultiPoint"",""coordinates"":[]}"
00000000000000000017_3,4,0.300246090095103,Casablanca,304.5047980068759,303.60290401762194,304.5047980068759,5,L8,2015,"{""type"":""MultiPoint"",""coordinates"":[]}"
00000000000000000017_4,5,0.3842237040974617,Casablanca,304.05049986919227,303.04550784129685,304.05049986919227,5,L8,2015,"{""type"":""MultiPoint"",""coordinates"":[]}"
00000000000000000023_0,1,73.66230585582262,Budapest,314.0587237414226,310.14615550931256,314.0587237414226,12,L8,2015,"{""type"":""MultiPoint"",""coordinates"":[]}"
00000000000000000023_1,2,18.03843903436895,Budapest,309.93055182674993,306.17463244010935,309.93055182674993,12,L8,2015,"{""type"":""MultiPoint"",""coordinates"":[]}"
00000000000000000023_2,3,5.635519200975959,Budapest,315.80917769507727,309.7106150761992,315.80917769507727,12,L8,2015,"{""type"":""MultiPoint"",""coordinates"":[]}"
00000000000000000023_3,4,2.6632733418585026,Budapest,301.72555819984694,299.60039893634803,301.72555819984694,12,L8,2015,"{""type"":""MultiPoint"",""coordinates"":[]}"
00000000000000000023_4,5,0.0004625669739724312,Budapest,307.3760153785295,304.69696578619835,307.3760153785295,12,L8,2015,"{""type"":""MultiPoint"",""coordinates"":[]}"
0000000000000000002c_0,1,69.58819775555953,Seattle,311.7556989635707,307.65728267258174,311.6618455570399,11,L8,2015,"{""type"":""MultiPoint"",""coordinates"":[]}"
0000000000000000002c_1,2,2.9767714037087165,Seattle,303.52328513074207,299.9080351369213,303.4433012636941,11,L8,2015,"{""type"":""MultiPoint"",""coordinates"":[]}"
0000000000000000002c_2,3,0.0155963244050531,Seattle,310.77506400771415,306.9205737882676,310.6388270839791,11,L8,2015,"{""type"":""MultiPoint"",""coordinates"":[]}"
0000000000000000002c_3,4,13.315903401839854,Seattle,299.079726712785,296.37173397780793,298.9799985663038,11,L8,2015,"{""type"":""MultiPoint"",""coordinates"":[]}"
0000000000000000002c_4,5,14.103531114486836,Seattle,292.2566051262391,289.69274325095205,292.1820718996596,11,L8,2015,"{""type"":""MultiPoint"",""coordinates"":[]}"
0000000000000000002d_0,1,82.3538750581015,Vancouver,311.2088231601755,304.09509144837506,310.69334708224596,15,L8,2015,"{""type"":""MultiPoint"",""coordinates"":[]}"
0000000000000000002d_1,2,4.018124124725294,Vancouver,300.6479365121574,295.1030499797781,300.3954317113447,15,L8,2015,"{""type"":""MultiPoint"",""coordinates"":[]}"
0000000000000000002d_2,3,0.0442939045684832,Vancouver,308.3477344857335,301.11388738816174,307.8382040569726,15,L8,2015,"{""type"":""MultiPoint"",""coordinates"":[]}"
0000000000000000002d_3,4,0.6235212387628144,Vancouver,300.4708473083781,295.67340153073945,300.0176136246439,15,L8,2015,"{""type"":""MultiPoint"",""coordinates"":[]}"
0000000000000000002d_4,5,12.960185673841911,Vancouver,294.75737627027365,290.93898953530413,294.4803733833385,15,L8,2015,"{""type"":""MultiPoint"",""coordinates"":[]}"
00000000000000000030_0,1,59.646487962943965,Boston,311.4567330713916,307.1618233774854,311.4563853220113,14,L8,2015,"{""type"":""MultiPoint"",""coordinates"":[]}"
00000000000000000030_1,2,2.897158365981473,Boston,302.8918134919443,300.081426578678,302.89180611946216,14,L8,2015,"{""type"":""MultiPoint"",""coordinates"":[]}"
00000000000000000030_2,3,0.4295979211215527,Boston,305.76900749049537,303.26583652432436,305.76900749049537,14,L8,2015,"{""type"":""MultiPoint"",""coordinates"":[]}"
00000000000000000030_3,4,2.636905335433856,Boston,298.5478760452298,295.9148363788682,298.5477586541159,14,L8,2015,"{""type"":""MultiPoint"",""coordinates"":[]}"
00000000000000000030_4,5,34.38985041451917,Boston,294.99097388027724,292.7381043537488,294.9909603837779,14,L8,2015,"{""type"":""MultiPoint"",""coordinates"":[]}"
00000000000000000031_0,1,77.04732067299595,Houston,316.17748653454106,311.9391677814658,316.012305458832,24,L8,2015,"{""type"":""MultiPoint"",""coordinates"":[]}"
00000000000000000031_1,2,18.132318792811994,Houston,310.897962406297,307.03403115609257,310.8128149328894,24,L8,2015,"{""type"":""MultiPoint"",""coordinates"":[]}"
00000000000000000031_2,3,0.0806277975296387,Houston,314.5575966632934,309.0752099689473,314.54682142527923,24,L8,2015,"{""type"":""MultiPoint"",""coordinates"":[]}"
00000000000000000031_3,4,4.099915221210507,Houston,306.37299730400116,304.92747875938556,306.3596271867025,24,L8,2015,"{""type"":""MultiPoint"",""coordinates"":[]}"
00000000000000000031_4,5,0.6398175154519016,Houston,304.4025923616109,303.35189562285825,304.4025923616109,24,L8,2015,"{""type"":""MultiPoint"",""coordinates"":[]}"
00000000000000000032_0,1,71.67929385914734,Dallas,320.9882522270761,312.37620157433685,320.88632978692175,18,L8,2015,"{""type"":""MultiPoint"",""coordinates"":[]}"
00000000000000000032_1,2,16.52747397870733,Dallas,314.94523501751536,307.33486473169205,314.7541937180067,18,L8,2015,"{""type"":""MultiPoint"",""coordinates"":[]}"
00000000000000000032_2,3,0.932178124345872,Dallas,317.15338439544473,308.4412428900594,316.928836357096,18,L8,2015,"{""type"":""MultiPoint"",""coordinates"":[]}"
00000000000000000032_3,4,10.859392149333685,Dallas,307.8996991476415,302.89867826827856,307.8510204620151,18,L8,2015,"{""type"":""MultiPoint"",""coordinates"":[]}"
00000000000000000032_4,5,0.0016618884657771,Dallas,313.0985207511571,306.2083234380629,312.9727694940758,18,L8,2015,"{""type"":""MultiPoint"",""coordinates"":[]}"
00000000000000000033_0,1,90.37610707554016,Atlanta,309.6817110745804,307.1534933583105,309.6817110745804,11,L8,2015,"{""type"":""MultiPoint"",""coordinates"":[]}"
00000000000000000033_1,2,9.122592871610582,Atlanta,305.1430506960112,302.7483055250802,305.1430506960112,11,L8,2015,"{""type"":""MultiPoint"",""coordinates"":[]}"
00000000000000000033_2,3,0.1042705439844301,Atlanta,309.0892237854412,306.1567045749655,309.0892237854412,11,L8,2015,"{""type"":""MultiPoint"",""coordinates"":[]}"
00000000000000000033_3,4,0.3967909548565547,Atlanta,305.2601441225681,303.82194537983935,305.2601441225681,11,L8,2015,"{""type"":""MultiPoint"",""coordinates"":[]}"
00000000000000000033_4,5,0.00023855400828668463,Atlanta,308.88864819927807,307.61450703536707,308.88864819927807,11,L8,2015,"{""type"":""MultiPoint"",""coordinates"":[]}"
00000000000000000034_0,1,87.86692555856015,Philadelphia,315.7370479172675,307.9206633204115,315.7370479172675,6,L8,2015,"{""type"":""MultiPoint"",""coordinates"":[]}"
00000000000000000034_1,2,6.122340214883819,Philadelphia,305.9750184200696,299.8964572562585,305.9750184200696,6,L8,2015,"{""type"":""MultiPoint"",""coordinates"":[]}"
00000000000000000034_2,3,1.2446887419873618,Philadelphia,309.4623572143602,303.42260576489264,309.4623572143602,6,L8,2015,"{""type"":""MultiPoint"",""coordinates"":[]}"
00000000000000000034_3,4,4.763062735538936,Philadelphia,302.98176352309366,298.60085090211254,302.98176352309366,6,L8,2015,"{""type"":""MultiPoint"",""coordinates"":[]}"
00000000000000000034_4,5,0.0029827490297347,Philadelphia,310.07749043352516,304.52447137796804,310.07749043352516,6,L8,2015,"{""type"":""MultiPoint"",""coordinates"":[]}"
00000000000000000035_0,1,66.705477865108,Phoenix,328.71110023070503,322.6778005641101,328.7110972234028,18,L8,2015,"{""type"":""MultiPoint"",""coordinates"":[]}"
00000000000000000035_1,2,30.346585718788365,Phoenix,330.7464665878107,324.1461395615969,330.74645284645777,18,L8,2015,"{""type"":""MultiPoint"",""coordinates"":[]}"
00000000000000000035_2,3,2.273647957584013,Phoenix,321.4109752541548,314.5799009807957,321.4109625420666,18,L8,2015,"{""type"":""MultiPoint"",""coordinates"":[]}"
00000000000000000035_3,4,0.1074090841758787,Phoenix,316.4356939932828,312.4767602401442,316.4356939932828,18,L8,2015,"{""type"":""MultiPoint"",""coordinates"":[]}"
00000000000000000035_4,5,0.5668793743437578,Phoenix,330.02806997003984,324.50857654699263,330.0280686742517,18,L8,2015,"{""type"":""MultiPoint"",""coordinates"":[]}"
00000000000000000036_0,1,74.9930089125787,Montreal,311.38937930926863,305.02540766701213,311.38868489452875,14,L5,2010,"{""type"":""MultiPoint"",""coordinates"":[]}"
00000000000000000036_1,2,5.051274112504397,Montreal,301.7152131678851,296.5153656793122,301.713940541884,14,L5,2010,"{""type"":""MultiPoint"",""coordinates"":[]}"
00000000000000000036_2,3,1.9566391490381196,Montreal,303.4033646935556,298.0358808322563,303.40270776436626,14,L5,2010,"{""type"":""MultiPoint"",""coordinates"":[]}"
00000000000000000036_3,4,8.981771275459694,Montreal,298.518124822148,293.76424620471636,298.5104469615069,14,L5,2010,"{""type"":""MultiPoint"",""coordinates"":[]}"
00000000000000000036_4,5,9.017306550419086,Montreal,299.57835424188806,294.68812956631865,299.57736925525444,14,L5,2010,"{""type"":""MultiPoint"",""coordinates"":[]}"
00000000000000000039_0,1,92.6919594876815,Birmingham,305.2688344129541,302.87907844361473,305.2688344129541,6,L5,2010,"{""type"":""MultiPoint"",""coordinates"":[]}"
00000000000000000039_1,2,4.179340567728731,Birmingham,300.5544100123852,298.19865394320493,300.5544100123852,6,L5,2010,"{""type"":""MultiPoint"",""coordinates"":[]}"
00000000000000000039_2,3,2.6504157229193814,Birmingham,297.49862479471886,292.7839752953948,297.49862479471886,6,L5,2010,"{""type"":""MultiPoint"",""coordinates"":[]}"
00000000000000000039_3,4,0.4600469186061491,Birmingham,294.64807552297736,293.8537106679915,294.64807552297736,6,L5,2010,"{""type"":""MultiPoint"",""coordinates"":[]}"
00000000000000000039_4,5,0.0182373030642478,Birmingham,295.2241878611844,293.6992244526313,295.2241878611844,6,L5,2010,"{""type"":""MultiPoint"",""coordinates"":[]}"
0000000000000000003a_0,1,95.62733090256565,Manchester,305.2704099128235,301.12051915009755,305.2704099128235,8,L5,2010,"{""type"":""MultiPoint"",""coordinates"":[]}"
0000000000000000003a_1,2,4.058506174066596,Manchester,302.2329746752364,297.77577805032945,302.2329746752364,8,L5,2010,"{""type"":""MultiPoint"",""coordinates"":[]}"
0000000000000000003a_2,3,0.0157742817093492,Manchester,303.733839764797,296.1587025900143,303.733839764797,8,L5,2010,"{""type"":""MultiPoint"",""coordinates"":[]}"
0000000000000000003a_3,4,0.2974607427343285,Manchester,295.6745189032171,293.0044127185961,295.6745189032171,8,L5,2010,"{""type"":""MultiPoint"",""coordinates"":[]}"
0000000000000000003a_4,5,0.0009278989240793648,Manchester,295.5257275457718,293.4845891057258,295.5257275457718,8,L5,2010,"{""type"":""MultiPoint"",""coordinates"":[]}"
0000000000000000003b_0,1,87.79656846458185,Milan,310.31662580328384,306.48581778608366,310.31662580328384,8,L5,2010,"{""type"":""MultiPoint"",""coordinates"":[]}"
0000000000000000003b_1,2,1.2252420331100786,Milan,306.683838944071,302.79375973895026,306.683838944071,8,L5,2010,"{""type"":""MultiPoint"",""coordinates"":[]}"
0000000000000000003b_2,3,10.473798534080858,Milan,308.66652971637524,303.05587751916573,308.66652971637524,8,L5,2010,"{""type"":""MultiPoint"",""coordinates"":[]}"
0000000000000000003b_3,4,0.5043909682272143,Milan,304.4147904641948,300.60827840949474,304.4147904641948,8,L5,2010,"{""type"":""MultiPoint"",""coordinates"":[]}"
0000000000000000003c_0,1,96.7791398948731,Naples,312.6189939181643,309.17428732585586,312.6189939181643,9,L5,2010,"{""type"":""MultiPoint"",""coordinates"":[]}"
0000000000000000003c_1,2,2.857744036735398,Naples,307.1391527165987,303.81838001638965,307.1391527165987,9,L5,2010,"{""type"":""MultiPoint"",""coordinates"":[]}"
0000000000000000003c_2,3,0.155246317499792,Naples,313.70207616097923,308.9876344380171,313.70207616097923,9,L5,2010,"{""type"":""MultiPoint"",""coordinates"":[]}"
0000000000000000003c_3,4,0.0949126884367216,Naples,304.8751875722492,301.580510341832,304.8751875722492,9,L5,2010,"{""type"":""MultiPoint"",""coordinates"":[]}"
0000000000000000003c_4,5,0.1129570624549887,Naples,305.5772064346213,301.90132346002105,305.5772064346213,9,L5,2010,"{""type"":""MultiPoint"",""coordinates"":[]}"
0000000000000000003d_0,1,87.15848168414377,Zurich,304.7586803392975,301.41677089432727,304.7586803392975,7,L5,2010,"{""type"":""MultiPoint"",""coordinates"":[]}"
0000000000000000003d_1,2,7.868893336450197,Zurich,298.7044982200823,295.81199196577325,298.7044982200823,7,L5,2010,"{""type"":""MultiPoint"",""coordinates"":[]}"
0000000000000000003d_2,3,0.6870747500927137,Zurich,302.3816474588298,299.1778118891047,302.3816474588298,7,L5,2010,"{""type"":""MultiPoint"",""coordinates"":[]}"
0000000000000000003d_3,4,4.2855502293133405,Zurich,295.8192502095098,294.0168632328042,295.8192502095098,7,L5,2010,"{""type"":""MultiPoint"",""coordinates"":[]}"
0000000000000000003e_0,1,86.73121713570855,Geneva,299.7619025912614,296.90686105483815,299.7619025912614,5,L5,2010,"{""type"":""MultiPoint"",""coordinates"":[]}"
0000000000000000003e_1,2,0.4468446265428116,Geneva,293.2374609530502,292.6240225643425,293.2374609530502,5,L5,2010,"{""type"":""MultiPoint"",""coordinates"":[]}"
0000000000000000003e_2,3,0.0443632805327769,Geneva,295.12604802732807,292.1465284515242,295.12604802732807,5,L5,2010,"{""type"":""MultiPoint"",""coordinates"":[]}"
0000000000000000003e_3,4,12.67861071602736,Geneva,288.88075674007433,288.2944534682652,288.88075674007433,5,L5,2010,"{""type"":""MultiPoint"",""coordinates"":[]}"
0000000000000000003e_4,5,0.0989642411885023,Geneva,290.87142793862836,290.8260083953835,290.87142793862836,5,L5,2010,"{""type"":""MultiPoint"",""coordinates"":[]}"
00000000000000000044_0,1,4.936529118615519,La Paz,307.3876132700979,301.1395435749062,307.3876132700979,12,L5,2010,"{""type"":""MultiPoint"",""coordinates"":[]}"
00000000000000000044_1,2,92.4614540125725,La Paz,295.95392542314545,290.6145574223984,295.95392542314545,12,L5,2010,"{""type"":""MultiPoint"",""coordinates"":[]}"
00000000000000000044_2,3,0.005525451339956,La Paz,306.11638958935794,298.85014136098977,306.11638958935794,12,L5,2010,"{""type"":""MultiPoint"",""coordinates"":[]}"
00000000000000000044_3,4,0.911665268256032,La Paz,285.55396266546654,283.35079587052815,285.55396266546654,12,L5,2010,"{""type"":""MultiPoint"",""coordinates"":[]}"
00000000000000000044_4,5,1.6848261492159913,La Paz,300.03103917846204,296.1584529846437,300.03103917846204,12,L5,2010,"{""type"":""MultiPoint"",""coordinates"":[]}"
00000000000000000045_0,1,80.51131656147305,Asuncion,311.17697037738037,310.2857096772735,311.17697037738037,9,L5,2010,"{""type"":""MultiPoint"",""coordinates"":[]}"
00000000000000000045_1,2,10.875481540752949,Asuncion,307.5594008802484,306.92315160712144,307.5594008802484,9,L5,2010,"{""type"":""MultiPoint"",""coordinates"":[]}"
00000000000000000045_2,4,8.559236288591912,Asuncion,304.93430363997317,304.4622716606959,304.93430363997317,9,L5,2010,"{""type"":""MultiPoint"",""coordinates"":[]}"
00000000000000000045_3,5,0.0539656091821037,Asuncion,305.37200858939786,305.03502470890595,305.37200858939786,9,L5,2010,"{""type"":""MultiPoint"",""coordinates"":[]}"
00000000000000000046_0,1,52.03979981108059,Montevideo,307.1373057847722,303.88918724186277,307.1373057847722,11,L5,2010,"{""type"":""MultiPoint"",""coordinates"":[]}"
00000000000000000046_1,2,44.266043402693136,Montevideo,305.8644282327528,301.8330515715629,305.8644282327528,11,L5,2010,"{""type"":""MultiPoint"",""coordinates"":[]}"
00000000000000000046_2,3,2.7665216696523194,Montevideo,307.3515381410117,302.5385962453333,307.3515381410117,11,L5,2010,"{""type"":""MultiPoint"",""coordinates"":[]}"
00000000000000000046_3,4,0.7298421828419241,Montevideo,302.90686452516735,299.23745909925174,302.90686452516735,11,L5,2010,"{""type"":""MultiPoint"",""coordinates"":[]}"
00000000000000000046_4,5,0.197792933732043,Montevideo,303.17219352769206,299.5678409495139,303.17219352769206,11,L5,2010,"{""type"":""MultiPoint"",""coordinates"":[]}"
0000000000000000004a_0,1,26.13065921490981,Fianarantsoa,305.82119590306235,304.69869408985085,305.82119590306235,9,L5,2010,"{""type"":""MultiPoint"",""coordinates"":[]}"
0000000000000000004a_1,2,67.99898702822014,Fianarantsoa,304.3449991172736,303.4573205033901,304.3449991172736,9,L5,2010,"{""type"":""MultiPoint"",""coordinates"":[]}"
0000000000000000004a_2,3,5.802966021006835,Fianarantsoa,303.4763736574389,302.8442989782266,303.4763736574389,9,L5,2010,"{""type"":""MultiPoint"",""coordinates"":[]}"
0000000000000000004a_3,4,0.0664233250064965,Fianarantsoa,303.27323423731286,302.666486531445,303.27323423731286,9,L5,2010,"{""type"":""MultiPoint"",""coordinates"":[]}"
0000000000000000004a_4,5,0.0009644108567247404,Fianarantsoa,304.5879611166027,304.4879970007404,304.5879611166027,9,L5,2010,"{""type"":""MultiPoint"",""coordinates"":[]}"
00000000000000000007_0,1,87.44207638159503,London,298.8584171216455,298.23169070235446,298.8584171216455,4,L5,2010,"{""type"":""MultiPoint"",""coordinates"":[]}"
00000000000000000007_1,2,8.43447320431316,London,297.1509042687864,296.60492102422785,297.1509042687864,4,L5,2010,"{""type"":""MultiPoint"",""coordinates"":[]}"
00000000000000000007_2,3,2.4481324854139883,London,296.21174492564967,295.9507841356997,296.21174492564967,4,L5,2010,"{""type"":""MultiPoint"",""coordinates"":[]}"
00000000000000000007_3,4,1.6622932188785082,London,290.9340149888556,290.7416981929602,290.9340149888556,4,L5,2010,"{""type"":""MultiPoint"",""coordinates"":[]}"
00000000000000000007_4,5,0.0130247097993212,London,295.3393844084727,295.06269009521026,295.3393844084727,4,L5,2010,"{""type"":""MultiPoint"",""coordinates"":[]}"
00000000000000000013_0,1,88.50548736790049,Tehran,320.4490726320227,317.90266338206095,320.4490726320227,6,L5,2010,"{""type"":""MultiPoint"",""coordinates"":[]}"
00000000000000000013_1,2,7.942062750916551,Tehran,323.2623325253275,320.4180285199931,323.2623325253275,6,L5,2010,"{""type"":""MultiPoint"",""coordinates"":[]}"
00000000000000000013_2,3,0.6780042245517997,Tehran,319.58677443566734,316.3173040712797,319.58677443566734,6,L5,2010,"{""type"":""MultiPoint"",""coordinates"":[]}"
00000000000000000013_3,4,0.0454196107153896,Tehran,310.4541602117372,307.9623121509924,310.4541602117372,6,L5,2010,"{""type"":""MultiPoint"",""coordinates"":[]}"
00000000000000000013_4,5,2.8290260459157617,Tehran,326.54546498851084,323.3771302389776,326.54546498851084,6,L5,2010,"{""type"":""MultiPoint"",""coordinates"":[]}"
00000000000000000015_0,1,12.6654117557617,Cairo,319.2483933033758,317.8310291402576,319.2483933033758,10,L5,2010,"{""type"":""MultiPoint"",""coordinates"":[]}"
00000000000000000015_1,2,1.82479060368682,Cairo,318.57000420064685,317.0834422907786,318.57000420064685,10,L5,2010,"{""type"":""MultiPoint"",""coordinates"":[]}"
00000000000000000015_2,3,0.1652626817903373,Cairo,314.55877596469116,313.28783939805044,314.55877596469116,10,L5,2010,"{""type"":""MultiPoint"",""coordinates"":[]}"
00000000000000000015_3,4,0.2799761109512551,Cairo,307.12390194587346,305.64293344450374,307.12390194587346,10,L5,2010,"{""type"":""MultiPoint"",""coordinates"":[]}"
00000000000000000015_4,5,85.06455884780989,Cairo,322.48672340348065,320.02995451930684,322.48672340348065,10,L5,2010,"{""type"":""MultiPoint"",""coordinates"":[]}"
00000000000000000026_0,1,52.254304912393856,Belgrade,311.7452270560696,308.0604525135592,311.7452270560696,8,L5,2010,"{""type"":""MultiPoint"",""coordinates"":[]}"
00000000000000000026_1,2,21.335949897776647,Belgrade,306.468521992006,302.7891223686522,306.468521992006,8,L5,2010,"{""type"":""MultiPoint"",""coordinates"":[]}"
00000000000000000026_2,3,19.712528239325913,Belgrade,311.7299525483849,306.08598113161946,311.7299525483849,8,L5,2010,"{""type"":""MultiPoint"",""coordinates"":[]}"
00000000000000000026_3,4,6.696067436457263,Belgrade,302.9248069771686,299.21039645857127,302.9248069771686,8,L5,2010,"{""type"":""MultiPoint"",""coordinates"":[]}"
00000000000000000026_4,5,0.0011495140463178,Belgrade,307.7811650234934,303.2955035501622,307.7811650234934,8,L5,2010,"{""type"":""MultiPoint"",""coordinates"":[]}"
0000000000000000002f_0,1,83.28245611675837,Washington,305.99909282165083,304.67752497535,305.99909282165083,4,L5,2010,"{""type"":""MultiPoint"",""coordinates"":[]}"
0000000000000000002f_1,2,6.556199036803013,Washington,300.01793005260083,299.52338982643147,300.01793005260083,4,L5,2010,"{""type"":""MultiPoint"",""coordinates"":[]}"
0000000000000000002f_2,3,0.7291834280161191,Washington,303.0617316082265,301.6352274835692,303.0617316082265,4,L5,2010,"{""type"":""MultiPoint"",""coordinates"":[]}"
0000000000000000002f_3,4,4.956414694990969,Washington,299.756393760981,299.35942901133353,299.756393760981,4,L5,2010,"{""type"":""MultiPoint"",""coordinates"":[]}"
0000000000000000002f_4,5,4.47574672343151,Washington,299.2448103172482,298.7213766119905,299.2448103172482,4,L5,2010,"{""type"":""MultiPoint"",""coordinates"":[]}"
00000000000000000038_0,1,58.98555061375762,Monterrey,316.13020027659167,314.65152617062284,316.13020027659167,5,L5,2010,"{""type"":""MultiPoint"",""coordinates"":[]}"
00000000000000000038_1,2,40.981602373224845,Monterrey,306.8278549580738,305.995745399931,306.8278549580738,5,L5,2010,"{""type"":""MultiPoint"",""coordinates"":[]}"
00000000000000000038_2,3,0.0009986572856978638,Monterrey,315.278756766368,313.21974250091694,315.278756766368,5,L5,2010,"{""type"":""MultiPoint"",""coordinates"":[]}"
00000000000000000038_3,4,0.0273543979461888,Monterrey,308.1928138105265,306.8455281340118,308.1928138105265,5,L5,2010,"{""type"":""MultiPoint"",""coordinates"":[]}"
00000000000000000038_4,5,0.0044939577856403,Monterrey,316.27320930084306,315.56066926302384,316.27320930084306,5,L5,2010,"{""type"":""MultiPoint"",""coordinates"":[]}"
00000000000000000041_0,1,39.11180144707206,Oslo,298.2539066360344,294.33823301263413,298.25322010771765,10,L5,2010,"{""type"":""MultiPoint"",""coordinates"":[]}"
00000000000000000041_1,2,49.505715605027646,Oslo,291.0914822540371,288.8791744263937,291.0914822540371,10,L5,2010,"{""type"":""MultiPoint"",""coordinates"":[]}"
00000000000000000041_2,3,0.4638088044250976,Oslo,291.30167151661806,290.0173128383884,291.30167151661806,10,L5,2010,"{""type"":""MultiPoint"",""coordinates"":[]}"
00000000000000000041_3,4,6.127540281652964,Oslo,290.58363525365354,288.9103892664912,290.58363525365354,10,L5,2010,"{""type"":""MultiPoint"",""coordinates"":[]}"
00000000000000000041_4,5,4.79113386182223,Oslo,292.64933451789204,290.42137271974303,292.64933451789204,10,L5,2010,"{""type"":""MultiPoint"",""coordinates"":[]}"
00000000000000000060_0,1,99.74468239050547,Athens,315.84339224550513,312.30218940080533,315.76468258114187,16,L8,2015,"{""type"":""MultiPoint"",""coordinates"":[]}"
00000000000000000060_1,2,0.2444218172785614,Athens,313.38354126397314,309.5500696790425,313.12571651910054,16,L8,2015,"{""type"":""MultiPoint"",""coordinates"":[]}"
00000000000000000060_2,3,0.0108957922159605,Athens,316.96365438202116,314.39371186479065,316.96365438202116,16,L8,2015,"{""type"":""MultiPoint"",""coordinates"":[]}"
00000000000000000061_0,1,17.609888231183803,Brasília,308.7613090196813,305.2351811506927,308.7613090196813,16,L8,2015,"{""type"":""MultiPoint"",""coordinates"":[]}"
00000000000000000061_1,2,65.13618262761489,Brasília,305.9511556740785,302.5046468425248,305.9511556740785,16,L8,2015,"{""type"":""MultiPoint"",""coordinates"":[]}"
00000000000000000061_2,3,16.14804448944025,Brasília,312.0930512975892,305.27167585629104,312.0930512975892,16,L8,2015,"{""type"":""MultiPoint"",""coordinates"":[]}"
00000000000000000061_3,4,1.1056233257004422,Brasília,299.61646340543933,298.03054601227774,299.61646340543933,16,L8,2015,"{""type"":""MultiPoint"",""coordinates"":[]}"
00000000000000000061_4,5,0.00026132606061949395,Brasília,306.5733143930687,303.3919386100106,306.5733143930687,16,L8,2015,"{""type"":""MultiPoint"",""coordinates"":[]}"
00000000000000000062_0,1,39.452246844586874,Dhaka,305.8366331425867,303.865928097557,305.8366331425867,16,L8,2015,"{""type"":""MultiPoint"",""coordinates"":[]}"
00000000000000000062_1,2,20.02883206275658,Dhaka,305.5931426321106,303.09655014333737,305.5931426321106,16,L8,2015,"{""type"":""MultiPoint"",""coordinates"":[]}"
00000000000000000062_2,3,33.98357597167227,Dhaka,306.2100587356678,303.8901439639577,306.2100587356678,16,L8,2015,"{""type"":""MultiPoint"",""coordinates"":[]}"
00000000000000000062_3,4,6.497648280996797,Dhaka,303.05835213449984,302.17394025895044,303.05835213449984,16,L8,2015,"{""type"":""MultiPoint"",""coordinates"":[]}"
00000000000000000062_4,5,0.0376968399874723,Dhaka,310.4731835900103,310.4731835900103,310.4731835900103,16,L8,2015,"{""type"":""MultiPoint"",""coordinates"":[]}"
00000000000000000063_0,1,15.015664839977704,Riyadh,326.75313203753814,322.770745299544,326.3963349290133,16,L8,2015,"{""type"":""MultiPoint"",""coordinates"":[]}"
00000000000000000063_1,2,0.3885740423629157,Riyadh,325.6262982428231,321.5757616185831,325.43534049490063,16,L8,2015,"{""type"":""MultiPoint"",""coordinates"":[]}"
00000000000000000063_2,3,0.3653593936532696,Riyadh,326.1995901646239,320.88108278549225,325.84733237121213,16,L8,2015,"{""type"":""MultiPoint"",""coordinates"":[]}"
00000000000000000063_3,4,0.0180836121185428,Riyadh,321.21984894804575,314.4969899286224,320.5817532806075,16,L8,2015,"{""type"":""MultiPoint"",""coordinates"":[]}"
00000000000000000063_4,5,84.21231811188757,Riyadh,329.45552101690583,324.34972225356967,329.3545045930073,16,L8,2015,"{""type"":""MultiPoint"",""coordinates"":[]}"
00000000000000000021_0,1,56.0318201835648,Warsaw,314.5146555641389,305.2768750762384,314.4053173462352,17,L8,2015,"{""type"":""MultiPoint"",""coordinates"":[]}"
00000000000000000021_1,2,38.08836223195173,Warsaw,309.73815867500815,301.3276522946304,309.6768418029711,17,L8,2015,"{""type"":""MultiPoint"",""coordinates"":[]}"
00000000000000000021_2,3,3.645046317078475,Warsaw,313.0725260741044,304.21204718882154,313.0475151860745,17,L8,2015,"{""type"":""MultiPoint"",""coordinates"":[]}"
00000000000000000021_3,4,2.2333828155515043,Warsaw,304.2010795880753,298.517295286633,304.19073055404687,17,L8,2015,"{""type"":""MultiPoint"",""coordinates"":[]}"
00000000000000000021_4,5,0.0013884518534822,Warsaw,315.37704089036043,306.24597747496665,315.37704089036043,17,L8,2015,"{""type"":""MultiPoint"",""coordinates"":[]}"
00000000000000000047_0,1,54.65453257228591,Nairobi,310.9327524427741,305.55631406163917,310.9327524427741,10,L8,2015,"{""type"":""MultiPoint"",""coordinates"":[]}"
00000000000000000047_1,2,43.282812710830946,Nairobi,313.1677096726306,307.0113008205879,313.1677096726306,10,L8,2015,"{""type"":""MultiPoint"",""coordinates"":[]}"
00000000000000000047_2,3,1.517455332247982,Nairobi,311.74862657738794,305.0011095869058,311.74862657738794,10,L8,2015,"{""type"":""MultiPoint"",""coordinates"":[]}"
00000000000000000047_3,4,0.5157670037875107,Nairobi,304.84468640174504,300.61752363401456,304.84468640174504,10,L8,2015,"{""type"":""MultiPoint"",""coordinates"":[]}"
00000000000000000047_4,5,0.0294323808476595,Nairobi,302.791985118098,299.7640567295579,302.791985118098,10,L8,2015,"{""type"":""MultiPoint"",""coordinates"":[]}"
00000000000000000018_0,1,29.737206412920987,Hà Nội,313.8377349465606,307.88141106121253,313.8377349465606,17,L8,2015,"{""type"":""MultiPoint"",""coordinates"":[]}"
00000000000000000018_1,2,29.79703381365704,Hà Nội,310.5666455585369,305.77553638684816,310.5666455585369,17,L8,2015,"{""type"":""MultiPoint"",""coordinates"":[]}"
00000000000000000018_2,3,32.0525934538823,Hà Nội,310.7937440487627,304.57306638377685,310.7937440487627,17,L8,2015,"{""type"":""MultiPoint"",""coordinates"":[]}"
00000000000000000018_3,4,8.379936781136253,Hà Nội,308.9456663692476,304.2919365030275,308.9456663692476,17,L8,2015,"{""type"":""MultiPoint"",""coordinates"":[]}"
00000000000000000018_4,5,0.0332295384034318,Hà Nội,311.81377089408613,307.51398666211287,311.81377089408613,17,L8,2015,"{""type"":""MultiPoint"",""coordinates"":[]}"
0000000000000000001c_0,1,62.38841400046993,Tashkent,319.864138618675,316.57371715480787,319.86187977292593,22,L8,2015,"{""type"":""MultiPoint"",""coordinates"":[]}"
0000000000000000001c_1,2,4.89693727166404,Tashkent,320.61867368246055,317.05711472294644,320.601784662231,22,L8,2015,"{""type"":""MultiPoint"",""coordinates"":[]}"
0000000000000000001c_2,3,31.693837727943457,Tashkent,320.09710186992675,314.2212708969858,320.08957888735085,22,L8,2015,"{""type"":""MultiPoint"",""coordinates"":[]}"
0000000000000000001c_3,4,0.9485848479147132,Tashkent,311.8738864117193,307.9863895202954,311.82713622195524,22,L8,2015,"{""type"":""MultiPoint"",""coordinates"":[]}"
0000000000000000001c_4,5,0.0722261520078534,Tashkent,323.0710987457798,319.45777509713946,323.0710987457798,22,L8,2015,"{""type"":""MultiPoint"",""coordinates"":[]}"
00000000000000000040_0,1,65.3735192859169,Vienna,312.8355858241756,305.97810531038533,312.34578828571244,24,L8,2015,"{""type"":""MultiPoint"",""coordinates"":[]}"
00000000000000000040_1,2,23.55430859974021,Vienna,306.31707943858544,299.30715985540894,305.7467907625303,24,L8,2015,"{""type"":""MultiPoint"",""coordinates"":[]}"
00000000000000000040_2,3,8.213251098288058,Vienna,317.2856304653905,306.58248111600983,315.8336496841191,24,L8,2015,"{""type"":""MultiPoint"",""coordinates"":[]}"
00000000000000000040_3,4,2.858776316500802,Vienna,302.7315957733833,297.9195953576241,302.4472751622317,24,L8,2015,"{""type"":""MultiPoint"",""coordinates"":[]}"
00000000000000000040_4,5,0.00014469955404562113,Vienna,305.4092791973062,300.54974488274104,304.87778609054027,24,L8,2015,"{""type"":""MultiPoint"",""coordinates"":[]}"
00000000000000000008_0,1,75.77494052641643,Berlin,305.7767600839907,302.15455217719403,305.7756050438254,27,L8,2015,"{""type"":""MultiPoint"",""coordinates"":[]}"
00000000000000000008_1,2,17.63602112506693,Berlin,300.1682754732479,296.7427826852711,300.16476796177767,27,L8,2015,"{""type"":""MultiPoint"",""coordinates"":[]}"
00000000000000000008_2,3,1.725156086053865,Berlin,308.0676389747805,301.2395568300582,308.0676380459989,27,L8,2015,"{""type"":""MultiPoint"",""coordinates"":[]}"
00000000000000000008_3,4,4.863171150236901,Berlin,296.02245518594714,293.7422557693875,296.02232084543937,27,L8,2015,"{""type"":""MultiPoint"",""coordinates"":[]}"
00000000000000000008_4,5,0.0007111122258739967,Berlin,297.78365234038836,294.12492041749886,297.78365234038836,27,L8,2015,"{""type"":""MultiPoint"",""coordinates"":[]}"
0000000000000000000f_0,1,82.175233110176,Seoul,308.3631746535213,305.93278401726,308.3631746535213,10,L8,2015,"{""type"":""MultiPoint"",""coordinates"":[]}"
0000000000000000000f_1,2,13.317193365641833,Seoul,300.2596292153235,298.75393105841255,300.2596292153235,10,L8,2015,"{""type"":""MultiPoint"",""coordinates"":[]}"
0000000000000000000f_2,3,0.3269834771197705,Seoul,303.924916344521,302.5196597306502,303.924916344521,10,L8,2015,"{""type"":""MultiPoint"",""coordinates"":[]}"
0000000000000000000f_3,4,4.180120196887492,Seoul,299.38709318179747,298.04993609113257,299.38709318179747,10,L8,2015,"{""type"":""MultiPoint"",""coordinates"":[]}"
0000000000000000000f_4,5,0.00046985017491324346,Seoul,303.19027418588837,301.4024418028595,303.19027418588837,10,L8,2015,"{""type"":""MultiPoint"",""coordinates"":[]}"
00000000000000000010_0,1,58.41778432576626,Delhi,310.2959900879157,307.4975527957423,310.2959900879157,17,L8,2015,"{""type"":""MultiPoint"",""coordinates"":[]}"
00000000000000000010_1,2,6.700536060039293,Delhi,309.8473301587277,306.4181213785898,309.8473301587277,17,L8,2015,"{""type"":""MultiPoint"",""coordinates"":[]}"
00000000000000000010_2,3,33.982012080608435,Delhi,310.05699433611153,306.981202923149,310.05699433611153,17,L8,2015,"{""type"":""MultiPoint"",""coordinates"":[]}"
00000000000000000010_3,4,0.8705830283921946,Delhi,306.1831763176054,303.9671169276892,306.1831763176054,17,L8,2015,"{""type"":""MultiPoint"",""coordinates"":[]}"
00000000000000000010_4,5,0.0290845051938235,Delhi,313.39250452847733,311.20462281382686,313.39250452847733,17,L8,2015,"{""type"":""MultiPoint"",""coordinates"":[]}"
00000000000000000019_0,1,76.2654603953258,Bangkok,303.332209931049,297.5276713839188,303.332209931049,9,L8,2015,"{""type"":""MultiPoint"",""coordinates"":[]}"
00000000000000000019_1,2,7.577384839871155,Bangkok,302.1865631386711,296.01240086561074,302.1865631386711,9,L8,2015,"{""type"":""MultiPoint"",""coordinates"":[]}"
00000000000000000019_2,3,10.815832387208594,Bangkok,302.4104491467758,296.1074737597876,302.4104491467758,9,L8,2015,"{""type"":""MultiPoint"",""coordinates"":[]}"
00000000000000000019_3,4,5.005822182445218,Bangkok,300.24587484452917,296.01664228012595,300.24587484452917,9,L8,2015,"{""type"":""MultiPoint"",""coordinates"":[]}"
00000000000000000019_4,5,0.3355001951492343,Bangkok,300.93876258348826,294.30722657279495,300.93876258348826,9,L8,2015,"{""type"":""MultiPoint"",""coordinates"":[]}"
0000000000000000001f_0,1,75.90915755207723,Doha,325.60608958667984,321.8579816236392,325.3193982201566,24,L8,2015,"{""type"":""MultiPoint"",""coordinates"":[]}"
0000000000000000001f_1,2,0.2042895104749391,Doha,320.0007948255969,317.3851780487813,319.8187322918776,24,L8,2015,"{""type"":""MultiPoint"",""coordinates"":[]}"
0000000000000000001f_2,3,0.0046203973632328,Doha,319.1627692696502,316.71646060653995,319.04406349125884,24,L8,2015,"{""type"":""MultiPoint"",""coordinates"":[]}"
0000000000000000001f_3,4,0.5717741737000641,Doha,316.2337350969963,312.96159472393003,315.6403836501679,24,L8,2015,"{""type"":""MultiPoint"",""coordinates"":[]}"
0000000000000000001f_4,5,23.310158366384524,Doha,324.37067918475464,321.2196237313167,324.10535154832826,24,L8,2015,"{""type"":""MultiPoint"",""coordinates"":[]}"
00000000000000000020_0,1,45.401914469897314,Kyiv,308.48406495119946,305.0502181153472,308.48406495119946,13,L8,2015,"{""type"":""MultiPoint"",""coordinates"":[]}"
00000000000000000020_1,2,48.35700126090921,Kyiv,302.0330543699491,299.98014920814114,302.0330543699491,13,L8,2015,"{""type"":""MultiPoint"",""coordinates"":[]}"
00000000000000000020_2,3,0.3893471386296178,Kyiv,308.7548435359494,305.6775548884783,308.7548435359494,13,L8,2015,"{""type"":""MultiPoint"",""coordinates"":[]}"
00000000000000000020_3,4,5.850131056467761,Kyiv,298.84667480139655,296.8679738099431,298.84667480139655,13,L8,2015,"{""type"":""MultiPoint"",""coordinates"":[]}"
00000000000000000020_4,5,0.0016060740961038,Kyiv,308.3916626511203,305.92856348480103,308.3916626511203,13,L8,2015,"{""type"":""MultiPoint"",""coordinates"":[]}"
00000000000000000024_0,1,82.44192862784426,Bucharest,316.4821032202182,310.78770501312187,316.4821032202182,10,L8,2015,"{""type"":""MultiPoint"",""coordinates"":[]}"
00000000000000000024_1,2,10.78016171179517,Bucharest,310.53364023042406,305.8376785476997,310.53364023042406,10,L8,2015,"{""type"":""MultiPoint"",""coordinates"":[]}"
00000000000000000024_2,3,4.0848975331352335,Bucharest,314.15667474166656,309.09998631654685,314.15667474166656,10,L8,2015,"{""type"":""MultiPoint"",""coordinates"":[]}"
00000000000000000024_3,4,2.6916683582346907,Bucharest,306.8585816533776,302.2113903656084,306.8585816533776,10,L8,2015,"{""type"":""MultiPoint"",""coordinates"":[]}"
00000000000000000024_4,5,0.0013437689906176,Bucharest,308.62063353097784,303.56101475724853,308.62063353097784,10,L8,2015,"{""type"":""MultiPoint"",""coordinates"":[]}"
00000000000000000027_0,1,45.86458106363095,Tbilisi,315.82941129442764,310.81186208106004,315.82941129442764,10,L8,2015,"{""type"":""MultiPoint"",""coordinates"":[]}"
00000000000000000027_1,2,48.03873538474659,Tbilisi,315.9156076204558,309.079947750828,315.9156076204558,10,L8,2015,"{""type"":""MultiPoint"",""coordinates"":[]}"
00000000000000000027_2,3,3.425597509543996,Tbilisi,321.0342612395648,313.2254040245674,321.0342612395648,10,L8,2015,"{""type"":""MultiPoint"",""coordinates"":[]}"
00000000000000000027_3,4,2.6536625515047225,Tbilisi,304.35195692701444,301.5935511558289,304.35195692701444,10,L8,2015,"{""type"":""MultiPoint"",""coordinates"":[]}"
00000000000000000027_4,5,0.0174234905737507,Tbilisi,318.81937063642977,312.38534553831613,318.81937063642977,10,L8,2015,"{""type"":""MultiPoint"",""coordinates"":[]}"
0000000000000000002a_0,1,5.309534882129461,Ulaanbaatar,310.40105444474796,305.93080788117857,310.37520483395303,30,L8,2015,"{""type"":""MultiPoint"",""coordinates"":[]}"
0000000000000000002a_1,2,94.17080918344702,Ulaanbaatar,311.7350042615435,304.56917195712265,311.5773335310245,30,L8,2015,"{""type"":""MultiPoint"",""coordinates"":[]}"
0000000000000000002a_2,3,0.1857617077069478,Ulaanbaatar,321.1023565941661,306.60043114536325,320.76718932747235,30,L8,2015,"{""type"":""MultiPoint"",""coordinates"":[]}"
0000000000000000002a_3,4,0.1536228591881329,Ulaanbaatar,306.3502692943361,301.15706290585706,306.3304820643741,30,L8,2015,"{""type"":""MultiPoint"",""coordinates"":[]}"
0000000000000000002a_4,5,0.1802713675284303,Ulaanbaatar,318.11125449167895,312.064653920117,318.1084431600444,30,L8,2015,"{""type"":""MultiPoint"",""coordinates"":[]}"
00000000000000000048_0,1,55.742878710630514,Dar es-Salaam,309.753732747683,304.48408302788766,309.7484146581166,25,L8,2015,"{""type"":""MultiPoint"",""coordinates"":[]}"
00000000000000000048_1,2,41.95644908549937,Dar es-Salaam,310.016455457606,304.09878143941944,310.0094149409741,25,L8,2015,"{""type"":""MultiPoint"",""coordinates"":[]}"
00000000000000000048_2,3,1.934136360053372,Dar es-Salaam,312.5266096055873,305.8217879661931,312.5086775589674,25,L8,2015,"{""type"":""MultiPoint"",""coordinates"":[]}"
00000000000000000048_3,4,0.3193279929498133,Dar es-Salaam,305.56472347780044,301.1740288964158,305.5601508895006,25,L8,2015,"{""type"":""MultiPoint"",""coordinates"":[]}"
00000000000000000048_4,5,0.047207850866929,Dar es-Salaam,304.92741926134516,301.260356181138,304.91870998528225,25,L8,2015,"{""type"":""MultiPoint"",""coordinates"":[]}"
0000000000000000004b_0,1,47.24333391095016,Maputo,308.8338659958855,305.98527886996203,308.83367266677726,14,L8,2015,"{""type"":""MultiPoint"",""coordinates"":[]}"
0000000000000000004b_1,2,42.98732650786401,Maputo,305.7780967877087,302.67602546315186,305.7728018806216,14,L8,2015,"{""type"":""MultiPoint"",""coordinates"":[]}"
0000000000000000004b_2,3,2.486473034049765,Maputo,310.70627691716703,305.9834618332245,310.70401637378086,14,L8,2015,"{""type"":""MultiPoint"",""coordinates"":[]}"
0000000000000000004b_3,4,4.179274534440392,Maputo,302.9943879980504,299.97435204456417,302.9936377375371,14,L8,2015,"{""type"":""MultiPoint"",""coordinates"":[]}"
0000000000000000004b_4,5,3.103592012695682,Maputo,302.8562770219267,299.4023694403681,302.8562770219267,14,L8,2015,"{""type"":""MultiPoint"",""coordinates"":[]}"
0000000000000000001e_0,1,97.1075029869296,Beirut,315.49593753173315,313.47207538111456,315.4680881665107,14,L5,2010,"{""type"":""MultiPoint"",""coordinates"":[]}"
0000000000000000001e_1,2,1.142307779446813,Beirut,316.38036747455715,313.41314903562863,316.0790273211371,14,L5,2010,"{""type"":""MultiPoint"",""coordinates"":[]}"
0000000000000000001e_2,3,0.0278425237773788,Beirut,315.12749696773847,312.88928296367675,315.12749696773847,14,L5,2010,"{""type"":""MultiPoint"",""coordinates"":[]}"
0000000000000000001e_3,4,0.9115969843817092,Beirut,308.95837288630753,306.07793423361676,308.95579952867956,14,L5,2010,"{""type"":""MultiPoint"",""coordinates"":[]}"
0000000000000000001e_4,5,0.8107497254645268,Beirut,313.114216798769,310.6732931567366,313.0503380815013,14,L5,2010,"{""type"":""MultiPoint"",""coordinates"":[]}"
00000000000000000043_0,1,99.89055018917648,Santiago,314.54689633371174,309.77842901019744,314.54689633371174,7,L5,2010,"{""type"":""MultiPoint"",""coordinates"":[]}"
00000000000000000043_1,2,0.0611631295778456,Santiago,308.72221280987634,304.79626077642894,308.72221280987634,7,L5,2010,"{""type"":""MultiPoint"",""coordinates"":[]}"
00000000000000000043_2,4,0.0482866812456676,Santiago,303.7392724597698,300.5180464019092,303.7392724597698,7,L5,2010,"{""type"":""MultiPoint"",""coordinates"":[]}"
0000000000000000000a_0,1,29.357086981580355,Istanbul,309.31959028301463,307.35577086826805,309.31558179458546,26,L5,2010,"{""type"":""MultiPoint"",""coordinates"":[]}"
0000000000000000000a_1,2,44.85063990908324,Istanbul,304.4026792938255,302.010449685451,304.4012176055651,26,L5,2010,"{""type"":""MultiPoint"",""coordinates"":[]}"
0000000000000000000a_2,3,15.609929695235897,Istanbul,310.81804718381875,308.2684961228055,310.80149831972807,26,L5,2010,"{""type"":""MultiPoint"",""coordinates"":[]}"
0000000000000000000a_3,4,2.66800421691035,Istanbul,302.07400397024776,300.65353388461716,302.0736996101885,26,L5,2010,"{""type"":""MultiPoint"",""coordinates"":[]}"
0000000000000000000a_4,5,7.514339197190139,Istanbul,299.9046165517661,297.8502791998491,299.90357758088487,26,L5,2010,"{""type"":""MultiPoint"",""coordinates"":[]}"
0000000000000000000e_0,1,54.81440407349923,Tokyo,317.58009937244924,315.2197664094515,317.58009937244924,13,L5,2010,"{""type"":""MultiPoint"",""coordinates"":[]}"
0000000000000000000e_1,2,28.518431046389964,Tokyo,306.11664090496834,303.3218307629581,306.11664090496834,13,L5,2010,"{""type"":""MultiPoint"",""coordinates"":[]}"
0000000000000000000e_2,3,0.0140865356623724,Tokyo,316.9650951780581,314.4938647137254,316.9650951780581,13,L5,2010,"{""type"":""MultiPoint"",""coordinates"":[]}"
0000000000000000000e_3,4,1.366077172209338,Tokyo,310.806063035922,308.5297211812346,310.806063035922,13,L5,2010,"{""type"":""MultiPoint"",""coordinates"":[]}"
0000000000000000000e_4,5,15.2870011722391,Tokyo,304.8700098471213,302.42586005535725,304.8700098471213,13,L5,2010,"{""type"":""MultiPoint"",""coordinates"":[]}"
00000000000000000016_0,1,52.70739187044581,Algiers,314.18456764189284,311.25963676507337,314.17894949593335,14,L5,2010,"{""type"":""MultiPoint"",""coordinates"":[]}"
00000000000000000016_1,2,9.105824906642644,Algiers,312.6802304426035,309.2570627733662,312.67859531451614,14,L5,2010,"{""type"":""MultiPoint"",""coordinates"":[]}"
00000000000000000016_2,3,37.46656921098272,Algiers,315.34172733961793,312.0383257705802,315.3377851401577,14,L5,2010,"{""type"":""MultiPoint"",""coordinates"":[]}"
00000000000000000016_3,4,0.3972208352534182,Algiers,304.90092478376704,302.73958736750023,304.90092478376704,14,L5,2010,"{""type"":""MultiPoint"",""coordinates"":[]}"
00000000000000000016_4,5,0.3229931766754122,Algiers,306.8037324315679,304.6523418826251,306.8018067753627,14,L5,2010,"{""type"":""MultiPoint"",""coordinates"":[]}"
0000000000000000000b_0,1,51.79533333884691,Moscow,313.3963365130359,305.65496640706044,313.38294443709333,22,L5,2010,"{""type"":""MultiPoint"",""coordinates"":[]}"
0000000000000000000b_1,2,40.480711978397814,Moscow,308.146105959433,300.5662583956763,308.1410829836185,22,L5,2010,"{""type"":""MultiPoint"",""coordinates"":[]}"
0000000000000000000b_2,3,6.366136928539041,Moscow,314.2315386825719,304.2665334705318,314.22331667215616,22,L5,2010,"{""type"":""MultiPoint"",""coordinates"":[]}"
0000000000000000000b_3,4,1.354609428370822,Moscow,306.0991046486469,300.1332984812859,306.09728328559254,22,L5,2010,"{""type"":""MultiPoint"",""coordinates"":[]}"
0000000000000000000b_4,5,0.0032083258453991,Moscow,308.78347862332623,301.9260483864954,308.76636024068586,22,L5,2010,"{""type"":""MultiPoint"",""coordinates"":[]}"
0000000000000000000c_0,1,23.711220794405932,Beijing,308.5202079423443,305.7313649979112,308.50691634917865,33,L5,2010,"{""type"":""MultiPoint"",""coordinates"":[]}"
0000000000000000000c_1,2,60.22207189470124,Beijing,303.7492515336854,300.6441033239904,303.7438116626879,33,L5,2010,"{""type"":""MultiPoint"",""coordinates"":[]}"
0000000000000000000c_2,3,14.735596107356647,Beijing,307.488339256809,303.96113259134114,307.4864383785843,33,L5,2010,"{""type"":""MultiPoint"",""coordinates"":[]}"
0000000000000000000c_3,4,1.2986830535456135,Beijing,302.5362493738936,300.53798660766523,302.5360536557823,33,L5,2010,"{""type"":""MultiPoint"",""coordinates"":[]}"
0000000000000000000c_4,5,0.0324281499905618,Beijing,304.6637750974504,302.447279036908,304.66355831958083,33,L5,2010,"{""type"":""MultiPoint"",""coordinates"":[]}"
0000000000000000000d_0,1,48.83343188875412,Shanghai,314.31745608072015,311.82868415926924,314.31745608072015,22,L5,2010,"{""type"":""MultiPoint"",""coordinates"":[]}"
0000000000000000000d_1,2,15.064663988881186,Shanghai,312.78500381343633,310.1324271028383,312.78500381343633,22,L5,2010,"{""type"":""MultiPoint"",""coordinates"":[]}"
0000000000000000000d_2,3,19.356546343191766,Shanghai,311.007344348517,308.83057605133683,311.007344348517,22,L5,2010,"{""type"":""MultiPoint"",""coordinates"":[]}"
0000000000000000000d_3,4,6.655618227786654,Shanghai,310.18740639156,307.9983181091274,310.18740639156,22,L5,2010,"{""type"":""MultiPoint"",""coordinates"":[]}"
0000000000000000000d_4,5,10.089739551386266,Shanghai,307.8330217017428,305.6507620378226,307.8330217017428,22,L5,2010,"{""type"":""MultiPoint"",""coordinates"":[]}"
0000000000000000001d_0,1,5.9853503308806495,Amman,322.2666206169035,316.9271811315666,322.2666206169035,8,L5,2010,"{""type"":""MultiPoint"",""coordinates"":[]}"
0000000000000000001d_1,2,5.117027158858777,Amman,322.01618392748253,317.8571042224569,322.01618392748253,8,L5,2010,"{""type"":""MultiPoint"",""coordinates"":[]}"
0000000000000000001d_2,3,6.476341899077967,Amman,326.40756689499244,321.0439117088831,326.40756689499244,8,L5,2010,"{""type"":""MultiPoint"",""coordinates"":[]}"
0000000000000000001d_3,4,0.0069535999380588,Amman,314.70363946832276,311.772150453293,314.70363946832276,8,L5,2010,"{""type"":""MultiPoint"",""coordinates"":[]}"
0000000000000000001d_4,5,82.41432701124455,Amman,327.0307924758462,323.0718915297691,327.0307924758462,8,L5,2010,"{""type"":""MultiPoint"",""coordinates"":[]}"
00000000000000000029_0,1,21.135915387743132,Astana,314.25883922958377,307.3651567713089,314.25883922958377,17,L5,2010,"{""type"":""MultiPoint"",""coordinates"":[]}"
00000000000000000029_1,2,66.41463308525195,Astana,315.147823438683,308.0087254419014,315.147823438683,17,L5,2010,"{""type"":""MultiPoint"",""coordinates"":[]}"
00000000000000000029_2,3,6.834702838007485,Astana,316.36862928031934,309.01164023930306,316.36862928031934,17,L5,2010,"{""type"":""MultiPoint"",""coordinates"":[]}"
00000000000000000029_3,4,5.438558516922722,Astana,298.33881967230946,294.6169697479525,298.33881967230946,17,L5,2010,"{""type"":""MultiPoint"",""coordinates"":[]}"
00000000000000000029_4,5,0.1761901720747029,Astana,306.3164606018514,300.5221665182666,306.3164606018514,17,L5,2010,"{""type"":""MultiPoint"",""coordinates"":[]}"
00000000000000000049_0,1,53.478322892003845,Harare,311.18873555049623,302.231025559916,311.1871509001875,17,L5,2010,"{""type"":""MultiPoint"",""coordinates"":[]}"
00000000000000000049_1,2,38.49357117633033,Harare,312.4388544522363,302.42944122027023,312.4373515268477,17,L5,2010,"{""type"":""MultiPoint"",""coordinates"":[]}"
00000000000000000049_2,3,7.523702148351785,Harare,314.9684229013064,303.9310278030989,314.9662197545157,17,L5,2010,"{""type"":""MultiPoint"",""coordinates"":[]}"
00000000000000000049_3,4,0.4992450535594738,Harare,304.45817577917484,299.31342469235335,304.4528911636653,17,L5,2010,"{""type"":""MultiPoint"",""coordinates"":[]}"
00000000000000000049_4,5,0.0051587297545668,Harare,310.43456171238415,302.57114878889695,310.4340586778642,17,L5,2010,"{""type"":""MultiPoint"",""coordinates"":[]}"
0000000000000000004d_0,1,3.7388222932853687,Kinshasa,304.24124289013565,304.24124289013565,304.24124289013565,3,L5,2010,"{""type"":""MultiPoint"",""coordinates"":[]}"
0000000000000000004d_1,2,87.0761184865483,Kinshasa,301.11877172087736,301.10981547634293,301.11877172087736,3,L5,2010,"{""type"":""MultiPoint"",""coordinates"":[]}"
0000000000000000004d_2,3,6.250591747115726,Kinshasa,300.9466610717317,300.9466610717317,300.9466610717317,3,L5,2010,"{""type"":""MultiPoint"",""coordinates"":[]}"
0000000000000000004f_0,1,12.696957018516072,Blantyre,315.6500609880511,309.3540621590663,315.6500609880511,15,L5,2010,"{""type"":""MultiPoint"",""coordinates"":[]}"
0000000000000000004f_1,2,66.66780392285384,Blantyre,316.483052442703,308.1713119844415,316.48297901230245,15,L5,2010,"{""type"":""MultiPoint"",""coordinates"":[]}"
0000000000000000004f_2,3,20.488993978324523,Blantyre,316.88788128194966,309.56294035261834,316.88788128194966,15,L5,2010,"{""type"":""MultiPoint"",""coordinates"":[]}"
0000000000000000004f_3,4,0.1462450803055513,Blantyre,308.9504667008446,303.005813295057,308.9482982663735,15,L5,2010,"{""type"":""MultiPoint"",""coordinates"":[]}"
00000000000000000056_0,1,27.274959075235135,National Capital District,310.8877215610753,301.3189392627748,310.8876812297135,21,L5,2010,"{""type"":""MultiPoint"",""coordinates"":[]}"
00000000000000000056_1,2,56.80491361272075,National Capital District,309.2743142767884,301.6064144201335,309.2742473940997,21,L5,2010,"{""type"":""MultiPoint"",""coordinates"":[]}"
00000000000000000056_2,3,0.1721629947549065,National Capital District,310.0667201913668,301.5980584628732,310.0667201913668,21,L5,2010,"{""type"":""MultiPoint"",""coordinates"":[]}"
00000000000000000056_3,4,1.5523923139047802,National Capital District,305.7172013484942,301.1870844124664,305.71714211585487,21,L5,2010,"{""type"":""MultiPoint"",""coordinates"":[]}"
00000000000000000056_4,5,14.195572003384424,National Capital District,303.470228502641,298.9248901491522,303.4701458699319,21,L5,2010,"{""type"":""MultiPoint"",""coordinates"":[]}"
00000000000000000057_0,1,22.732049509416967,Dili,314.98560398080457,310.2104837571109,314.98560398080457,12,L5,2010,"{""type"":""MultiPoint"",""coordinates"":[]}"
00000000000000000057_1,2,66.05841179350463,Dili,313.08032549965515,307.4253202613951,313.08032549965515,12,L5,2010,"{""type"":""MultiPoint"",""coordinates"":[]}"
00000000000000000057_2,3,10.383088198856605,Dili,318.27522931056643,310.55928030764164,318.27522931056643,12,L5,2010,"{""type"":""MultiPoint"",""coordinates"":[]}"
00000000000000000057_3,4,0.7008025508658206,Dili,312.6273221419137,308.34458856928285,312.6273221419137,12,L5,2010,"{""type"":""MultiPoint"",""coordinates"":[]}"
00000000000000000057_4,5,0.1256479473559761,Dili,311.77960701461734,307.6029903621256,311.77960701461734,12,L5,2010,"{""type"":""MultiPoint"",""coordinates"":[]}"
0000000000000000005d_0,1,29.670431017485736,Phnom Penh,308.1424003285628,307.85222494321215,308.1424003285628,2,L5,2010,"{""type"":""MultiPoint"",""coordinates"":[]}"
0000000000000000005d_1,2,13.953856272103396,Phnom Penh,306.1769225285898,305.20142413090565,306.1769225285898,2,L5,2010,"{""type"":""MultiPoint"",""coordinates"":[]}"
0000000000000000005d_2,3,44.1688818485156,Phnom Penh,306.37225553563866,306.0602778322462,306.37225553563866,2,L5,2010,"{""type"":""MultiPoint"",""coordinates"":[]}"
0000000000000000005d_3,4,12.162559632119022,Phnom Penh,303.19727572619274,302.67957733283856,303.19727572619274,2,L5,2010,"{""type"":""MultiPoint"",""coordinates"":[]}"
0000000000000000005d_4,5,0.044271229776248,Phnom Penh,305.0364187489579,304.9150340217775,305.0364187489579,2,L5,2010,"{""type"":""MultiPoint"",""coordinates"":[]}"
00000000000000000006_0,1,96.7434988812449,Paris,309.49590792489437,305.38663382850615,309.49590792489437,9,L5,2010,"{""type"":""MultiPoint"",""coordinates"":[]}"
00000000000000000006_1,2,2.630512358600496,Paris,300.7777773458342,297.86181859488465,300.7777773458342,9,L5,2010,"{""type"":""MultiPoint"",""coordinates"":[]}"
00000000000000000006_2,3,0.0710752587223478,Paris,306.80756163818313,301.75612597673046,306.80756163818313,9,L5,2010,"{""type"":""MultiPoint"",""coordinates"":[]}"
00000000000000000006_3,4,0.5529225978265881,Paris,302.78816572431396,299.414623761025,302.78816572431396,9,L5,2010,"{""type"":""MultiPoint"",""coordinates"":[]}"
00000000000000000006_4,5,0.001990903605668,Paris,301.4911908333355,300.19501676123974,301.4911908333355,9,L5,2010,"{""type"":""MultiPoint"",""coordinates"":[]}"
00000000000000000022_0,1,63.217646173358965,Prague,311.147769726285,303.85860252746784,311.147769726285,11,L5,2010,"{""type"":""MultiPoint"",""coordinates"":[]}"
00000000000000000022_1,2,16.20109516683939,Prague,305.8660389074906,299.09053503587916,305.8660389074906,11,L5,2010,"{""type"":""MultiPoint"",""coordinates"":[]}"
00000000000000000022_2,3,19.337308780871687,Prague,306.0921797546801,299.97595122203256,306.0921797546801,11,L5,2010,"{""type"":""MultiPoint"",""coordinates"":[]}"
00000000000000000022_3,4,1.21742275531838,Prague,303.09962158329756,297.4994044073231,303.09962158329756,11,L5,2010,"{""type"":""MultiPoint"",""coordinates"":[]}"
00000000000000000022_4,5,0.0265271236115903,Prague,306.50592780214697,300.8204853518331,306.50592780214697,11,L5,2010,"{""type"":""MultiPoint"",""coordinates"":[]}"
00000000000000000060_0,1,99.74468239050547,Athens,315.86466259340295,313.80547435822433,315.86466259340295,7,L5,2010,"{""type"":""MultiPoint"",""coordinates"":[]}"
00000000000000000060_1,2,0.2444218172785614,Athens,313.76172011261195,311.316774225326,313.76172011261195,7,L5,2010,"{""type"":""MultiPoint"",""coordinates"":[]}"
00000000000000000060_2,3,0.0108957922159605,Athens,317.23774189574596,315.3833815096803,317.23774189574596,7,L5,2010,"{""type"":""MultiPoint"",""coordinates"":[]}"
00000000000000000061_0,1,15.4027375830071,Brasília,301.55892955737414,301.18317943849854,301.55892955737414,10,L5,2010,"{""type"":""MultiPoint"",""coordinates"":[]}"
00000000000000000061_1,2,67.98776422037568,Brasília,300.61717858421457,300.2119535016456,300.61717858421457,10,L5,2010,"{""type"":""MultiPoint"",""coordinates"":[]}"
00000000000000000061_2,3,15.530011169183664,Brasília,308.7515493075528,307.322542449711,308.7515493075528,10,L5,2010,"{""type"":""MultiPoint"",""coordinates"":[]}"
00000000000000000061_3,4,1.0792628578480263,Brasília,297.58668185325166,296.063636415904,297.58668185325166,10,L5,2010,"{""type"":""MultiPoint"",""coordinates"":[]}"
00000000000000000061_4,5,0.00022416958552804752,Brasília,298.39947530302334,297.6063606461429,298.39947530302334,10,L5,2010,"{""type"":""MultiPoint"",""coordinates"":[]}"
00000000000000000062_0,1,36.42876406107525,Dhaka,304.2785695099173,303.69577704596907,304.2785695099173,9,L5,2010,"{""type"":""MultiPoint"",""coordinates"":[]}"
00000000000000000062_1,2,20.35505847061548,Dhaka,303.41028532560443,302.67169087638587,303.41028532560443,9,L5,2010,"{""type"":""MultiPoint"",""coordinates"":[]}"
00000000000000000062_2,3,37.10271528733576,Dhaka,303.4274599778511,302.59040958300847,303.4274599778511,9,L5,2010,"{""type"":""MultiPoint"",""coordinates"":[]}"
00000000000000000062_3,4,5.931328546235688,Dhaka,302.5482674887218,302.069738013753,302.5482674887218,9,L5,2010,"{""type"":""MultiPoint"",""coordinates"":[]}"
00000000000000000062_4,5,0.1821336347378216,Dhaka,303.60495297869505,303.06927540604624,303.60495297869505,9,L5,2010,"{""type"":""MultiPoint"",""coordinates"":[]}"
00000000000000000021_0,1,54.90984428196239,Warsaw,313.4034234836778,306.72581199736555,313.35125258064005,11,L5,2010,"{""type"":""MultiPoint"",""coordinates"":[]}"
00000000000000000021_1,2,38.98031333592967,Warsaw,308.63925521234086,302.3506641218838,308.6006130888501,11,L5,2010,"{""type"":""MultiPoint"",""coordinates"":[]}"
00000000000000000021_2,3,3.787679902732811,Warsaw,310.05275225367666,303.5099667724518,310.03493801348384,11,L5,2010,"{""type"":""MultiPoint"",""coordinates"":[]}"
00000000000000000021_3,4,2.3218420674089137,Warsaw,304.3108390143081,298.26608335257555,304.3108390143081,11,L5,2010,"{""type"":""MultiPoint"",""coordinates"":[]}"
00000000000000000021_4,5,0.0003204119661882193,Warsaw,311.2542570729405,305.0215238460331,311.2542570729405,11,L5,2010,"{""type"":""MultiPoint"",""coordinates"":[]}"
00000000000000000047_0,1,50.76828644860154,Nairobi,306.088612112477,304.4869707024772,306.088612112477,5,L5,2010,"{""type"":""MultiPoint"",""coordinates"":[]}"
00000000000000000047_1,2,47.50719326732688,Nairobi,308.5896865672043,306.3448166356487,308.5896865672043,5,L5,2010,"{""type"":""MultiPoint"",""coordinates"":[]}"
00000000000000000047_2,3,1.205829951079245,Nairobi,305.3460390790001,303.4185499178975,305.3460390790001,5,L5,2010,"{""type"":""MultiPoint"",""coordinates"":[]}"
00000000000000000047_3,4,0.4569980063247639,Nairobi,299.35052492388013,298.4541980592334,299.35052492388013,5,L5,2010,"{""type"":""MultiPoint"",""coordinates"":[]}"
00000000000000000047_4,5,0.0616923266675832,Nairobi,309.3307306898781,306.3924939412045,309.3307306898781,5,L5,2010,"{""type"":""MultiPoint"",""coordinates"":[]}"
00000000000000000018_0,1,26.827550350749117,Hà Nội,304.16456114963745,297.442743378414,304.16456114963745,13,L5,2010,"{""type"":""MultiPoint"",""coordinates"":[]}"
00000000000000000018_1,2,29.189956734527755,Hà Nội,300.92333971330737,294.45024976399196,300.92333971330737,13,L5,2010,"{""type"":""MultiPoint"",""coordinates"":[]}"
00000000000000000018_2,3,35.69344157928395,Hà Nội,303.1717323714409,296.3791955617184,303.1717323714409,13,L5,2010,"{""type"":""MultiPoint"",""coordinates"":[]}"
00000000000000000018_3,4,8.212932455677894,Hà Nội,301.00166700797683,295.19885211689467,301.00166700797683,13,L5,2010,"{""type"":""MultiPoint"",""coordinates"":[]}"
00000000000000000018_4,5,0.076118879761291,Hà Nội,301.61372909831726,296.79299711849734,301.61372909831726,13,L5,2010,"{""type"":""MultiPoint"",""coordinates"":[]}"
0000000000000000001c_0,1,60.91315391936178,Tashkent,314.9742244626872,313.50830805354013,314.972782884912,15,L5,2010,"{""type"":""MultiPoint"",""coordinates"":[]}"
0000000000000000001c_1,2,5.812179538626473,Tashkent,315.04544089279784,311.7687952368836,315.03936062105583,15,L5,2010,"{""type"":""MultiPoint"",""coordinates"":[]}"
0000000000000000001c_2,3,32.51764865956381,Tashkent,315.85575100054916,311.76683185485484,315.8318285041617,15,L5,2010,"{""type"":""MultiPoint"",""coordinates"":[]}"
0000000000000000001c_3,4,0.7181301458607953,Tashkent,308.7858790968755,303.3494714190986,308.7799405771812,15,L5,2010,"{""type"":""MultiPoint"",""coordinates"":[]}"
0000000000000000001c_4,5,0.0388877365871455,Tashkent,317.22441345875365,315.6515380497605,317.22441345875365,15,L5,2010,"{""type"":""MultiPoint"",""coordinates"":[]}"
00000000000000000040_0,1,64.81344008498482,Vienna,311.0563392625302,304.6332130500419,311.0550253592829,16,L5,2010,"{""type"":""MultiPoint"",""coordinates"":[]}"
00000000000000000040_1,2,23.754084208750974,Vienna,304.2722980954022,298.3463800397144,304.2691042449119,16,L5,2010,"{""type"":""MultiPoint"",""coordinates"":[]}"
00000000000000000040_2,3,8.551611428425254,Vienna,309.82631080289644,302.87355383606155,309.82486725602774,16,L5,2010,"{""type"":""MultiPoint"",""coordinates"":[]}"
00000000000000000040_3,4,2.87825968586612,Vienna,300.96069878801535,296.5947521308303,300.9605481330428,16,L5,2010,"{""type"":""MultiPoint"",""coordinates"":[]}"
00000000000000000040_4,5,0.0026045919728211,Vienna,303.7887584375446,298.87024277059106,303.7887584375446,16,L5,2010,"{""type"":""MultiPoint"",""coordinates"":[]}"
00000000000000000008_0,1,74.84855549930559,Berlin,315.65939221357075,308.72105292049577,315.65939221357075,21,L5,2010,"{""type"":""MultiPoint"",""coordinates"":[]}"
00000000000000000008_1,2,18.417454717217662,Berlin,309.43772639866177,302.4205629657416,309.43772639866177,21,L5,2010,"{""type"":""MultiPoint"",""coordinates"":[]}"
00000000000000000008_2,3,1.81303810787858,Berlin,314.63186997981967,308.2357439698463,314.63186997981967,21,L5,2010,"{""type"":""MultiPoint"",""coordinates"":[]}"
00000000000000000008_3,4,4.919473412411217,Berlin,303.107413052049,297.87565996002826,303.107413052049,21,L5,2010,"{""type"":""MultiPoint"",""coordinates"":[]}"
00000000000000000008_4,5,0.0014782631869391,Berlin,307.8994572976321,303.02219265533,307.8994572976321,21,L5,2010,"{""type"":""MultiPoint"",""coordinates"":[]}"
0000000000000000000f_0,1,81.42719109562059,Seoul,308.6894751975907,307.70290998827005,308.6894751975907,6,L5,2010,"{""type"":""MultiPoint"",""coordinates"":[]}"
0000000000000000000f_1,2,13.828052708713898,Seoul,302.14702370067204,300.9877090720852,302.14702370067204,6,L5,2010,"{""type"":""MultiPoint"",""coordinates"":[]}"
0000000000000000000f_2,3,0.4674143242025168,Seoul,304.5132721268623,304.1133617529185,304.5132721268623,6,L5,2010,"{""type"":""MultiPoint"",""coordinates"":[]}"
0000000000000000000f_3,4,4.27557993330707,Seoul,300.96765300132796,298.0265664762737,300.96765300132796,6,L5,2010,"{""type"":""MultiPoint"",""coordinates"":[]}"
0000000000000000000f_4,5,0.0017619381559246,Seoul,304.0665353367219,302.6104573656318,304.0665353367219,6,L5,2010,"{""type"":""MultiPoint"",""coordinates"":[]}"
00000000000000000010_0,1,53.07888607494032,Delhi,319.1056328503573,311.77631882277024,319.1056328503573,9,L5,2010,"{""type"":""MultiPoint"",""coordinates"":[]}"
00000000000000000010_1,2,9.83668798614723,Delhi,320.35350968324104,312.1284735273406,320.35350968324104,9,L5,2010,"{""type"":""MultiPoint"",""coordinates"":[]}"
00000000000000000010_2,3,36.23839751917506,Delhi,322.66254925564135,312.77069361014355,322.66254925564135,9,L5,2010,"{""type"":""MultiPoint"",""coordinates"":[]}"
00000000000000000010_3,4,0.842992125239137,Delhi,312.6495597785342,307.6891807631818,312.6495597785342,9,L5,2010,"{""type"":""MultiPoint"",""coordinates"":[]}"
00000000000000000010_4,5,0.0030362944982563,Delhi,316.3596061398569,309.0843018896549,316.3596061398569,9,L5,2010,"{""type"":""MultiPoint"",""coordinates"":[]}"
00000000000000000019_0,1,73.94508631133918,Bangkok,251.51637899355316,251.51637899355316,251.51637899355316,4,L5,2010,"{""type"":""MultiPoint"",""coordinates"":[]}"
00000000000000000019_1,2,9.10794047414626,Bangkok,252.27502941068352,252.27502941068352,252.27502941068352,4,L5,2010,"{""type"":""MultiPoint"",""coordinates"":[]}"
00000000000000000019_2,3,11.262817170336648,Bangkok,252.58198357321567,252.58198357321567,252.58198357321567,4,L5,2010,"{""type"":""MultiPoint"",""coordinates"":[]}"
00000000000000000019_3,4,5.344275489705914,Bangkok,256.24248798325607,256.24248798325607,256.24248798325607,4,L5,2010,"{""type"":""MultiPoint"",""coordinates"":[]}"
00000000000000000019_4,5,0.3398805544719952,Bangkok,266.38120023452046,266.38120023452046,266.38120023452046,4,L5,2010,"{""type"":""MultiPoint"",""coordinates"":[]}"
00000000000000000020_0,1,44.57303373168005,Kyiv,315.01872390037903,307.59153737570404,315.0184976155633,14,L5,2010,"{""type"":""MultiPoint"",""coordinates"":[]}"
00000000000000000020_1,2,49.034733859337344,Kyiv,307.46545152678084,301.39475636941864,307.4654453359874,14,L5,2010,"{""type"":""MultiPoint"",""coordinates"":[]}"
00000000000000000020_2,3,0.4141236726564347,Kyiv,314.3951306184396,306.3227856528696,314.3951306184396,14,L5,2010,"{""type"":""MultiPoint"",""coordinates"":[]}"
00000000000000000020_3,4,5.975594881219221,Kyiv,304.1932945828945,298.7977463007184,304.1932031743348,14,L5,2010,"{""type"":""MultiPoint"",""coordinates"":[]}"
00000000000000000020_4,5,0.0025138551069451,Kyiv,305.1379923994624,300.8654331975186,305.1379923994624,14,L5,2010,"{""type"":""MultiPoint"",""coordinates"":[]}"
00000000000000000024_0,1,80.66676552590691,Bucharest,311.3923280118872,306.55890848145737,311.3923280118872,7,L5,2010,"{""type"":""MultiPoint"",""coordinates"":[]}"
00000000000000000024_1,2,11.585223726470598,Bucharest,307.118334297724,301.73620880902126,307.118334297724,7,L5,2010,"{""type"":""MultiPoint"",""coordinates"":[]}"
00000000000000000024_2,3,4.816850083229361,Bucharest,310.4372723793909,304.23502150486615,310.4372723793909,7,L5,2010,"{""type"":""MultiPoint"",""coordinates"":[]}"
00000000000000000024_3,4,2.93008564920062,Bucharest,304.3877592968588,300.13594918449166,304.3877592968588,7,L5,2010,"{""type"":""MultiPoint"",""coordinates"":[]}"
00000000000000000024_4,5,0.0010750151924941,Bucharest,306.3062893164928,302.5475967724807,306.3062893164928,7,L5,2010,"{""type"":""MultiPoint"",""coordinates"":[]}"
00000000000000000027_0,1,43.962503375622006,Tbilisi,311.93626534983673,308.31613161045357,311.93626534983673,7,L5,2010,"{""type"":""MultiPoint"",""coordinates"":[]}"
00000000000000000027_1,2,50.222833170142955,Tbilisi,310.68781522826265,306.639417194916,310.68781522826265,7,L5,2010,"{""type"":""MultiPoint"",""coordinates"":[]}"
00000000000000000027_2,3,2.9620638112848976,Tbilisi,313.98045841290525,309.6487077376252,313.98045841290525,7,L5,2010,"{""type"":""MultiPoint"",""coordinates"":[]}"
00000000000000000027_3,4,2.836639193569608,Tbilisi,301.62050714082307,299.8472869779173,301.62050714082307,7,L5,2010,"{""type"":""MultiPoint"",""coordinates"":[]}"
00000000000000000027_4,5,0.015960449380535,Tbilisi,314.7193741896443,312.6769414308896,314.7193741896443,7,L5,2010,"{""type"":""MultiPoint"",""coordinates"":[]}"
0000000000000000002a_0,1,3.1078371434065053,Ulaanbaatar,310.8552357913295,307.14071751093627,310.8547090409305,19,L5,2010,"{""type"":""MultiPoint"",""coordinates"":[]}"
0000000000000000002a_1,2,96.51074611229326,Ulaanbaatar,311.20321372887776,305.74968297813405,311.20122303227765,19,L5,2010,"{""type"":""MultiPoint"",""coordinates"":[]}"
0000000000000000002a_2,3,0.100667333049404,Ulaanbaatar,314.2858943498767,308.6342133449736,314.2858943498767,19,L5,2010,"{""type"":""MultiPoint"",""coordinates"":[]}"
0000000000000000002a_3,4,0.1090258538885402,Ulaanbaatar,304.2445606684607,299.54799184837515,304.2445606684607,19,L5,2010,"{""type"":""MultiPoint"",""coordinates"":[]}"
0000000000000000002a_4,5,0.1717235573622969,Ulaanbaatar,316.39379100026065,309.45045326870945,316.39379100026065,19,L5,2010,"{""type"":""MultiPoint"",""coordinates"":[]}"
00000000000000000048_0,1,49.93107345737053,Dar es-Salaam,312.1468600544091,308.7134866677715,312.1468600544091,14,L5,2010,"{""type"":""MultiPoint"",""coordinates"":[]}"
00000000000000000048_1,2,48.25472716599213,Dar es-Salaam,310.63159138131005,306.9200676444951,310.63159138131005,14,L5,2010,"{""type"":""MultiPoint"",""coordinates"":[]}"
00000000000000000048_2,3,1.491174521722578,Dar es-Salaam,313.27111571144616,307.6090213346493,313.27111571144616,14,L5,2010,"{""type"":""MultiPoint"",""coordinates"":[]}"
00000000000000000048_3,4,0.2735682108707424,Dar es-Salaam,304.5129063924102,302.36821999167637,304.5129063924102,14,L5,2010,"{""type"":""MultiPoint"",""coordinates"":[]}"
00000000000000000048_4,5,0.0494566440440186,Dar es-Salaam,304.79337461935495,301.98121901572125,304.79337461935495,14,L5,2010,"{""type"":""MultiPoint"",""coordinates"":[]}"
0000000000000000004b_0,1,43.42038799398244,Maputo,312.37431092295,310.95856038372483,312.37431092295,5,L5,2010,"{""type"":""MultiPoint"",""coordinates"":[]}"
0000000000000000004b_1,2,48.12130446871489,Maputo,309.94023348776807,308.30039234987885,309.94023348776807,5,L5,2010,"{""type"":""MultiPoint"",""coordinates"":[]}"
0000000000000000004b_2,3,0.8349859946731972,Maputo,311.32744458499053,309.7927848980363,311.32744458499053,5,L5,2010,"{""type"":""MultiPoint"",""coordinates"":[]}"
0000000000000000004b_3,4,4.518099602133095,Maputo,305.7095582099766,305.0856091530163,305.7095582099766,5,L5,2010,"{""type"":""MultiPoint"",""coordinates"":[]}"
0000000000000000004b_4,5,3.105221940496386,Maputo,304.762343502438,303.1146657023981,304.762343502438,5,L5,2010,"{""type"":""MultiPoint"",""coordinates"":[]}"
00000000000000000036_0,1,75.17194476547549,Montreal,308.0389689501809,303.902273933121,308.0310434707734,15,L8,2015,"{""type"":""MultiPoint"",""coordinates"":[]}"
00000000000000000036_1,2,4.817848401512845,Montreal,300.6596699632049,294.94623086798606,300.4059203066496,15,L8,2015,"{""type"":""MultiPoint"",""coordinates"":[]}"
00000000000000000036_2,3,2.013130115417392,Montreal,302.1145576861678,296.98408147546695,301.8889294516322,15,L8,2015,"{""type"":""MultiPoint"",""coordinates"":[]}"
00000000000000000036_3,4,8.981634082309533,Montreal,297.4534881704393,294.10173915693053,297.43691135122435,15,L8,2015,"{""type"":""MultiPoint"",""coordinates"":[]}"
00000000000000000036_4,5,9.015442635284746,Montreal,298.28016526633115,294.7108606924051,298.25575500207754,15,L8,2015,"{""type"":""MultiPoint"",""coordinates"":[]}"
00000000000000000039_0,1,92.90293523104786,Birmingham,298.9489105714594,296.31396963666407,298.9487782434496,16,L8,2015,"{""type"":""MultiPoint"",""coordinates"":[]}"
00000000000000000039_1,2,4.008420997345109,Birmingham,296.0382951917858,293.63801100854835,296.03826522076906,16,L8,2015,"{""type"":""MultiPoint"",""coordinates"":[]}"
00000000000000000039_2,3,2.6030702537878825,Birmingham,297.4862825356487,293.09487015289335,297.4862825356487,16,L8,2015,"{""type"":""MultiPoint"",""coordinates"":[]}"
00000000000000000039_3,4,0.4800408528445958,Birmingham,291.65339486695444,290.26801604020386,291.65339486695444,16,L8,2015,"{""type"":""MultiPoint"",""coordinates"":[]}"
00000000000000000039_4,5,0.005532664974547,Birmingham,289.776373402508,289.24928401437205,289.776373402508,16,L8,2015,"{""type"":""MultiPoint"",""coordinates"":[]}"
0000000000000000003a_0,1,95.81244673791949,Manchester,298.22821967318555,296.56365452598294,298.22821967318555,13,L8,2015,"{""type"":""MultiPoint"",""coordinates"":[]}"
0000000000000000003a_1,2,3.887214213271891,Manchester,294.06473565655165,292.81663062291653,294.06473565655165,13,L8,2015,"{""type"":""MultiPoint"",""coordinates"":[]}"
0000000000000000003a_2,3,0.0097429387028333,Manchester,293.9856982779296,292.3955940779014,293.9856982779296,13,L8,2015,"{""type"":""MultiPoint"",""coordinates"":[]}"
0000000000000000003a_3,4,0.2901321606437566,Manchester,291.64745614959406,290.99947454001966,291.64745614959406,13,L8,2015,"{""type"":""MultiPoint"",""coordinates"":[]}"
0000000000000000003a_4,5,0.0004639494620396823,Manchester,291.31967875103436,290.2709993543461,291.31967875103436,13,L8,2015,"{""type"":""MultiPoint"",""coordinates"":[]}"
0000000000000000003b_0,1,88.29042278970522,Milan,315.0837246358422,306.992003543555,315.017912362188,20,L8,2015,"{""type"":""MultiPoint"",""coordinates"":[]}"
0000000000000000003b_1,2,1.175259265804152,Milan,311.2483574642501,304.20965007451935,311.15776530754385,20,L8,2015,"{""type"":""MultiPoint"",""coordinates"":[]}"
0000000000000000003b_2,3,10.036519006947014,Milan,311.5696294301834,303.65134330756376,310.9959463404051,20,L8,2015,"{""type"":""MultiPoint"",""coordinates"":[]}"
0000000000000000003b_3,4,0.4977989375435958,Milan,307.5496098166691,302.2194004565867,307.52143246563185,20,L8,2015,"{""type"":""MultiPoint"",""coordinates"":[]}"
0000000000000000003c_0,1,96.84024184763068,Naples,317.7873204871839,310.4001297650369,317.02761917227036,18,L8,2015,"{""type"":""MultiPoint"",""coordinates"":[]}"
0000000000000000003c_1,2,2.811500835192567,Naples,312.07124471469746,304.35459975888375,310.8849648234027,18,L8,2015,"{""type"":""MultiPoint"",""coordinates"":[]}"
0000000000000000003c_2,3,0.1785656155961082,Naples,319.4752220328633,310.8996967594237,318.3617410091962,18,L8,2015,"{""type"":""MultiPoint"",""coordinates"":[]}"
0000000000000000003c_3,4,0.0575928252405746,Naples,306.92759880739595,302.3391085340085,306.4010990094284,18,L8,2015,"{""type"":""MultiPoint"",""coordinates"":[]}"
0000000000000000003c_4,5,0.1120988763400761,Naples,307.2132575337204,303.5081908218156,306.9053379329555,18,L8,2015,"{""type"":""MultiPoint"",""coordinates"":[]}"
0000000000000000003d_0,1,87.18776275906835,Zurich,307.9639574224837,303.8410628898883,307.9639574224837,10,L8,2015,"{""type"":""MultiPoint"",""coordinates"":[]}"
0000000000000000003d_1,2,7.859889379887884,Zurich,303.3076877335696,298.8602513494793,303.3076877335696,10,L8,2015,"{""type"":""MultiPoint"",""coordinates"":[]}"
0000000000000000003d_2,3,0.6747164293660036,Zurich,308.6396908471474,301.55382309078703,308.6396908471474,10,L8,2015,"{""type"":""MultiPoint"",""coordinates"":[]}"
0000000000000000003d_3,4,4.277631431677757,Zurich,299.3646428074946,296.68900681360276,299.3646428074946,10,L8,2015,"{""type"":""MultiPoint"",""coordinates"":[]}"
0000000000000000003e_0,1,86.8159155376669,Geneva,314.85767256981615,306.96609322157957,314.85767256981615,9,L8,2015,"{""type"":""MultiPoint"",""coordinates"":[]}"
0000000000000000003e_1,2,0.3485093670089217,Geneva,309.201831287208,301.08035894228647,309.201831287208,9,L8,2015,"{""type"":""MultiPoint"",""coordinates"":[]}"
0000000000000000003e_2,4,12.835575095324176,Geneva,300.75787178898486,296.0217784230831,300.75787178898486,9,L8,2015,"{""type"":""MultiPoint"",""coordinates"":[]}"
00000000000000000044_0,1,5.187850208263442,La Paz,297.5476547025989,294.63175586235553,297.5469439651472,18,L8,2015,"{""type"":""MultiPoint"",""coordinates"":[]}"
00000000000000000044_1,2,91.97137782003064,La Paz,297.191527240312,293.8572606184367,297.191478187298,18,L8,2015,"{""type"":""MultiPoint"",""coordinates"":[]}"
00000000000000000044_2,3,0.0053192183937952,La Paz,295.2661848784995,291.68269547596026,295.2550691616847,18,L8,2015,"{""type"":""MultiPoint"",""coordinates"":[]}"
00000000000000000044_3,4,1.2119551687909311,La Paz,291.3309904893161,288.3137923776574,291.33098299874365,18,L8,2015,"{""type"":""MultiPoint"",""coordinates"":[]}"
00000000000000000044_4,5,1.6234975845211694,La Paz,300.0577858229614,296.0661882282392,300.05723477501954,18,L8,2015,"{""type"":""MultiPoint"",""coordinates"":[]}"
00000000000000000045_0,1,81.10624628787237,Asuncion,310.29152091683187,306.85280652540035,310.28432286288665,18,L8,2015,"{""type"":""MultiPoint"",""coordinates"":[]}"
00000000000000000045_1,2,8.746018745508286,Asuncion,305.96257335410445,303.04911273027557,305.9566429243785,18,L8,2015,"{""type"":""MultiPoint"",""coordinates"":[]}"
00000000000000000045_2,4,10.147734966619346,Asuncion,304.4941463413461,301.40932734198947,304.4908357247159,18,L8,2015,"{""type"":""MultiPoint"",""coordinates"":[]}"
00000000000000000046_0,1,53.62593982549436,Montevideo,306.5009394102711,303.1469367874295,306.49249850456084,14,L8,2015,"{""type"":""MultiPoint"",""coordinates"":[]}"
00000000000000000046_1,2,42.44702774233144,Montevideo,305.1850858230022,301.8056444788626,305.16469058749885,14,L8,2015,"{""type"":""MultiPoint"",""coordinates"":[]}"
00000000000000000046_2,3,3.004690873847207,Montevideo,307.75302889557213,302.817814096385,307.67354228457543,14,L8,2015,"{""type"":""MultiPoint"",""coordinates"":[]}"
00000000000000000046_3,4,0.735434161820753,Montevideo,301.629556950035,299.14051535461147,301.62527538141967,14,L8,2015,"{""type"":""MultiPoint"",""coordinates"":[]}"
00000000000000000046_4,5,0.1869073965062308,Montevideo,301.52604119872916,298.4191694872354,301.52574719146514,14,L8,2015,"{""type"":""MultiPoint"",""coordinates"":[]}"
0000000000000000004a_0,1,27.298167434054065,Fianarantsoa,312.9327348238521,306.9865608651059,312.9327348238521,9,L8,2015,"{""type"":""MultiPoint"",""coordinates"":[]}"
0000000000000000004a_1,2,65.85804787433824,Fianarantsoa,312.7211961645468,305.68240435121095,312.7211961645468,9,L8,2015,"{""type"":""MultiPoint"",""coordinates"":[]}"
0000000000000000004a_2,3,5.989710000898983,Fianarantsoa,312.10988284763386,305.36815615219433,312.10988284763386,9,L8,2015,"{""type"":""MultiPoint"",""coordinates"":[]}"
0000000000000000004a_3,4,0.854074690708711,Fianarantsoa,310.5686336638094,304.80155623828813,310.5686336638094,9,L8,2015,"{""type"":""MultiPoint"",""coordinates"":[]}"
00000000000000000007_0,1,87.7537445190812,London,299.4531836909534,296.19077624902593,299.4531836909534,8,L8,2015,"{""type"":""MultiPoint"",""coordinates"":[]}"
00000000000000000007_1,2,8.213564850883824,London,298.13783846175494,294.537227159022,298.13783846175494,8,L8,2015,"{""type"":""MultiPoint"",""coordinates"":[]}"
00000000000000000007_2,3,2.3829354199710817,London,298.82647246779624,295.7240878205096,298.82647246779624,8,L8,2015,"{""type"":""MultiPoint"",""coordinates"":[]}"
00000000000000000007_3,4,1.649050447138842,London,292.14861067886693,290.68998246453435,292.14861067886693,8,L8,2015,"{""type"":""MultiPoint"",""coordinates"":[]}"
00000000000000000007_4,5,0.0007047629250691044,London,293.8016520327667,292.7651502225606,293.8016520327667,8,L8,2015,"{""type"":""MultiPoint"",""coordinates"":[]}"
00000000000000000013_0,1,90.73350248835472,Tehran,322.51422530689234,316.99842870028135,322.2420856239544,18,L8,2015,"{""type"":""MultiPoint"",""coordinates"":[]}"
00000000000000000013_1,2,6.804342632363556,Tehran,326.53866625621777,320.3640697010658,326.2406586670078,18,L8,2015,"{""type"":""MultiPoint"",""coordinates"":[]}"
00000000000000000013_2,3,0.5790423641623698,Tehran,323.6637363176697,316.2426001240782,322.8391698026494,18,L8,2015,"{""type"":""MultiPoint"",""coordinates"":[]}"
00000000000000000013_3,4,0.228484911919403,Tehran,309.29308415693,305.8614215565985,309.0776889751965,18,L8,2015,"{""type"":""MultiPoint"",""coordinates"":[]}"
00000000000000000013_4,5,1.6546276031999605,Tehran,328.39768400592766,321.970228240688,328.0171143228513,18,L8,2015,"{""type"":""MultiPoint"",""coordinates"":[]}"
00000000000000000015_0,1,15.425088389844571,Cairo,324.9866904343365,320.9201841372519,324.975363819962,17,L8,2015,"{""type"":""MultiPoint"",""coordinates"":[]}"
00000000000000000015_1,2,1.5746673322576634,Cairo,325.24692418540775,320.6692033616773,325.2025194094689,17,L8,2015,"{""type"":""MultiPoint"",""coordinates"":[]}"
00000000000000000015_2,3,0.1782916073879821,Cairo,319.8911611826469,316.2422705554805,319.88732102474404,17,L8,2015,"{""type"":""MultiPoint"",""coordinates"":[]}"
00000000000000000015_3,4,0.2998437463319623,Cairo,311.1105955805127,307.6755000721622,311.09778471651674,17,L8,2015,"{""type"":""MultiPoint"",""coordinates"":[]}"
00000000000000000015_4,5,82.52210892417781,Cairo,326.92758229037526,321.8854847502607,326.9262659684657,17,L8,2015,"{""type"":""MultiPoint"",""coordinates"":[]}"
00000000000000000026_0,1,54.02374576602904,Belgrade,315.8095125405622,310.09486634510137,315.8095125405622,9,L8,2015,"{""type"":""MultiPoint"",""coordinates"":[]}"
00000000000000000026_1,2,20.391997298300677,Belgrade,311.2218717442148,304.7338148698641,311.2218717442148,9,L8,2015,"{""type"":""MultiPoint"",""coordinates"":[]}"
00000000000000000026_2,3,19.155649540510904,Belgrade,317.7383541127333,309.57754551407686,317.7383541127333,9,L8,2015,"{""type"":""MultiPoint"",""coordinates"":[]}"
00000000000000000026_3,4,6.425651501897415,Belgrade,304.79130125197275,299.7720740019205,304.79130125197275,9,L8,2015,"{""type"":""MultiPoint"",""coordinates"":[]}"
00000000000000000026_4,5,0.0029558932619601,Belgrade,308.91525474735283,302.7344187961919,308.91525474735283,9,L8,2015,"{""type"":""MultiPoint"",""coordinates"":[]}"
0000000000000000002f_0,1,83.43952396917412,Washington,310.6127275265834,308.1993573142458,310.6127275265834,5,L8,2015,"{""type"":""MultiPoint"",""coordinates"":[]}"
0000000000000000002f_1,2,6.458279523122122,Washington,304.0962960196837,301.43482867836184,304.0962960196837,5,L8,2015,"{""type"":""MultiPoint"",""coordinates"":[]}"
0000000000000000002f_2,3,0.7327308444535952,Washington,308.2234085883822,305.5089072975161,308.2234085883822,5,L8,2015,"{""type"":""MultiPoint"",""coordinates"":[]}"
0000000000000000002f_3,4,4.895295569346428,Washington,303.0938164317423,301.4318867434905,303.0938164317423,5,L8,2015,"{""type"":""MultiPoint"",""coordinates"":[]}"
0000000000000000002f_4,5,4.474170093903744,Washington,301.61226540963645,300.2565274462124,301.61226540963645,5,L8,2015,"{""type"":""MultiPoint"",""coordinates"":[]}"
0000000000000000004c_0,1,93.88012319358296,Luanda,311.64467203259676,309.5713588941906,311.64467203259676,11,L8,2015,"{""type"":""MultiPoint"",""coordinates"":[]}"
0000000000000000004c_1,2,2.346438395657583,Luanda,311.15616096092333,309.2631605263547,311.15616096092333,11,L8,2015,"{""type"":""MultiPoint"",""coordinates"":[]}"
0000000000000000004c_2,3,0.002175690754085,Luanda,306.88660056602043,306.88660056602043,306.88660056602043,11,L8,2015,"{""type"":""MultiPoint"",""coordinates"":[]}"
0000000000000000004c_3,4,0.3445867548440474,Luanda,302.91706645045247,301.6632066197963,302.91706645045247,11,L8,2015,"{""type"":""MultiPoint"",""coordinates"":[]}"
0000000000000000004c_4,5,3.426675965161305,Luanda,301.03767957621955,298.3367255046663,301.03767957621955,11,L8,2015,"{""type"":""MultiPoint"",""coordinates"":[]}"
00000000000000000037_0,1,93.54575731557864,Guadalajara,310.5919581514943,308.81057034413425,310.5919581514943,4,L8,2015,"{""type"":""MultiPoint"",""coordinates"":[]}"
00000000000000000037_1,2,6.323755165899897,Guadalajara,300.49101022970444,299.60589105292814,300.49101022970444,4,L8,2015,"{""type"":""MultiPoint"",""coordinates"":[]}"
00000000000000000037_2,3,0.0576120849245772,Guadalajara,304.33644623089106,303.1594378675708,304.33644623089106,4,L8,2015,"{""type"":""MultiPoint"",""coordinates"":[]}"
00000000000000000037_3,4,0.0728754335968884,Guadalajara,300.5828180855086,299.6317742096018,300.5828180855086,4,L8,2015,"{""type"":""MultiPoint"",""coordinates"":[]}"
00000000000000000038_0,1,59.93912439746085,Monterrey,319.1214038708191,313.85905142403493,319.1214038708191,6,L8,2015,"{""type"":""MultiPoint"",""coordinates"":[]}"
00000000000000000038_1,2,40.04065279250376,Monterrey,308.55427906038693,304.47677285518887,308.55427906038693,6,L8,2015,"{""type"":""MultiPoint"",""coordinates"":[]}"
00000000000000000038_2,3,0.0009986572856978638,Monterrey,315.48928584752605,309.40147431778604,315.48928584752605,6,L8,2015,"{""type"":""MultiPoint"",""coordinates"":[]}"
00000000000000000038_3,4,0.0067409366784605,Monterrey,312.0547568420649,308.00658772594073,312.0547568420649,6,L8,2015,"{""type"":""MultiPoint"",""coordinates"":[]}"
00000000000000000038_4,5,0.0124832160712232,Monterrey,319.1066162890045,315.77921185687484,319.1066162890045,6,L8,2015,"{""type"":""MultiPoint"",""coordinates"":[]}"
00000000000000000041_0,1,39.355163026102375,Oslo,302.56020976179485,296.43775597025103,302.5454873697578,18,L8,2015,"{""type"":""MultiPoint"",""coordinates"":[]}"
00000000000000000041_1,2,49.14425449506353,Oslo,296.6281113174306,290.9946714484646,296.6116580630607,18,L8,2015,"{""type"":""MultiPoint"",""coordinates"":[]}"
00000000000000000041_2,3,0.4610710769005041,Oslo,298.9063273238593,293.42891778271803,298.904689946523,18,L8,2015,"{""type"":""MultiPoint"",""coordinates"":[]}"
00000000000000000041_3,4,6.079532498761932,Oslo,294.27210250584506,289.9096094732457,294.26922988511626,18,L8,2015,"{""type"":""MultiPoint"",""coordinates"":[]}"
00000000000000000041_4,5,4.959978903171652,Oslo,294.00559602851035,290.65589252449115,294.00554665518706,18,L8,2015,"{""type"":""MultiPoint"",""coordinates"":[]}"
0000000000000000001e_0,1,98.19407112563776,Beirut,316.03635327667223,313.41770464025956,315.9782381513295,22,L8,2015,"{""type"":""MultiPoint"",""coordinates"":[]}"
0000000000000000001e_1,2,0.3265764259534904,Beirut,314.66135157730366,311.66220453240214,314.5459855655781,22,L8,2015,"{""type"":""MultiPoint"",""coordinates"":[]}"
0000000000000000001e_2,3,0.0208818928330341,Beirut,315.71905915953255,312.6908789930971,315.6193999893667,22,L8,2015,"{""type"":""MultiPoint"",""coordinates"":[]}"
0000000000000000001e_3,4,0.3698278758802128,Beirut,310.40947540440146,307.3982592566651,310.13830696723164,22,L8,2015,"{""type"":""MultiPoint"",""coordinates"":[]}"
0000000000000000001e_4,5,1.0886426796955122,Beirut,313.91745819818806,311.0330995748555,313.81451604172855,22,L8,2015,"{""type"":""MultiPoint"",""coordinates"":[]}"
00000000000000000043_0,1,99.9130839737578,Santiago,314.83422918051815,309.48469762255576,314.83422918051815,9,L8,2015,"{""type"":""MultiPoint"",""coordinates"":[]}"
00000000000000000043_1,2,0.0289720087474005,Santiago,311.8825376577021,307.33757793379897,311.8825376577021,9,L8,2015,"{""type"":""MultiPoint"",""coordinates"":[]}"
00000000000000000043_2,4,0.0579440174948011,Santiago,306.5201806154995,301.7979713643482,306.5201806154995,9,L8,2015,"{""type"":""MultiPoint"",""coordinates"":[]}"
0000000000000000000a_0,1,30.93288580203056,Istanbul,312.02203102590295,307.85822569651486,311.89159344155644,36,L8,2015,"{""type"":""MultiPoint"",""coordinates"":[]}"
0000000000000000000a_1,2,44.023210342017954,Istanbul,306.52243949977674,301.6878616950046,306.4389088663655,36,L8,2015,"{""type"":""MultiPoint"",""coordinates"":[]}"
0000000000000000000a_2,3,14.99348973072757,Istanbul,314.5176337753341,308.3475854529095,314.28817563901526,36,L8,2015,"{""type"":""MultiPoint"",""coordinates"":[]}"
0000000000000000000a_3,4,2.53225196144108,Istanbul,302.7802521699471,300.0297447066057,302.70783577151326,36,L8,2015,"{""type"":""MultiPoint"",""coordinates"":[]}"
0000000000000000000a_4,5,7.518162163782824,Istanbul,299.375165034157,296.8499916194932,299.3237451301428,36,L8,2015,"{""type"":""MultiPoint"",""coordinates"":[]}"
0000000000000000000e_0,1,54.98845931506074,Tokyo,315.86221290942376,313.09759037377336,315.86221290942376,41,L8,2015,"{""type"":""MultiPoint"",""coordinates"":[]}"
0000000000000000000e_1,2,29.17037134508061,Tokyo,304.873936973808,302.71758186606553,304.873936973808,41,L8,2015,"{""type"":""MultiPoint"",""coordinates"":[]}"
0000000000000000000e_2,3,0.0059905472185335,Tokyo,312.9542347997595,310.4986057192499,312.9542347997595,41,L8,2015,"{""type"":""MultiPoint"",""coordinates"":[]}"
0000000000000000000e_3,4,1.2639086171291354,Tokyo,307.67192830752424,306.0206255611428,307.67192830752424,41,L8,2015,"{""type"":""MultiPoint"",""coordinates"":[]}"
0000000000000000000e_4,5,14.571270175511,Tokyo,303.4915915348612,302.0316599837416,303.4915915348612,41,L8,2015,"{""type"":""MultiPoint"",""coordinates"":[]}"
00000000000000000016_0,1,57.93972807972598,Algiers,317.8044284415047,312.67456867420947,317.76221083209975,23,L8,2015,"{""type"":""MultiPoint"",""coordinates"":[]}"
00000000000000000016_1,2,7.889017620076253,Algiers,314.4151217915005,310.18882765419113,314.3682455686493,23,L8,2015,"{""type"":""MultiPoint"",""coordinates"":[]}"
00000000000000000016_2,3,33.41911333856605,Algiers,319.45017623818876,314.11471893995736,319.3978345802339,23,L8,2015,"{""type"":""MultiPoint"",""coordinates"":[]}"
00000000000000000016_3,4,0.4130861552959483,Algiers,308.1358373709918,304.67549139241237,307.775376055391,23,L8,2015,"{""type"":""MultiPoint"",""coordinates"":[]}"
00000000000000000016_4,5,0.3390548063357638,Algiers,309.7596686160982,306.73529638736295,309.65854960400736,23,L8,2015,"{""type"":""MultiPoint"",""coordinates"":[]}"
00000000000000000004_0,1,53.43615137009957,Mexico City,311.42322888294757,306.25887100354015,311.422016808497,12,L8,2015,"{""type"":""MultiPoint"",""coordinates"":[]}"
00000000000000000004_1,2,44.52914855747508,Mexico City,299.55006347185684,294.5396390318681,299.550046959766,12,L8,2015,"{""type"":""MultiPoint"",""coordinates"":[]}"
00000000000000000004_2,3,1.7288824573577708,Mexico City,308.4375934555834,301.7985642626225,308.4375187301353,12,L8,2015,"{""type"":""MultiPoint"",""coordinates"":[]}"
00000000000000000004_3,4,0.298660514123089,Mexico City,301.90442684989455,299.29978257804606,301.9042653708723,12,L8,2015,"{""type"":""MultiPoint"",""coordinates"":[]}"
00000000000000000004_4,5,0.0071571009444874,Mexico City,310.7494160185751,304.9424389257483,310.749292700702,12,L8,2015,"{""type"":""MultiPoint"",""coordinates"":[]}"
0000000000000000000b_0,1,53.64130619387226,Moscow,301.404107953193,298.6986265346579,301.40397599245114,25,L8,2015,"{""type"":""MultiPoint"",""coordinates"":[]}"
0000000000000000000b_1,2,39.97370768033616,Moscow,296.2799288124723,293.77554330001163,296.27906984756555,25,L8,2015,"{""type"":""MultiPoint"",""coordinates"":[]}"
0000000000000000000b_2,3,5.008581325348502,Moscow,299.4590393010701,296.1540708902535,299.4570601217746,25,L8,2015,"{""type"":""MultiPoint"",""coordinates"":[]}"
0000000000000000000b_3,4,1.3745741137478265,Moscow,296.4299958372131,294.84186719091446,296.4294115640039,25,L8,2015,"{""type"":""MultiPoint"",""coordinates"":[]}"
0000000000000000000b_4,5,0.001830686695262,Moscow,295.84745632558906,294.3257889566578,295.84745632558906,25,L8,2015,"{""type"":""MultiPoint"",""coordinates"":[]}"
0000000000000000000c_0,1,26.3665750697882,Beijing,309.29887970579074,305.672851662296,309.29885522462195,45,L8,2015,"{""type"":""MultiPoint"",""coordinates"":[]}"
0000000000000000000c_1,2,59.10989210264121,Beijing,304.7457513530456,300.5593144013178,304.7455911437413,45,L8,2015,"{""type"":""MultiPoint"",""coordinates"":[]}"
0000000000000000000c_2,3,13.047242023203529,Beijing,307.56253823761,304.1529879974881,307.56251933842213,45,L8,2015,"{""type"":""MultiPoint"",""coordinates"":[]}"
0000000000000000000c_3,4,1.4305657686752231,Beijing,301.69545915213666,299.6350940736378,301.6954239459294,45,L8,2015,"{""type"":""MultiPoint"",""coordinates"":[]}"
0000000000000000000c_4,5,0.0457250356918299,Beijing,302.86390380064444,301.1045625576258,302.8639019653224,45,L8,2015,"{""type"":""MultiPoint"",""coordinates"":[]}"
0000000000000000000d_0,1,51.68731294421318,Shanghai,314.5908868186589,303.8002186351593,314.5908868186589,28,L8,2015,"{""type"":""MultiPoint"",""coordinates"":[]}"
0000000000000000000d_1,2,13.26050394143393,Shanghai,309.79474991200595,300.74234607691915,309.79474991200595,28,L8,2015,"{""type"":""MultiPoint"",""coordinates"":[]}"
0000000000000000000d_2,3,19.702191004837548,Shanghai,308.25097610859075,298.7024948395468,308.25097610859075,28,L8,2015,"{""type"":""MultiPoint"",""coordinates"":[]}"
0000000000000000000d_3,4,5.260326091086157,Shanghai,307.90023756747047,298.58123098019905,307.90023756747047,28,L8,2015,"{""type"":""MultiPoint"",""coordinates"":[]}"
0000000000000000000d_4,5,10.089666018429185,Shanghai,306.23260186456594,295.74856639789675,306.23260186456594,28,L8,2015,"{""type"":""MultiPoint"",""coordinates"":[]}"
0000000000000000001d_0,1,6.78830796222116,Amman,320.0635106149373,316.63199925480296,319.972624538909,18,L8,2015,"{""type"":""MultiPoint"",""coordinates"":[]}"
0000000000000000001d_1,2,4.603479788837144,Amman,321.09225512325236,318.13812020769234,321.0311233723163,18,L8,2015,"{""type"":""MultiPoint"",""coordinates"":[]}"
0000000000000000001d_2,3,6.435045457826546,Amman,324.3562674957582,320.38252075273994,324.1353076993888,18,L8,2015,"{""type"":""MultiPoint"",""coordinates"":[]}"
0000000000000000001d_3,4,0.0092037573427482,Amman,316.0269913436162,312.57467762157813,315.8647726416118,18,L8,2015,"{""type"":""MultiPoint"",""coordinates"":[]}"
0000000000000000001d_4,5,82.1639630337724,Amman,325.74997436187385,321.53943852808266,325.5170509579652,18,L8,2015,"{""type"":""MultiPoint"",""coordinates"":[]}"
00000000000000000029_0,1,25.076834854080275,Astana,309.4992910850933,307.3635089869298,309.49736179721003,25,L8,2015,"{""type"":""MultiPoint"",""coordinates"":[]}"
00000000000000000029_1,2,61.2316545965666,Astana,307.7457458997301,305.04433206232073,307.73757684768975,25,L8,2015,"{""type"":""MultiPoint"",""coordinates"":[]}"
00000000000000000029_2,3,5.952133959772868,Astana,309.6291560449835,305.8402444734967,309.51391625500844,25,L8,2015,"{""type"":""MultiPoint"",""coordinates"":[]}"
00000000000000000029_3,4,7.713156551938975,Astana,299.01298868048536,296.92111877854995,299.00980034230463,25,L8,2015,"{""type"":""MultiPoint"",""coordinates"":[]}"
00000000000000000029_4,5,0.0262200376412815,Astana,301.77528432203945,300.00868037784574,301.76994419210894,25,L8,2015,"{""type"":""MultiPoint"",""coordinates"":[]}"
00000000000000000049_0,1,63.602788007766385,Harare,313.42675184452196,306.2166758606273,313.4183865216373,33,L8,2015,"{""type"":""MultiPoint"",""coordinates"":[]}"
00000000000000000049_1,2,28.06561195489266,Harare,314.79103862105006,305.05926313578163,314.77329600004214,33,L8,2015,"{""type"":""MultiPoint"",""coordinates"":[]}"
00000000000000000049_2,3,7.718840257278796,Harare,316.9792927545653,306.9933580095194,316.96284496665044,33,L8,2015,"{""type"":""MultiPoint"",""coordinates"":[]}"
00000000000000000049_3,4,0.6096467534861469,Harare,309.11715673350585,302.1727728559891,309.1031146673426,33,L8,2015,"{""type"":""MultiPoint"",""coordinates"":[]}"
00000000000000000049_4,5,0.0031130265760317,Harare,311.64777500166826,303.94783561565595,311.62787314464924,33,L8,2015,"{""type"":""MultiPoint"",""coordinates"":[]}"
0000000000000000004d_0,1,4.100818279346097,Kinshasa,304.4932468624461,303.55724415491267,304.493246825548,26,L8,2015,"{""type"":""MultiPoint"",""coordinates"":[]}"
0000000000000000004d_1,2,82.95633458858495,Kinshasa,300.840678320586,298.3854035336627,300.8406229292473,26,L8,2015,"{""type"":""MultiPoint"",""coordinates"":[]}"
0000000000000000004d_2,3,10.096422664496975,Kinshasa,301.24494254874827,298.99219635586826,301.2448822065923,26,L8,2015,"{""type"":""MultiPoint"",""coordinates"":[]}"
0000000000000000004d_3,4,2.8094139432499863,Kinshasa,300.4481443889986,299.41095227749355,300.4481443889986,26,L8,2015,"{""type"":""MultiPoint"",""coordinates"":[]}"
0000000000000000004d_4,5,0.0370105243219811,Kinshasa,303.6101679409584,303.1112297407617,303.6101679409584,26,L8,2015,"{""type"":""MultiPoint"",""coordinates"":[]}"
0000000000000000004f_0,1,13.871645277051206,Blantyre,318.5988823681981,308.59484947118307,318.48830740408596,22,L8,2015,"{""type"":""MultiPoint"",""coordinates"":[]}"
0000000000000000004f_1,2,65.37921482390627,Blantyre,320.00068306157095,308.0554533497652,319.59908217829786,22,L8,2015,"{""type"":""MultiPoint"",""coordinates"":[]}"
0000000000000000004f_2,3,20.58483097842453,Blantyre,320.51863509634757,309.72864810081114,320.4324481761182,22,L8,2015,"{""type"":""MultiPoint"",""coordinates"":[]}"
0000000000000000004f_3,4,0.1643089206179883,Blantyre,312.85760222359283,304.466658390744,312.3920237450026,22,L8,2015,"{""type"":""MultiPoint"",""coordinates"":[]}"
00000000000000000056_0,1,31.318726091795803,National Capital District,310.38300261718183,301.37421548942973,310.38295032045585,26,L8,2015,"{""type"":""MultiPoint"",""coordinates"":[]}"
00000000000000000056_1,2,52.74344040907987,National Capital District,309.8823650834238,298.7913120011214,309.88160785405194,26,L8,2015,"{""type"":""MultiPoint"",""coordinates"":[]}"
00000000000000000056_2,3,0.182585042937709,National Capital District,309.96948424222336,296.3001922367916,309.96948424222336,26,L8,2015,"{""type"":""MultiPoint"",""coordinates"":[]}"
00000000000000000056_3,4,1.565174981671057,National Capital District,302.06014406752746,297.3139590167084,302.05995121494925,26,L8,2015,"{""type"":""MultiPoint"",""coordinates"":[]}"
00000000000000000056_4,5,14.190073474515568,National Capital District,299.5154096898079,298.00102498570794,299.5154044684115,26,L8,2015,"{""type"":""MultiPoint"",""coordinates"":[]}"
00000000000000000057_0,1,25.756195986291797,Dili,315.87247257485103,310.2945059969871,315.87247257485103,18,L8,2015,"{""type"":""MultiPoint"",""coordinates"":[]}"
00000000000000000057_1,2,64.43055042750315,Dili,312.54991568998696,306.7252201264995,312.54991568998696,18,L8,2015,"{""type"":""MultiPoint"",""coordinates"":[]}"
00000000000000000057_2,3,9.190763472198276,Dili,316.83099838924073,308.5925516287069,316.83099838924073,18,L8,2015,"{""type"":""MultiPoint"",""coordinates"":[]}"
00000000000000000057_3,4,0.4960511476019055,Dili,312.4694638568328,307.7179442402782,312.4694638568328,18,L8,2015,"{""type"":""MultiPoint"",""coordinates"":[]}"
00000000000000000057_4,5,0.1264389664048781,Dili,311.2268006222529,307.53431655429733,311.2268006222529,18,L8,2015,"{""type"":""MultiPoint"",""coordinates"":[]}"
0000000000000000005d_0,1,35.16431633182697,Phnom Penh,313.3709433889322,308.801344177398,313.3709433889322,6,L8,2015,"{""type"":""MultiPoint"",""coordinates"":[]}"
0000000000000000005d_1,2,13.134113597055965,Phnom Penh,311.44493001228994,306.8191996284827,311.44493001228994,6,L8,2015,"{""type"":""MultiPoint"",""coordinates"":[]}"
0000000000000000005d_2,3,40.34134246925273,Phnom Penh,311.9257309693402,308.4449656302923,311.9257309693402,6,L8,2015,"{""type"":""MultiPoint"",""coordinates"":[]}"
0000000000000000005d_3,4,11.316773532158392,Phnom Penh,306.58823560259765,303.5066044780153,306.58823560259765,6,L8,2015,"{""type"":""MultiPoint"",""coordinates"":[]}"
0000000000000000005d_4,5,0.0434540697059377,Phnom Penh,309.28621431787553,304.07157518971906,309.28621431787553,6,L8,2015,"{""type"":""MultiPoint"",""coordinates"":[]}"
0000000000000000005f_0,1,55.97428698105272,Honiara,315.6387364799982,277.38915321157464,315.6387364799982,23,L8,2015,"{""type"":""MultiPoint"",""coordinates"":[]}"
0000000000000000005f_1,2,9.269897750967992,Honiara,313.791606984919,276.9672080687237,313.791606984919,23,L8,2015,"{""type"":""MultiPoint"",""coordinates"":[]}"
0000000000000000005f_2,4,0.6941664820114469,Honiara,308.53504844224585,272.9720078585171,308.53504844224585,23,L8,2015,"{""type"":""MultiPoint"",""coordinates"":[]}"
0000000000000000005f_3,5,34.061648785967854,Honiara,305.91888639160373,279.90459578833355,305.91888639160373,23,L8,2015,"{""type"":""MultiPoint"",""coordinates"":[]}"
00000000000000000006_0,1,96.91276108156856,Paris,301.2383491093307,299.9726859763729,301.2383491093307,6,L8,2015,"{""type"":""MultiPoint"",""coordinates"":[]}"
00000000000000000006_1,2,2.5323608108410633,Paris,295.8800199474345,293.2334795715136,295.8800199474345,6,L8,2015,"{""type"":""MultiPoint"",""coordinates"":[]}"
00000000000000000006_2,3,0.09251065421004,Paris,302.5324299174497,301.2335600244894,302.5324299174497,6,L8,2015,"{""type"":""MultiPoint"",""coordinates"":[]}"
00000000000000000006_3,4,0.4616330311613578,Paris,295.9113439431005,295.07690439513425,295.9113439431005,6,L8,2015,"{""type"":""MultiPoint"",""coordinates"":[]}"
00000000000000000006_4,5,0.0007344222189797533,Paris,299.829915972138,299.0781111329541,299.829915972138,6,L8,2015,"{""type"":""MultiPoint"",""coordinates"":[]}"
00000000000000000022_0,1,64.1747002083286,Prague,312.9565951590763,308.99254939333576,312.9565951590763,9,L8,2015,"{""type"":""MultiPoint"",""coordinates"":[]}"
00000000000000000022_1,2,15.666793581464836,Prague,308.2358487306428,304.35286096585065,308.2358487306428,9,L8,2015,"{""type"":""MultiPoint"",""coordinates"":[]}"
00000000000000000022_2,3,18.968527858751415,Prague,309.81195164219804,305.22103726968095,309.81195164219804,9,L8,2015,"{""type"":""MultiPoint"",""coordinates"":[]}"
00000000000000000022_3,4,1.1805524746065037,Prague,303.8863285409259,301.3250153218507,303.8863285409259,9,L8,2015,"{""type"":""MultiPoint"",""coordinates"":[]}"
00000000000000000022_4,5,0.0094258768486577,Prague,311.7419969114874,309.56445525906855,311.7419969114874,9,L8,2015,"{""type"":""MultiPoint"",""coordinates"":[]}"
00000000000000000058_0,1,58.475633839439375,Special capital Region of Jakarta,312.75666094943995,311.4455673002707,312.75666094943995,20,L5,2010,"{""type"":""MultiPoint"",""coordinates"":[]}"
00000000000000000058_1,2,2.5815878799377896,Special capital Region of Jakarta,308.4798972262358,306.29787754024096,308.4798972262358,20,L5,2010,"{""type"":""MultiPoint"",""coordinates"":[]}"
00000000000000000058_2,3,1.2505087039596716,Special capital Region of Jakarta,308.8044408777397,307.6321678071354,308.8044408777397,20,L5,2010,"{""type"":""MultiPoint"",""coordinates"":[]}"
00000000000000000058_3,4,2.05258294621163,Special capital Region of Jakarta,305.5037254836105,304.29253034459083,305.5037254836105,20,L5,2010,"{""type"":""MultiPoint"",""coordinates"":[]}"
00000000000000000058_4,5,35.63968663045153,Special capital Region of Jakarta,302.8347012339478,300.5412457419661,302.8347012339478,20,L5,2010,"{""type"":""MultiPoint"",""coordinates"":[]}"
00000000000000000000_0,1,70.35783324398811,New York,315.65794720093277,309.78329656289793,315.65794720093277,13,L5,2010,"{""type"":""MultiPoint"",""coordinates"":[]}"
00000000000000000000_1,2,5.486894138064927,New York,309.23556263128984,303.49002309494176,309.23556263128984,13,L5,2010,"{""type"":""MultiPoint"",""coordinates"":[]}"
00000000000000000000_2,3,0.6403256664681821,New York,312.6418370204893,305.81043163260586,312.6418370204893,13,L5,2010,"{""type"":""MultiPoint"",""coordinates"":[]}"
00000000000000000000_3,4,3.469622453634009,New York,302.2173979535564,299.18531572043827,302.2173979535564,13,L5,2010,"{""type"":""MultiPoint"",""coordinates"":[]}"
00000000000000000000_4,5,20.045324497844764,New York,298.0573114363892,296.052112339054,298.0573114363892,13,L5,2010,"{""type"":""MultiPoint"",""coordinates"":[]}"
00000000000000000011_0,1,58.84049231330618,Mumbai,315.5787099334836,314.82011808608854,315.5787099334836,2,L5,2010,"{""type"":""MultiPoint"",""coordinates"":[]}"
00000000000000000011_1,2,33.43418603625717,Mumbai,312.74291117515014,311.77373746410996,312.74291117515014,2,L5,2010,"{""type"":""MultiPoint"",""coordinates"":[]}"
00000000000000000011_2,3,1.082007913114662,Mumbai,315.33318949516644,314.996092187524,315.33318949516644,2,L5,2010,"{""type"":""MultiPoint"",""coordinates"":[]}"
00000000000000000011_3,4,4.590707109192556,Mumbai,310.07511241893036,309.2479128737535,310.07511241893036,2,L5,2010,"{""type"":""MultiPoint"",""coordinates"":[]}"
00000000000000000011_4,5,2.052606628129445,Mumbai,308.5874572377844,308.3832435479845,308.5874572377844,2,L5,2010,"{""type"":""MultiPoint"",""coordinates"":[]}"
00000000000000000012_0,1,12.410537196508743,Karachi Division,311.0798864825223,305.9470923035503,311.0798864825223,15,L5,2010,"{""type"":""MultiPoint"",""coordinates"":[]}"
00000000000000000012_1,2,30.09825440347053,Karachi Division,312.56057632174236,306.20342041531933,312.56023371583984,15,L5,2010,"{""type"":""MultiPoint"",""coordinates"":[]}"
00000000000000000012_2,3,3.0958574437391473,Karachi Division,311.59575051507557,305.6199416251083,311.5955669791465,15,L5,2010,"{""type"":""MultiPoint"",""coordinates"":[]}"
00000000000000000012_3,4,1.608941015186981,Karachi Division,304.7433368988126,301.6990746227912,304.7433294556447,15,L5,2010,"{""type"":""MultiPoint"",""coordinates"":[]}"
00000000000000000012_4,5,52.78640994109459,Karachi Division,313.4466516883725,307.12567508695696,313.4464677105285,15,L5,2010,"{""type"":""MultiPoint"",""coordinates"":[]}"
00000000000000000014_0,1,45.97864826239109,Baghdad,328.3547418193957,325.7857278906423,328.3547418193957,5,L5,2010,"{""type"":""MultiPoint"",""coordinates"":[]}"
00000000000000000014_1,2,32.22529379326764,Baghdad,328.42398425810535,325.847807081606,328.42398425810535,5,L5,2010,"{""type"":""MultiPoint"",""coordinates"":[]}"
00000000000000000014_2,3,7.396696496564803,Baghdad,328.2817831916354,325.60723792122235,328.2817831916354,5,L5,2010,"{""type"":""MultiPoint"",""coordinates"":[]}"
00000000000000000014_3,4,2.182290038780018,Baghdad,314.3364574086947,311.8055635367014,314.3364574086947,5,L5,2010,"{""type"":""MultiPoint"",""coordinates"":[]}"
00000000000000000014_4,5,12.217071408996434,Baghdad,330.4717036817542,327.9852513084456,330.4717036817542,5,L5,2010,"{""type"":""MultiPoint"",""coordinates"":[]}"
00000000000000000028_0,1,4.704102269826084,Baku City,315.9465805836673,313.1015548391469,315.94654144169454,20,L5,2010,"{""type"":""MultiPoint"",""coordinates"":[]}"
00000000000000000028_1,2,11.912966655235708,Baku City,320.6330132264883,316.49039511992385,320.5644203746879,20,L5,2010,"{""type"":""MultiPoint"",""coordinates"":[]}"
00000000000000000028_2,3,0.0833910019319468,Baku City,313.4742469809616,310.64519952485466,313.47392320409574,20,L5,2010,"{""type"":""MultiPoint"",""coordinates"":[]}"
00000000000000000028_3,4,81.48827275304022,Baku City,300.8064924544721,298.1357842107844,300.8053801150712,20,L5,2010,"{""type"":""MultiPoint"",""coordinates"":[]}"
00000000000000000028_4,5,1.8112673199660576,Baku City,320.3211903502797,314.97953927112036,320.306695337001,20,L5,2010,"{""type"":""MultiPoint"",""coordinates"":[]}"
0000000000000000001a_0,1,67.57747371788152,Manila,315.3821494967938,311.06467172592363,315.3821494967938,3,L5,2010,"{""type"":""MultiPoint"",""coordinates"":[]}"
0000000000000000001a_1,2,0.1147847287573785,Manila,311.28954031851407,309.94238526883004,311.28954031851407,3,L5,2010,"{""type"":""MultiPoint"",""coordinates"":[]}"
0000000000000000001a_2,3,0.0042512862502732,Manila,311.28404951775923,311.28404951775923,311.28404951775923,3,L5,2010,"{""type"":""MultiPoint"",""coordinates"":[]}"
0000000000000000001a_3,4,1.6124489665039765,Manila,306.6405687220079,305.405916902868,306.6405687220079,3,L5,2010,"{""type"":""MultiPoint"",""coordinates"":[]}"
0000000000000000001a_4,5,30.69104130060684,Manila,303.93109390939304,303.1932199422815,303.93109390939304,3,L5,2010,"{""type"":""MultiPoint"",""coordinates"":[]}"
00000000000000000003_0,1,89.59564030304547,Toronto,312.8735555133354,304.67638765326086,312.87196558612527,14,L5,2010,"{""type"":""MultiPoint"",""coordinates"":[]}"
00000000000000000003_1,2,4.239375123465352,Toronto,305.6689494888524,299.90700587803326,305.66888163591307,14,L5,2010,"{""type"":""MultiPoint"",""coordinates"":[]}"
00000000000000000003_2,3,1.7707986987266056,Toronto,307.4884940534521,301.0786388640724,307.4879549221092,14,L5,2010,"{""type"":""MultiPoint"",""coordinates"":[]}"
00000000000000000003_3,4,4.393210487736162,Toronto,298.8411567229919,295.0302382870404,298.83982755384943,14,L5,2010,"{""type"":""MultiPoint"",""coordinates"":[]}"
00000000000000000003_4,5,0.0009753870264001124,Toronto,304.32139845108486,299.5140330479892,304.32139845108486,14,L5,2010,"{""type"":""MultiPoint"",""coordinates"":[]}"
0000000000000000002b_0,1,55.90002972487714,San Francisco,312.1452562523758,307.60873857295724,312.1452562523758,18,L5,2010,"{""type"":""MultiPoint"",""coordinates"":[]}"
0000000000000000002b_1,2,1.7340737138072646,San Francisco,302.65710512820306,299.16547380841155,302.65710512820306,18,L5,2010,"{""type"":""MultiPoint"",""coordinates"":[]}"
0000000000000000002b_2,3,0.1528893110878526,San Francisco,305.0812826009585,300.57106277457984,305.0812826009585,18,L5,2010,"{""type"":""MultiPoint"",""coordinates"":[]}"
0000000000000000002b_3,4,1.9762937062779848,San Francisco,297.2754469636913,295.09667097553137,297.2754469636913,18,L5,2010,"{""type"":""MultiPoint"",""coordinates"":[]}"
0000000000000000002b_4,5,40.23671354394976,San Francisco,291.04587669115614,289.4398300473677,291.04587669115614,18,L5,2010,"{""type"":""MultiPoint"",""coordinates"":[]}"
00000000000000000054_0,1,77.67494786531569,City of Georgetown,307.4072238786906,307.4072238786906,307.4072238786906,1,L5,2010,"{""type"":""MultiPoint"",""coordinates"":[]}"
00000000000000000054_1,2,20.253088915551658,City of Georgetown,304.1841739541748,304.1841739541748,304.1841739541748,1,L5,2010,"{""type"":""MultiPoint"",""coordinates"":[]}"
00000000000000000054_2,3,1.8364073175239144,City of Georgetown,305.5785406086985,305.5785406086985,305.5785406086985,1,L5,2010,"{""type"":""MultiPoint"",""coordinates"":[]}"
00000000000000000054_3,4,0.0948508849528466,City of Georgetown,304.06395989804867,304.06395989804867,304.06395989804867,1,L5,2010,"{""type"":""MultiPoint"",""coordinates"":[]}"
00000000000000000054_4,5,0.1407050166558942,City of Georgetown,306.0391173737651,306.0391173737651,306.0391173737651,1,L5,2010,"{""type"":""MultiPoint"",""coordinates"":[]}"
00000000000000000059_0,1,81.86421950744798,Bandung City,317.3103856221123,312.63196528947884,317.3103856221123,13,L5,2010,"{""type"":""MultiPoint"",""coordinates"":[]}"
00000000000000000059_1,2,9.072345814937147,Bandung City,314.47622447785943,309.093522796148,314.47622447785943,13,L5,2010,"{""type"":""MultiPoint"",""coordinates"":[]}"
00000000000000000059_2,3,8.997054097538362,Bandung City,312.20752865871043,306.34906524741706,312.20752865871043,13,L5,2010,"{""type"":""MultiPoint"",""coordinates"":[]}"
00000000000000000059_3,4,0.0642564015140644,Bandung City,311.1177809430548,307.1084966369593,311.1177809430548,13,L5,2010,"{""type"":""MultiPoint"",""coordinates"":[]}"
00000000000000000059_4,5,0.0021241785624484,Bandung City,309.7208574378754,306.683779099054,309.7208574378754,13,L5,2010,"{""type"":""MultiPoint"",""coordinates"":[]}"
0000000000000000005b_0,1,78.04350296255198,City of Medan,284.1368767574561,284.0226822252782,284.1368767574561,4,L5,2010,"{""type"":""MultiPoint"",""coordinates"":[]}"
0000000000000000005b_1,2,15.21057414931326,City of Medan,280.1318822982391,280.0616690958307,280.1318822982391,4,L5,2010,"{""type"":""MultiPoint"",""coordinates"":[]}"
0000000000000000005b_2,3,1.4955321733274949,City of Medan,282.3514602596756,281.44751662102607,282.3514602596756,4,L5,2010,"{""type"":""MultiPoint"",""coordinates"":[]}"
0000000000000000005b_3,4,5.0319184203389105,City of Medan,284.61921551905675,284.3679955442392,284.61921551905675,4,L5,2010,"{""type"":""MultiPoint"",""coordinates"":[]}"
0000000000000000001b_0,1,96.80160582786964,Kathmandu Metropolitan City,305.6113356841122,303.79409909528243,305.6113356841122,3,L5,2010,"{""type"":""MultiPoint"",""coordinates"":[]}"
0000000000000000001b_1,2,2.5309475214218815,Kathmandu Metropolitan City,303.8105332700998,302.3579765126181,303.8105332700998,3,L5,2010,"{""type"":""MultiPoint"",""coordinates"":[]}"
0000000000000000001b_2,3,0.649866926817333,Kathmandu Metropolitan City,302.9913997175039,302.0123063366796,302.9913997175039,3,L5,2010,"{""type"":""MultiPoint"",""coordinates"":[]}"
0000000000000000001b_3,4,0.0175797238911644,Kathmandu Metropolitan City,302.1690006494939,302.1690006494939,302.1690006494939,3,L5,2010,"{""type"":""MultiPoint"",""coordinates"":[]}"
0000000000000000002e_0,1,95.87174554717082,Lisbon,313.4006807949887,311.7035352515638,313.4006807949887,2,L5,2010,"{""type"":""MultiPoint"",""coordinates"":[]}"
0000000000000000002e_1,2,2.8229055914100347,Lisbon,311.10343767519015,308.8626579936175,311.10343767519015,2,L5,2010,"{""type"":""MultiPoint"",""coordinates"":[]}"
0000000000000000002e_2,3,0.5031401564182667,Lisbon,314.6612949410166,312.82100828431254,314.6612949410166,2,L5,2010,"{""type"":""MultiPoint"",""coordinates"":[]}"
0000000000000000002e_3,4,0.2013985817316211,Lisbon,304.8871138914718,304.24740091208713,304.8871138914718,2,L5,2010,"{""type"":""MultiPoint"",""coordinates"":[]}"
0000000000000000002e_4,5,0.6008101232692593,Lisbon,303.3909111603817,302.8130362454685,303.3909111603817,2,L5,2010,"{""type"":""MultiPoint"",""coordinates"":[]}"
0000000000000000003f_0,1,97.36378369288516,Brussels,306.4351940210287,301.9592598247269,306.4351940210287,13,L5,2010,"{""type"":""MultiPoint"",""coordinates"":[]}"
0000000000000000003f_1,2,1.5994732169584407,Brussels,301.089290652764,296.005706054319,301.089290652764,13,L5,2010,"{""type"":""MultiPoint"",""coordinates"":[]}"
0000000000000000003f_2,3,0.2021728315884118,Brussels,302.88934972079204,299.4271499928748,302.88934972079204,13,L5,2010,"{""type"":""MultiPoint"",""coordinates"":[]}"
0000000000000000003f_3,4,0.8345702585679848,Brussels,301.8516894289595,297.5120192255936,301.8516894289595,13,L5,2010,"{""type"":""MultiPoint"",""coordinates"":[]}"
00000000000000000050_0,1,54.44790279265154,Adelaide,317.66503300589835,311.49052782965856,317.66503300589835,18,L5,2010,"{""type"":""MultiPoint"",""coordinates"":[]}"
00000000000000000050_1,2,31.692697505101336,Adelaide,315.24720610935054,309.9897225287607,315.24720610935054,18,L5,2010,"{""type"":""MultiPoint"",""coordinates"":[]}"
00000000000000000050_2,3,9.472446081400705,Adelaide,320.59368202345456,314.54341287290003,320.59368202345456,18,L5,2010,"{""type"":""MultiPoint"",""coordinates"":[]}"
00000000000000000050_3,4,2.668437494644451,Adelaide,302.80174149216947,299.2122515517818,302.80174149216947,18,L5,2010,"{""type"":""MultiPoint"",""coordinates"":[]}"
00000000000000000050_4,5,1.718516126201985,Adelaide,301.33206167739513,298.441672006581,301.33206167739513,18,L5,2010,"{""type"":""MultiPoint"",""coordinates"":[]}"
00000000000000000051_0,1,33.53957578023937,Melbourne,323.42207362789804,311.571602642438,323.42207362789804,18,L5,2010,"{""type"":""MultiPoint"",""coordinates"":[]}"
00000000000000000051_1,2,62.83889705638107,Melbourne,317.39193418461196,305.85520406426764,317.39193418461196,18,L5,2010,"{""type"":""MultiPoint"",""coordinates"":[]}"
00000000000000000051_2,3,2.721405331909834,Melbourne,322.71482800669173,310.64882848877926,322.71482800669173,18,L5,2010,"{""type"":""MultiPoint"",""coordinates"":[]}"
00000000000000000051_3,4,0.8634998266575372,Melbourne,309.48267534201784,301.6332703350669,309.48267534201784,18,L5,2010,"{""type"":""MultiPoint"",""coordinates"":[]}"
00000000000000000051_4,5,0.0366220048122014,Melbourne,310.3312335753162,301.66596346233325,310.3312335753162,18,L5,2010,"{""type"":""MultiPoint"",""coordinates"":[]}"
00000000000000000052_0,1,50.7622117145606,Sydney,325.5134758358956,316.41280685344276,325.0867990431193,22,L5,2010,"{""type"":""MultiPoint"",""coordinates"":[]}"
00000000000000000052_1,2,43.78336980374651,Sydney,320.45884883970393,312.45257959090276,320.28240146480687,22,L5,2010,"{""type"":""MultiPoint"",""coordinates"":[]}"
00000000000000000052_2,3,0.5308058663861127,Sydney,331.6725978487898,318.8492787152197,331.47380881845095,22,L5,2010,"{""type"":""MultiPoint"",""coordinates"":[]}"
00000000000000000052_3,4,1.5216508365844186,Sydney,312.83279114000044,307.0528970749147,312.6734417509566,22,L5,2010,"{""type"":""MultiPoint"",""coordinates"":[]}"
00000000000000000052_4,5,3.4019617787223635,Sydney,304.0128989500426,300.2240711488908,304.0049480222359,22,L5,2010,"{""type"":""MultiPoint"",""coordinates"":[]}"
0000000000000000005e_0,1,26.76064599160827,Vientiane Capital,287.01017754978204,286.8433359064011,287.01017754978204,8,L5,2010,"{""type"":""MultiPoint"",""coordinates"":[]}"
0000000000000000005e_1,2,33.80841008639579,Vientiane Capital,286.29706512710806,285.9505949078203,286.29706512710806,8,L5,2010,"{""type"":""MultiPoint"",""coordinates"":[]}"
0000000000000000005e_2,3,32.69054238292697,Vientiane Capital,287.0149535577666,286.52872833701474,287.0149535577666,8,L5,2010,"{""type"":""MultiPoint"",""coordinates"":[]}"
0000000000000000005e_3,4,6.703942080099214,Vientiane Capital,287.6345454708565,287.21448208599946,287.6345454708565,8,L5,2010,"{""type"":""MultiPoint"",""coordinates"":[]}"
0000000000000000005e_4,5,0.0364594589697663,Vientiane Capital,281.70901804173843,281.70901804173843,281.70901804173843,8,L5,2010,"{""type"":""MultiPoint"",""coordinates"":[]}"
00000000000000000025_0,1,46.4224954900728,Sofia,308.8029978739457,307.5724093248428,308.8029978739457,13,L5,2010,"{""type"":""MultiPoint"",""coordinates"":[]}"
00000000000000000025_1,2,41.36201801845969,Sofia,301.87138265098685,301.23583403246664,301.87138265098685,13,L5,2010,"{""type"":""MultiPoint"",""coordinates"":[]}"
00000000000000000025_2,3,11.544537227714322,Sofia,308.3225906952381,306.9995114721266,308.3225906952381,13,L5,2010,"{""type"":""MultiPoint"",""coordinates"":[]}"
00000000000000000025_3,4,0.6703352975174532,Sofia,302.3735105238415,301.4255987465134,302.3735105238415,13,L5,2010,"{""type"":""MultiPoint"",""coordinates"":[]}"
00000000000000000025_4,5,0.0006139662357485299,Sofia,304.79695753847903,303.7913129012563,304.79695753847903,13,L5,2010,"{""type"":""MultiPoint"",""coordinates"":[]}"
00000000000000000042_0,1,96.9900578271238,Buenos Aires,306.7420080696121,303.5297436369353,306.7420080696121,11,L5,2010,"{""type"":""MultiPoint"",""coordinates"":[]}"
00000000000000000042_1,2,2.1629149468027125,Buenos Aires,302.92449237045105,300.37165315090783,302.92449237045105,11,L5,2010,"{""type"":""MultiPoint"",""coordinates"":[]}"
00000000000000000042_2,4,0.6647333117181671,Buenos Aires,302.76537168897346,299.583427393462,302.76537168897346,11,L5,2010,"{""type"":""MultiPoint"",""coordinates"":[]}"
00000000000000000042_3,5,0.1822939143553104,Buenos Aires,301.2686319525614,299.1914855824853,301.2686319525614,11,L5,2010,"{""type"":""MultiPoint"",""coordinates"":[]}"
00000000000000000001_0,1,83.6575864337988,Los Angeles,319.4589805738965,314.1873427473667,319.4589805738965,12,L5,2010,"{""type"":""MultiPoint"",""coordinates"":[]}"
00000000000000000001_1,2,12.759562160712006,Los Angeles,317.30392556213576,308.425766453495,317.30392556213576,12,L5,2010,"{""type"":""MultiPoint"",""coordinates"":[]}"
00000000000000000001_2,3,0.1724897749095555,Los Angeles,316.4448105374899,310.7052400652654,316.4448105374899,12,L5,2010,"{""type"":""MultiPoint"",""coordinates"":[]}"
00000000000000000001_3,4,0.4322278110488241,Los Angeles,304.031544875235,300.96115690237156,304.031544875235,12,L5,2010,"{""type"":""MultiPoint"",""coordinates"":[]}"
00000000000000000001_4,5,2.978133819530824,Los Angeles,295.3854441776937,294.35217077192806,295.3854441776937,12,L5,2010,"{""type"":""MultiPoint"",""coordinates"":[]}"
00000000000000000002_0,1,92.60912795969944,Chicago,314.63929442257063,309.71757987107907,314.63929442257063,11,L5,2010,"{""type"":""MultiPoint"",""coordinates"":[]}"
00000000000000000002_1,2,3.5741436949650276,Chicago,308.26571261905684,304.11309179552626,308.26571261905684,11,L5,2010,"{""type"":""MultiPoint"",""coordinates"":[]}"
00000000000000000002_2,3,1.193494904785463,Chicago,308.9585495176797,304.85273688449706,308.9585495176797,11,L5,2010,"{""type"":""MultiPoint"",""coordinates"":[]}"
00000000000000000002_3,4,2.614819695038404,Chicago,301.1725175783712,298.7656455630763,301.1725175783712,11,L5,2010,"{""type"":""MultiPoint"",""coordinates"":[]}"
00000000000000000002_4,5,0.0084137455116471,Chicago,303.5928281687548,301.01236183066925,303.5928281687548,11,L5,2010,"{""type"":""MultiPoint"",""coordinates"":[]}"
00000000000000000005_0,1,58.06276848440327,Madrid,314.6953122010591,311.8456688251293,314.6953122010591,3,L5,2010,"{""type"":""MultiPoint"",""coordinates"":[]}"
00000000000000000005_1,2,39.0407316638752,Madrid,316.4140915164678,311.98409260923034,316.4140915164678,3,L5,2010,"{""type"":""MultiPoint"",""coordinates"":[]}"
00000000000000000005_2,3,2.146367377050308,Madrid,318.5868649435487,313.34379202271657,318.5868649435487,3,L5,2010,"{""type"":""MultiPoint"",""coordinates"":[]}"
00000000000000000005_3,4,0.6475100196100221,Madrid,302.54372415307904,299.6869566774098,302.54372415307904,3,L5,2010,"{""type"":""MultiPoint"",""coordinates"":[]}"
00000000000000000005_4,5,0.1026224550611978,Madrid,317.2400464435576,314.64772732977167,317.2400464435576,3,L5,2010,"{""type"":""MultiPoint"",""coordinates"":[]}"
00000000000000000009_0,1,54.96734282496857,Rome,315.16828746336637,310.25720613391667,315.16828746336637,8,L5,2010,"{""type"":""MultiPoint"",""coordinates"":[]}"
00000000000000000009_1,2,15.969307647401918,Rome,310.5415389570444,305.6943674210037,310.5415389570444,8,L5,2010,"{""type"":""MultiPoint"",""coordinates"":[]}"
00000000000000000009_2,3,28.482614850727344,Rome,316.67769093456,310.02594289876674,316.67769093456,8,L5,2010,"{""type"":""MultiPoint"",""coordinates"":[]}"
00000000000000000009_3,4,0.5592633048541924,Rome,305.88727332181804,302.1005949602131,305.88727332181804,8,L5,2010,"{""type"":""MultiPoint"",""coordinates"":[]}"
00000000000000000009_4,5,0.0214713720479672,Rome,307.2095853996221,303.7526039725504,307.2095853996221,8,L5,2010,"{""type"":""MultiPoint"",""coordinates"":[]}"
00000000000000000017_0,1,84.07285376204243,Casablanca,310.9608066765223,310.05042903476027,310.9608066765223,3,L5,2010,"{""type"":""MultiPoint"",""coordinates"":[]}"
00000000000000000017_1,2,2.711453840969711,Casablanca,311.5519189988322,310.53989327786303,311.5519189988322,3,L5,2010,"{""type"":""MultiPoint"",""coordinates"":[]}"
00000000000000000017_2,3,12.439959873110627,Casablanca,313.35705474734823,312.1483432061175,313.35705474734823,3,L5,2010,"{""type"":""MultiPoint"",""coordinates"":[]}"
00000000000000000017_3,4,0.4415792339711037,Casablanca,302.6045628173643,302.02797424586174,302.6045628173643,3,L5,2010,"{""type"":""MultiPoint"",""coordinates"":[]}"
00000000000000000017_4,5,0.3341532899061378,Casablanca,302.52688353733356,302.02181256246126,302.52688353733356,3,L5,2010,"{""type"":""MultiPoint"",""coordinates"":[]}"
00000000000000000023_0,1,73.15431117702984,Budapest,313.1185009298883,309.7315064773255,313.1185009298883,5,L5,2010,"{""type"":""MultiPoint"",""coordinates"":[]}"
00000000000000000023_1,2,18.004907463726273,Budapest,307.40902395312855,304.41059828823245,307.40902395312855,5,L5,2010,"{""type"":""MultiPoint"",""coordinates"":[]}"
00000000000000000023_2,3,6.115324504178428,Budapest,313.10024143568455,307.4989710788432,313.10024143568455,5,L5,2010,"{""type"":""MultiPoint"",""coordinates"":[]}"
00000000000000000023_3,4,2.7237222289130667,Budapest,302.24630237292797,299.3024962298109,302.24630237292797,5,L5,2010,"{""type"":""MultiPoint"",""coordinates"":[]}"
00000000000000000023_4,5,0.0017346261523966,Budapest,314.2765956766684,313.4021117141475,314.2765956766684,5,L5,2010,"{""type"":""MultiPoint"",""coordinates"":[]}"
0000000000000000002c_0,1,69.34888787934904,Seattle,304.632179642122,300.10754224174923,304.632179642122,10,L5,2010,"{""type"":""MultiPoint"",""coordinates"":[]}"
0000000000000000002c_1,2,3.0579522717657888,Seattle,297.3278508546473,294.2942871691774,297.3278508546473,10,L5,2010,"{""type"":""MultiPoint"",""coordinates"":[]}"
0000000000000000002c_2,3,0.0095977380954173,Seattle,302.7699967719665,298.7643917232407,302.7699967719665,10,L5,2010,"{""type"":""MultiPoint"",""coordinates"":[]}"
0000000000000000002c_3,4,13.48263038370377,Seattle,295.2952695512719,292.79450496332316,295.2952695512719,10,L5,2010,"{""type"":""MultiPoint"",""coordinates"":[]}"
0000000000000000002c_4,5,14.100931727086,Seattle,289.31531637304346,287.69073261159656,289.31531637304346,10,L5,2010,"{""type"":""MultiPoint"",""coordinates"":[]}"
0000000000000000002d_0,1,82.31137213493989,Vancouver,310.48207472853943,304.08304334621835,310.48207472853943,17,L5,2010,"{""type"":""MultiPoint"",""coordinates"":[]}"
0000000000000000002d_1,2,4.056785375904905,Vancouver,300.9496615317336,295.8491459879651,300.9496615317336,17,L5,2010,"{""type"":""MultiPoint"",""coordinates"":[]}"
0000000000000000002d_2,3,0.0210718575131619,Vancouver,305.4566892892414,300.15614269210556,305.4566892892414,17,L5,2010,"{""type"":""MultiPoint"",""coordinates"":[]}"
0000000000000000002d_3,4,0.650584957800127,Vancouver,299.6273665001098,295.1049860921069,299.6273665001098,17,L5,2010,"{""type"":""MultiPoint"",""coordinates"":[]}"
0000000000000000002d_4,5,12.960185673841911,Vancouver,294.24809542240075,291.10828765693196,294.24809542240075,17,L5,2010,"{""type"":""MultiPoint"",""coordinates"":[]}"
00000000000000000030_0,1,59.46132798849379,Boston,311.55234608798565,308.6028216092222,311.55233169041617,17,L5,2010,"{""type"":""MultiPoint"",""coordinates"":[]}"
00000000000000000030_1,2,2.925335610163979,Boston,305.215285002274,302.2291968885965,305.215285002274,17,L5,2010,"{""type"":""MultiPoint"",""coordinates"":[]}"
00000000000000000030_2,3,0.4105920634365412,Boston,308.23599091558935,305.1897559402314,308.23599091558935,17,L5,2010,"{""type"":""MultiPoint"",""coordinates"":[]}"
00000000000000000030_3,4,2.813064834750429,Boston,300.170407550746,296.653784924046,300.170407550746,17,L5,2010,"{""type"":""MultiPoint"",""coordinates"":[]}"
00000000000000000030_4,5,34.38967950315527,Boston,295.7968790801172,291.9077540341783,295.7968755577637,17,L5,2010,"{""type"":""MultiPoint"",""coordinates"":[]}"
00000000000000000031_0,1,76.3116137842595,Houston,320.30313916707047,315.9822462640302,320.2962362660706,16,L5,2010,"{""type"":""MultiPoint"",""coordinates"":[]}"
00000000000000000031_1,2,19.012498591884825,Houston,314.324802219452,310.3857305733423,314.3215184597105,16,L5,2010,"{""type"":""MultiPoint"",""coordinates"":[]}"
00000000000000000031_2,3,0.111885972542528,Houston,315.8588440450344,312.15925946442763,315.8576276164267,16,L5,2010,"{""type"":""MultiPoint"",""coordinates"":[]}"
00000000000000000031_3,4,3.9255084835101623,Houston,311.1150122706726,308.38063450722115,311.114658733773,16,L5,2010,"{""type"":""MultiPoint"",""coordinates"":[]}"
00000000000000000031_4,5,0.638493167802969,Houston,310.3930462142139,306.5764587428497,310.3930457092467,16,L5,2010,"{""type"":""MultiPoint"",""coordinates"":[]}"
00000000000000000032_0,1,71.05287655119217,Dallas,323.7365678316674,317.37440212831575,323.72394823369143,16,L5,2010,"{""type"":""MultiPoint"",""coordinates"":[]}"
00000000000000000032_1,2,17.25508074259931,Dallas,319.2606747243215,312.3574487776415,319.1643756211369,16,L5,2010,"{""type"":""MultiPoint"",""coordinates"":[]}"
00000000000000000032_2,3,0.915598046709316,Dallas,323.0866543687981,314.3782410294305,322.7692947029429,16,L5,2010,"{""type"":""MultiPoint"",""coordinates"":[]}"
00000000000000000032_3,4,10.77591587680554,Dallas,309.58557636317425,306.0366326086149,309.57079494883743,16,L5,2010,"{""type"":""MultiPoint"",""coordinates"":[]}"
00000000000000000032_4,5,0.0005287826936563674,Dallas,320.10475107513173,312.9137259229852,319.9509410288747,16,L5,2010,"{""type"":""MultiPoint"",""coordinates"":[]}"
00000000000000000033_0,1,90.21809953979356,Atlanta,313.813940798932,310.4574719942567,313.813940798932,10,L5,2010,"{""type"":""MultiPoint"",""coordinates"":[]}"
00000000000000000033_1,2,9.3026886798875,Atlanta,308.4633905982989,306.07340640381216,308.4633905982989,10,L5,2010,"{""type"":""MultiPoint"",""coordinates"":[]}"
00000000000000000033_2,3,0.0996075196412653,Atlanta,315.00020961546966,310.9084290852637,315.00020961546966,10,L5,2010,"{""type"":""MultiPoint"",""coordinates"":[]}"
00000000000000000033_3,4,0.3779086154619603,Atlanta,308.2577697254987,305.99268271961915,308.2577697254987,10,L5,2010,"{""type"":""MultiPoint"",""coordinates"":[]}"
00000000000000000033_4,5,0.0016956452156962,Atlanta,308.63950088490213,305.40094620624734,308.63950088490213,10,L5,2010,"{""type"":""MultiPoint"",""coordinates"":[]}"
00000000000000000034_0,1,87.8059743980562,Philadelphia,312.6066868126409,309.92308367548475,312.6066868126409,4,L5,2010,"{""type"":""MultiPoint"",""coordinates"":[]}"
00000000000000000034_1,2,6.12249154553312,Philadelphia,303.60887592674084,302.009041384579,303.60887592674084,4,L5,2010,"{""type"":""MultiPoint"",""coordinates"":[]}"
00000000000000000034_2,3,1.22453983365194,Philadelphia,307.40698484664244,305.7603211949599,307.40698484664244,4,L5,2010,"{""type"":""MultiPoint"",""coordinates"":[]}"
00000000000000000034_3,4,4.844757160986428,Philadelphia,301.15126622600025,300.1661633449033,301.15126622600025,4,L5,2010,"{""type"":""MultiPoint"",""coordinates"":[]}"
00000000000000000034_4,5,0.002237061772301,Philadelphia,304.08308555881786,302.8656825949973,304.08308555881786,4,L5,2010,"{""type"":""MultiPoint"",""coordinates"":[]}"
00000000000000000035_0,1,65.70479872282964,Phoenix,326.6044304159591,320.5317058266485,326.5801450642689,18,L5,2010,"{""type"":""MultiPoint"",""coordinates"":[]}"
00000000000000000035_1,2,31.218684011013114,Phoenix,328.07316328588365,321.79009112741716,328.03095641866673,18,L5,2010,"{""type"":""MultiPoint"",""coordinates"":[]}"
00000000000000000035_2,3,2.4277652451966167,Phoenix,321.0997783979584,313.5294303193791,321.0962579007902,18,L5,2010,"{""type"":""MultiPoint"",""coordinates"":[]}"
00000000000000000035_3,4,0.1166366507951628,Phoenix,312.11712510966663,309.1124086107108,312.0990594912097,18,L5,2010,"{""type"":""MultiPoint"",""coordinates"":[]}"
00000000000000000035_4,5,0.5321153701654617,Phoenix,328.07508613589505,321.5252207998623,328.0507235764784,18,L5,2010,"{""type"":""MultiPoint"",""coordinates"":[]}"
00000000000000000052_0,1,53.21458854253825,Sydney,320.06583189925857,314.21775464805,319.73633899296806,30,L8,2020,"{""type"":""MultiPoint"",""coordinates"":[]}"
00000000000000000052_1,2,40.92877681225184,Sydney,317.6059829440205,309.9753953768907,317.2989316916453,30,L8,2020,"{""type"":""MultiPoint"",""coordinates"":[]}"
00000000000000000052_2,3,0.731062541647501,Sydney,326.1079853962939,316.0530140208785,325.5891683720919,30,L8,2020,"{""type"":""MultiPoint"",""coordinates"":[]}"
00000000000000000052_3,4,1.7161358310282409,Sydney,311.6848760291978,305.50712582617837,311.2895105619539,30,L8,2020,"{""type"":""MultiPoint"",""coordinates"":[]}"
00000000000000000052_4,5,3.409436272534165,Sydney,302.66458848398173,299.8010268737378,302.66276881111907,30,L8,2020,"{""type"":""MultiPoint"",""coordinates"":[]}"
00000000000000000053_0,1,26.17830413693881,Hobart,305.2390389747191,302.32267828578904,305.2390389747191,23,L8,2020,"{""type"":""MultiPoint"",""coordinates"":[]}"
00000000000000000053_1,2,64.36402711769685,Hobart,301.2099813994079,297.9041819405886,301.2099813994079,23,L8,2020,"{""type"":""MultiPoint"",""coordinates"":[]}"
00000000000000000053_2,3,7.998165512855622,Hobart,315.06243656892815,309.1527209397578,315.06243656892815,23,L8,2020,"{""type"":""MultiPoint"",""coordinates"":[]}"
00000000000000000053_3,4,0.4616049248475728,Hobart,300.95417028307736,297.65893558937034,300.95417028307736,23,L8,2020,"{""type"":""MultiPoint"",""coordinates"":[]}"
00000000000000000053_4,5,0.997898307661153,Hobart,291.4967385995384,289.3994908644842,291.4967385995384,23,L8,2020,"{""type"":""MultiPoint"",""coordinates"":[]}"
0000000000000000005e_0,1,37.160330275588585,Vientiane Capital,301.65178449582015,301.3079004680337,301.65178449582015,15,L8,2020,"{""type"":""MultiPoint"",""coordinates"":[]}"
0000000000000000005e_1,2,27.50249582361611,Vientiane Capital,299.5602820133746,298.15771887649976,299.5602820133746,15,L8,2020,"{""type"":""MultiPoint"",""coordinates"":[]}"
0000000000000000005e_2,3,28.68314133129371,Vientiane Capital,300.93692841901196,300.310971307926,300.93692841901196,15,L8,2020,"{""type"":""MultiPoint"",""coordinates"":[]}"
0000000000000000005e_3,4,6.587427027582724,Vientiane Capital,299.7757616463066,298.50942834693274,299.7757616463066,15,L8,2020,"{""type"":""MultiPoint"",""coordinates"":[]}"
0000000000000000005e_4,5,0.0666055419188826,Vientiane Capital,301.1834485829694,300.35908239662615,301.1834485829694,15,L8,2020,"{""type"":""MultiPoint"",""coordinates"":[]}"
00000000000000000025_0,1,48.076062907505474,Sofia,309.8186509625079,307.28295153119245,309.8186295361352,20,L8,2020,"{""type"":""MultiPoint"",""coordinates"":[]}"
00000000000000000025_1,2,37.76379528637921,Sofia,302.13917432680245,299.7660684726458,302.1385771291306,20,L8,2020,"{""type"":""MultiPoint"",""coordinates"":[]}"
00000000000000000025_2,3,13.43987667449662,Sofia,311.7650598477457,306.36408271633735,311.7650598477457,20,L8,2020,"{""type"":""MultiPoint"",""coordinates"":[]}"
00000000000000000025_3,4,0.7109529299761179,Sofia,302.2833983215094,300.68594065436866,302.2833983215094,20,L8,2020,"{""type"":""MultiPoint"",""coordinates"":[]}"
00000000000000000025_4,5,0.0093122016425799,Sofia,310.2095568085301,307.5407768067127,310.2095568085301,20,L8,2020,"{""type"":""MultiPoint"",""coordinates"":[]}"
00000000000000000042_0,1,97.1674589384794,Buenos Aires,309.73682104973165,305.8067847682751,309.73682104973165,9,L8,2020,"{""type"":""MultiPoint"",""coordinates"":[]}"
00000000000000000042_1,2,1.963141701650348,Buenos Aires,305.9342673397153,301.2804709542063,305.9342673397153,9,L8,2020,"{""type"":""MultiPoint"",""coordinates"":[]}"
00000000000000000042_2,4,0.6864217781410281,Buenos Aires,304.35737023317665,300.97067347774095,304.35737023317665,9,L8,2020,"{""type"":""MultiPoint"",""coordinates"":[]}"
00000000000000000042_3,5,0.1829775817292274,Buenos Aires,305.69391044732623,301.50159322179377,305.69391044732623,9,L8,2020,"{""type"":""MultiPoint"",""coordinates"":[]}"
00000000000000000001_0,1,84.01466312677289,Los Angeles,320.37667889310904,316.16400638983566,320.37667869159515,12,L8,2020,"{""type"":""MultiPoint"",""coordinates"":[]}"
00000000000000000001_1,2,12.436397036944314,Los Angeles,316.63804518780154,310.6336638328428,316.63803975033386,12,L8,2020,"{""type"":""MultiPoint"",""coordinates"":[]}"
00000000000000000001_2,3,0.1879603636473459,Los Angeles,316.081464546241,311.44850313575336,316.081464546241,12,L8,2020,"{""type"":""MultiPoint"",""coordinates"":[]}"
00000000000000000001_3,4,0.3587766589634937,Los Angeles,308.10286811597206,304.34357470083614,308.10286811597206,12,L8,2020,"{""type"":""MultiPoint"",""coordinates"":[]}"
00000000000000000001_4,5,3.002202813671956,Los Angeles,299.45795182145446,296.8745942429209,299.45795182145446,12,L8,2020,"{""type"":""MultiPoint"",""coordinates"":[]}"
00000000000000000002_0,1,93.10500692211367,Chicago,313.83163113598147,309.5042626090988,313.83163113598147,11,L8,2020,"{""type"":""MultiPoint"",""coordinates"":[]}"
00000000000000000002_1,2,3.0933235722581705,Chicago,307.90484084719907,304.60156806319344,307.90484084719907,11,L8,2020,"{""type"":""MultiPoint"",""coordinates"":[]}"
00000000000000000002_2,3,1.217063513626926,Chicago,309.51420130718384,305.9743270833857,309.51420130718384,11,L8,2020,"{""type"":""MultiPoint"",""coordinates"":[]}"
00000000000000000002_3,4,2.5752380658089766,Chicago,302.4910069029858,298.83394139641575,302.4910069029858,11,L8,2020,"{""type"":""MultiPoint"",""coordinates"":[]}"
00000000000000000002_4,5,0.0093679261922298,Chicago,305.6855188346971,302.78750559674216,305.6855188346971,11,L8,2020,"{""type"":""MultiPoint"",""coordinates"":[]}"
00000000000000000005_0,1,58.90987618913901,Madrid,321.0111156006525,315.0709398256627,321.0111156006525,6,L8,2020,"{""type"":""MultiPoint"",""coordinates"":[]}"
00000000000000000005_1,2,38.56750929208064,Madrid,323.9284118776078,316.52050172915165,323.9284118776078,6,L8,2020,"{""type"":""MultiPoint"",""coordinates"":[]}"
00000000000000000005_2,3,2.036686556166488,Madrid,325.21728677764054,318.68503510498266,325.21728677764054,6,L8,2020,"{""type"":""MultiPoint"",""coordinates"":[]}"
00000000000000000005_3,4,0.3400006521147482,Madrid,308.81350738955865,303.97860912638004,308.81350738955865,6,L8,2020,"{""type"":""MultiPoint"",""coordinates"":[]}"
00000000000000000005_4,5,0.1459273104991139,Madrid,322.14745584438765,316.02624838472434,322.14745584438765,6,L8,2020,"{""type"":""MultiPoint"",""coordinates"":[]}"
00000000000000000009_0,1,55.9388730084274,Rome,322.9429296960426,315.18577074604065,322.76814313324076,10,L8,2020,"{""type"":""MultiPoint"",""coordinates"":[]}"
00000000000000000009_1,2,16.26874060822681,Rome,319.17640129750646,310.9333225787143,319.115412361463,10,L8,2020,"{""type"":""MultiPoint"",""coordinates"":[]}"
00000000000000000009_2,3,27.246102051332805,Rome,326.99373811691333,317.4348386264502,326.77785269085575,10,L8,2020,"{""type"":""MultiPoint"",""coordinates"":[]}"
00000000000000000009_3,4,0.5224863843115647,Rome,312.56840813919626,306.00969476046004,312.5633330663999,10,L8,2020,"{""type"":""MultiPoint"",""coordinates"":[]}"
00000000000000000009_4,5,0.023797947701425,Rome,310.8405675837225,305.89448104615224,310.8405675837225,10,L8,2020,"{""type"":""MultiPoint"",""coordinates"":[]}"
00000000000000000017_0,1,90.26120063808332,Casablanca,315.15652210918824,313.0354733235872,315.15652210918824,6,L8,2020,"{""type"":""MultiPoint"",""coordinates"":[]}"
00000000000000000017_1,2,1.3068281765098992,Casablanca,316.9796542429808,314.4425810989544,316.9796542429808,6,L8,2020,"{""type"":""MultiPoint"",""coordinates"":[]}"
00000000000000000017_2,3,7.932929227645304,Casablanca,319.64011584649523,316.6905068001093,319.64011584649523,6,L8,2020,"{""type"":""MultiPoint"",""coordinates"":[]}"
00000000000000000017_3,4,0.138489112870201,Casablanca,307.5769677775654,306.0088089617941,307.5769677775654,6,L8,2020,"{""type"":""MultiPoint"",""coordinates"":[]}"
00000000000000000017_4,5,0.3605528448912709,Casablanca,307.0286949407135,305.462080799274,307.0286949407135,6,L8,2020,"{""type"":""MultiPoint"",""coordinates"":[]}"
00000000000000000023_0,1,74.0766552112258,Budapest,309.4067160463762,304.31720050144776,309.4067160463762,8,L8,2020,"{""type"":""MultiPoint"",""coordinates"":[]}"
00000000000000000023_1,2,18.213835814455667,Budapest,305.20438603250795,300.0453078059848,305.20438603250795,8,L8,2020,"{""type"":""MultiPoint"",""coordinates"":[]}"
00000000000000000023_2,3,5.084136647018623,Budapest,310.32299647954824,302.9971351091085,310.32299647954824,8,L8,2020,"{""type"":""MultiPoint"",""coordinates"":[]}"
00000000000000000023_3,4,2.6251410438129437,Budapest,297.7182644722476,295.91240013295663,297.7182644722476,8,L8,2020,"{""type"":""MultiPoint"",""coordinates"":[]}"
00000000000000000023_4,5,0.0002312834869862157,Budapest,302.8353563758969,299.69327283209617,302.8353563758969,8,L8,2020,"{""type"":""MultiPoint"",""coordinates"":[]}"
0000000000000000002c_0,1,69.82702382422062,Seattle,309.0451931576206,303.91973924708066,309.0451931576206,11,L8,2020,"{""type"":""MultiPoint"",""coordinates"":[]}"
0000000000000000002c_1,2,2.8815185578852756,Seattle,300.780493975369,296.70208098889105,300.780493975369,11,L8,2020,"{""type"":""MultiPoint"",""coordinates"":[]}"
0000000000000000002c_2,3,0.0129969370042109,Seattle,309.4344706745614,302.84114103912515,309.4344706745614,11,L8,2020,"{""type"":""MultiPoint"",""coordinates"":[]}"
0000000000000000002c_3,4,13.171330414617266,Seattle,298.07253131311256,294.5751718059886,298.07253131311256,11,L8,2020,"{""type"":""MultiPoint"",""coordinates"":[]}"
0000000000000000002c_4,5,14.10713026627262,Seattle,290.3214725161858,288.32405048147456,290.3214725161858,11,L8,2020,"{""type"":""MultiPoint"",""coordinates"":[]}"
0000000000000000002d_0,1,82.42719736470072,Vancouver,308.47635718253343,304.69805718783067,308.418381050353,16,L8,2020,"{""type"":""MultiPoint"",""coordinates"":[]}"
0000000000000000002d_1,2,3.943214893922801,Vancouver,298.9910540625281,295.66510842558483,298.9614880423221,16,L8,2020,"{""type"":""MultiPoint"",""coordinates"":[]}"
0000000000000000002d_2,3,0.072676406524987,Vancouver,303.4051618315666,300.1392174665468,303.384794054105,16,L8,2020,"{""type"":""MultiPoint"",""coordinates"":[]}"
0000000000000000002d_3,4,0.5954355472842868,Vancouver,298.53468629436145,295.69596591679124,298.50184614696764,16,L8,2020,"{""type"":""MultiPoint"",""coordinates"":[]}"
0000000000000000002d_4,5,12.961475787567206,Vancouver,294.46169127208776,291.55011936166653,294.3295502915269,16,L8,2020,"{""type"":""MultiPoint"",""coordinates"":[]}"
00000000000000000030_0,1,59.912305250677235,Boston,307.6648443579907,306.45480105911736,307.6648443579907,14,L8,2020,"{""type"":""MultiPoint"",""coordinates"":[]}"
00000000000000000030_1,2,2.656770890129771,Boston,302.4386963597235,301.82867862630894,302.4386963597235,14,L8,2020,"{""type"":""MultiPoint"",""coordinates"":[]}"
00000000000000000030_2,3,0.4410669731728528,Boston,306.08186368900317,304.9575388299359,306.08186368900317,14,L8,2020,"{""type"":""MultiPoint"",""coordinates"":[]}"
00000000000000000030_3,4,2.599522008461937,Boston,297.22775192183354,296.6452133917982,297.22775192183354,14,L8,2020,"{""type"":""MultiPoint"",""coordinates"":[]}"
00000000000000000030_4,5,34.390334877558196,Boston,292.8961788019942,292.5257710361416,292.8961788019942,14,L8,2020,"{""type"":""MultiPoint"",""coordinates"":[]}"
00000000000000000031_0,1,77.77741055396962,Houston,316.4622677948224,312.96857523125436,316.43660473528035,23,L8,2020,"{""type"":""MultiPoint"",""coordinates"":[]}"
00000000000000000031_1,2,17.598017366146347,Houston,309.93550152055514,307.1563838290209,309.9137946541625,23,L8,2020,"{""type"":""MultiPoint"",""coordinates"":[]}"
00000000000000000031_2,3,0.0849027971153362,Houston,313.05268324612103,309.6617997755138,313.03825834552805,23,L8,2020,"{""type"":""MultiPoint"",""coordinates"":[]}"
00000000000000000031_3,4,3.893249033336115,Houston,306.81574256545787,304.9405275052314,306.81449039581884,23,L8,2020,"{""type"":""MultiPoint"",""coordinates"":[]}"
00000000000000000031_4,5,0.6464202494325775,Houston,306.7293296626163,303.92904128302587,306.7269809704984,23,L8,2020,"{""type"":""MultiPoint"",""coordinates"":[]}"
00000000000000000032_0,1,72.49981351893241,Dallas,317.57133651042085,314.9204928407158,317.5269716998165,17,L8,2020,"{""type"":""MultiPoint"",""coordinates"":[]}"
00000000000000000032_1,2,15.85418164020274,Dallas,311.5486758353669,309.09531649308366,311.4868329790687,17,L8,2020,"{""type"":""MultiPoint"",""coordinates"":[]}"
00000000000000000032_2,3,0.6327831406184559,Dallas,315.87087518885704,312.20707146977355,315.73759880122554,17,L8,2020,"{""type"":""MultiPoint"",""coordinates"":[]}"
00000000000000000032_3,4,11.012088002000665,Dallas,306.45347639590784,304.3156666056584,306.44399430983987,17,L8,2020,"{""type"":""MultiPoint"",""coordinates"":[]}"
00000000000000000032_4,5,0.0011336982457271,Dallas,320.51983549551414,317.24790081749035,320.51983549551414,17,L8,2020,"{""type"":""MultiPoint"",""coordinates"":[]}"
00000000000000000033_0,1,90.62789459729696,Atlanta,308.7478727178926,304.51442140694553,308.7478727178926,12,L8,2020,"{""type"":""MultiPoint"",""coordinates"":[]}"
00000000000000000033_1,2,8.880814643818168,Atlanta,304.6401789987078,301.11244901824165,304.6401789987078,12,L8,2020,"{""type"":""MultiPoint"",""coordinates"":[]}"
00000000000000000033_2,3,0.1286454439600644,Atlanta,307.80800901282976,303.4356920070905,307.80800901282976,12,L8,2020,"{""type"":""MultiPoint"",""coordinates"":[]}"
00000000000000000033_3,4,0.3626453149247882,Atlanta,303.8624889634247,300.6580688798675,303.8624889634247,12,L8,2020,"{""type"":""MultiPoint"",""coordinates"":[]}"
00000000000000000034_0,1,88.19270023788228,Philadelphia,310.2014406159781,305.38715690355446,310.2014406159781,6,L8,2020,"{""type"":""MultiPoint"",""coordinates"":[]}"
00000000000000000034_1,2,5.911139651600437,Philadelphia,303.2461083513113,298.6485607556189,303.2461083513113,6,L8,2020,"{""type"":""MultiPoint"",""coordinates"":[]}"
00000000000000000034_2,3,1.2052462724647517,Philadelphia,306.4807423641439,300.9428197484758,306.4807423641439,6,L8,2020,"{""type"":""MultiPoint"",""coordinates"":[]}"
00000000000000000034_3,4,4.68904961990895,Philadelphia,299.3727859435167,295.7018479998441,299.3727859435167,6,L8,2020,"{""type"":""MultiPoint"",""coordinates"":[]}"
00000000000000000034_4,5,0.0018642181435842,Philadelphia,308.2584319864681,304.736036719741,308.2584319864681,6,L8,2020,"{""type"":""MultiPoint"",""coordinates"":[]}"
00000000000000000035_0,1,67.88523264837852,Phoenix,328.2109740010757,324.78737357900405,328.2105644393007,17,L8,2020,"{""type"":""MultiPoint"",""coordinates"":[]}"
00000000000000000035_1,2,29.376882858798343,Phoenix,329.7026252087826,326.77996124656914,329.7010056606157,17,L8,2020,"{""type"":""MultiPoint"",""coordinates"":[]}"
00000000000000000035_2,3,1.9863489686325977,Phoenix,325.940109949376,318.5257625495898,325.9397659462687,17,L8,2020,"{""type"":""MultiPoint"",""coordinates"":[]}"
00000000000000000035_3,4,0.1111555143387485,Phoenix,318.1500088950323,314.76458562779095,318.1491124673622,17,L8,2020,"{""type"":""MultiPoint"",""coordinates"":[]}"
00000000000000000035_4,5,0.640380009851798,Phoenix,330.1002140104631,326.42706424489353,330.0994161381831,17,L8,2020,"{""type"":""MultiPoint"",""coordinates"":[]}"
0000000000000000004e_0,1,42.86146785934247,Gaborone,316.431498440807,309.90292300109587,316.431498440807,9,L8,2020,"{""type"":""MultiPoint"",""coordinates"":[]}"
0000000000000000004e_1,2,50.86320694902082,Gaborone,314.81856120805054,307.04738340845455,314.81856120805054,9,L8,2020,"{""type"":""MultiPoint"",""coordinates"":[]}"
0000000000000000004e_2,3,0.2623444707580452,Gaborone,312.98701112566476,306.67461407099887,312.98701112566476,9,L8,2020,"{""type"":""MultiPoint"",""coordinates"":[]}"
0000000000000000004e_3,4,5.919573225580862,Gaborone,301.73457137266564,299.4788304344184,301.73457137266564,9,L8,2020,"{""type"":""MultiPoint"",""coordinates"":[]}"
0000000000000000004e_4,5,0.0934074952977957,Gaborone,309.07313230863025,304.55192261739995,309.07313230863025,9,L8,2020,"{""type"":""MultiPoint"",""coordinates"":[]}"
00000000000000000058_0,1,59.99372285443362,Special capital Region of Jakarta,308.15714563526495,307.0967750603356,308.15714563526495,30,L8,2020,"{""type"":""MultiPoint"",""coordinates"":[]}"
00000000000000000058_1,2,2.197383854179394,Special capital Region of Jakarta,304.63984984492,302.96853082883536,304.63984984492,30,L8,2020,"{""type"":""MultiPoint"",""coordinates"":[]}"
00000000000000000058_2,3,0.8793166913016969,Special capital Region of Jakarta,304.3368552341134,304.14402912172426,304.3368552341134,30,L8,2020,"{""type"":""MultiPoint"",""coordinates"":[]}"
00000000000000000058_3,4,1.3098567496235003,Special capital Region of Jakarta,301.74283354923625,301.11980898842364,301.74283354923625,30,L8,2020,"{""type"":""MultiPoint"",""coordinates"":[]}"
00000000000000000058_4,5,35.61971985046178,Special capital Region of Jakarta,301.34769905473445,299.71371118842814,301.34769905473445,30,L8,2020,"{""type"":""MultiPoint"",""coordinates"":[]}"
00000000000000000000_0,1,70.77764681032576,New York,313.3219730250173,307.9346513886447,313.3217970219083,15,L8,2020,"{""type"":""MultiPoint"",""coordinates"":[]}"
00000000000000000000_1,2,4.982081628999397,New York,306.07880930284904,301.67135399459147,306.0787416791601,15,L8,2020,"{""type"":""MultiPoint"",""coordinates"":[]}"
00000000000000000000_2,3,0.844772004059864,New York,309.3100368701347,304.21138618536327,309.3099162805258,15,L8,2020,"{""type"":""MultiPoint"",""coordinates"":[]}"
00000000000000000000_3,4,3.3566771226214827,New York,301.46796212726616,298.34304590393504,301.4678922499365,15,L8,2020,"{""type"":""MultiPoint"",""coordinates"":[]}"
00000000000000000000_4,5,20.03882243399349,New York,298.82710498559095,295.918867405148,298.82707608657256,15,L8,2020,"{""type"":""MultiPoint"",""coordinates"":[]}"
00000000000000000011_0,1,60.91203409484349,Mumbai,267.45263660924786,266.85656487255693,267.45263660924786,5,L8,2020,"{""type"":""MultiPoint"",""coordinates"":[]}"
00000000000000000011_1,2,32.07955439596473,Mumbai,270.07057379464715,268.8345606470269,270.07057379464715,5,L8,2020,"{""type"":""MultiPoint"",""coordinates"":[]}"
00000000000000000011_2,3,1.0020276404104067,Mumbai,270.2816317421502,267.1481491192135,270.2816317421502,5,L8,2020,"{""type"":""MultiPoint"",""coordinates"":[]}"
00000000000000000011_3,4,3.966828907415033,Mumbai,266.934662735186,266.2959464672679,266.934662735186,5,L8,2020,"{""type"":""MultiPoint"",""coordinates"":[]}"
00000000000000000011_4,5,2.039554961366341,Mumbai,266.8803298783882,263.349903169173,266.8803298783882,5,L8,2020,"{""type"":""MultiPoint"",""coordinates"":[]}"
00000000000000000012_0,1,16.98384621654553,Karachi Division,312.33517861591935,305.74470453399283,312.3281676532688,24,L8,2020,"{""type"":""MultiPoint"",""coordinates"":[]}"
00000000000000000012_1,2,28.502678354518263,Karachi Division,313.51690443963935,305.9638768555755,313.4658054663739,24,L8,2020,"{""type"":""MultiPoint"",""coordinates"":[]}"
00000000000000000012_2,3,3.4615738131251113,Karachi Division,311.98029603677173,304.93058772597533,311.9149569942736,24,L8,2020,"{""type"":""MultiPoint"",""coordinates"":[]}"
00000000000000000012_3,4,1.6581330368596054,Karachi Division,307.97306794068413,302.9869327228374,307.96096690301636,24,L8,2020,"{""type"":""MultiPoint"",""coordinates"":[]}"
00000000000000000012_4,5,49.39376857895147,Karachi Division,312.8280330864509,306.48817565675927,312.7753577350104,24,L8,2020,"{""type"":""MultiPoint"",""coordinates"":[]}"
00000000000000000014_0,1,63.09441508275789,Baghdad,332.62501432130244,326.1385885705826,331.4821664176727,12,L8,2020,"{""type"":""MultiPoint"",""coordinates"":[]}"
00000000000000000014_1,2,18.39719788593673,Baghdad,332.6338485241113,326.0437515511803,331.3985393302586,12,L8,2020,"{""type"":""MultiPoint"",""coordinates"":[]}"
00000000000000000014_2,3,8.036994728277369,Baghdad,332.2490413872963,325.70100691814446,331.06000649665987,12,L8,2020,"{""type"":""MultiPoint"",""coordinates"":[]}"
00000000000000000014_3,4,2.2467759404484715,Baghdad,317.0113114824481,312.29961611026584,316.2423561577773,12,L8,2020,"{""type"":""MultiPoint"",""coordinates"":[]}"
00000000000000000014_4,5,8.22461636257952,Baghdad,337.0946075321379,329.8602759777442,335.759060883586,12,L8,2020,"{""type"":""MultiPoint"",""coordinates"":[]}"
00000000000000000028_0,1,5.8488221858058385,Baku City,317.63285416346906,314.0816504767983,317.63163734510795,29,L8,2020,"{""type"":""MultiPoint"",""coordinates"":[]}"
00000000000000000028_1,2,10.719736658345964,Baku City,322.74163334401527,318.0846624888796,322.6657623714624,29,L8,2020,"{""type"":""MultiPoint"",""coordinates"":[]}"
00000000000000000028_2,3,0.1546268319723117,Baku City,317.1419097600484,313.62431816667345,317.0881079833808,29,L8,2020,"{""type"":""MultiPoint"",""coordinates"":[]}"
00000000000000000028_3,4,81.00014287436039,Baku City,299.85726851086883,297.53066578046327,299.8433614366942,29,L8,2020,"{""type"":""MultiPoint"",""coordinates"":[]}"
00000000000000000028_4,5,2.2766714495154874,Baku City,320.7473868282766,315.92122700501886,320.6649089524759,29,L8,2020,"{""type"":""MultiPoint"",""coordinates"":[]}"
0000000000000000001a_0,1,68.13326409757084,Manila,316.6135072306273,315.3059822410939,316.6135072306273,4,L8,2020,"{""type"":""MultiPoint"",""coordinates"":[]}"
0000000000000000001a_1,2,0.0274527504266012,Manila,310.683928771956,309.3366917254581,310.683928771956,4,L8,2020,"{""type"":""MultiPoint"",""coordinates"":[]}"
0000000000000000001a_2,4,1.1420455322204708,Manila,307.3564928045099,307.03564181368745,307.3564928045099,4,L8,2020,"{""type"":""MultiPoint"",""coordinates"":[]}"
0000000000000000001a_3,5,30.69723761978208,Manila,304.0633301647963,303.6708114203018,304.0633301647963,4,L8,2020,"{""type"":""MultiPoint"",""coordinates"":[]}"
00000000000000000003_0,1,90.01340124398567,Toronto,317.24122309588915,309.6830893078191,317.22986950509494,21,L8,2020,"{""type"":""MultiPoint"",""coordinates"":[]}"
00000000000000000003_1,2,3.9438378270274272,Toronto,308.5109234438728,301.96868666234343,308.5009251857524,21,L8,2020,"{""type"":""MultiPoint"",""coordinates"":[]}"
00000000000000000003_2,3,1.7315441522229535,Toronto,312.55354439350845,305.31665244977773,312.4901550499844,21,L8,2020,"{""type"":""MultiPoint"",""coordinates"":[]}"
00000000000000000003_3,4,4.308342253821445,Toronto,296.09608733452615,292.6085449278807,296.0710038579546,21,L8,2020,"{""type"":""MultiPoint"",""coordinates"":[]}"
00000000000000000003_4,5,0.0028745229425085,Toronto,301.515787732787,297.7635472398519,301.515787732787,21,L8,2020,"{""type"":""MultiPoint"",""coordinates"":[]}"
0000000000000000002b_0,1,56.20707526133381,San Francisco,309.44185836901863,307.8011284187045,309.44185836901863,15,L8,2020,"{""type"":""MultiPoint"",""coordinates"":[]}"
0000000000000000002b_1,2,1.664534931306334,San Francisco,302.9121947064695,301.57298382197115,302.9114590493209,15,L8,2020,"{""type"":""MultiPoint"",""coordinates"":[]}"
0000000000000000002b_2,3,0.1603082976392136,San Francisco,303.40658402982166,302.25279056948995,303.40658402982166,15,L8,2020,"{""type"":""MultiPoint"",""coordinates"":[]}"
0000000000000000002b_3,4,1.7121460460696316,San Francisco,297.71436171037027,296.75155429943595,297.71397068421595,15,L8,2020,"{""type"":""MultiPoint"",""coordinates"":[]}"
0000000000000000002b_4,5,40.255935463651014,San Francisco,292.6368394628848,291.3049290744807,292.63651032247554,15,L8,2020,"{""type"":""MultiPoint"",""coordinates"":[]}"
00000000000000000054_0,1,81.23958127147652,City of Georgetown,304.4865931702762,304.11116432492497,304.4865931702762,3,L8,2020,"{""type"":""MultiPoint"",""coordinates"":[]}"
00000000000000000054_1,2,17.783448046837265,City of Georgetown,300.14743171923226,300.03223731699643,300.14743171923226,3,L8,2020,"{""type"":""MultiPoint"",""coordinates"":[]}"
00000000000000000054_2,3,0.7488445002715788,City of Georgetown,300.67217000605007,300.67217000605007,300.67217000605007,3,L8,2020,"{""type"":""MultiPoint"",""coordinates"":[]}"
00000000000000000054_3,4,0.0777493951626142,City of Georgetown,303.51047023778284,303.41409026817814,303.51047023778284,3,L8,2020,"{""type"":""MultiPoint"",""coordinates"":[]}"
00000000000000000054_4,5,0.1503767862520157,City of Georgetown,304.11941949967905,303.9614080498819,304.11941949967905,3,L8,2020,"{""type"":""MultiPoint"",""coordinates"":[]}"
00000000000000000059_0,1,92.37943235368022,Bandung City,316.0573783298302,312.58365418830243,316.0573783298302,18,L8,2020,"{""type"":""MultiPoint"",""coordinates"":[]}"
00000000000000000059_1,2,3.360029815136904,Bandung City,311.6155896402544,306.56591760934595,311.6155896402544,18,L8,2020,"{""type"":""MultiPoint"",""coordinates"":[]}"
00000000000000000059_2,3,4.228675152746139,Bandung City,314.78932412685083,306.3342581657458,314.78932412685083,18,L8,2020,"{""type"":""MultiPoint"",""coordinates"":[]}"
00000000000000000059_3,4,0.031331633796114,Bandung City,313.3422788777103,306.55199296647703,313.3422788777103,18,L8,2020,"{""type"":""MultiPoint"",""coordinates"":[]}"
00000000000000000059_4,5,0.0005310446406121031,Bandung City,308.12490116233886,304.79958934546045,308.12490116233886,18,L8,2020,"{""type"":""MultiPoint"",""coordinates"":[]}"
0000000000000000005a_0,1,76.68898255525319,Surabaya,321.2593357924485,308.0511644326247,321.2593357924485,9,L8,2020,"{""type"":""MultiPoint"",""coordinates"":[]}"
0000000000000000005a_1,2,5.068093322965307,Surabaya,316.2316435454031,302.6024952743811,316.2316435454031,9,L8,2020,"{""type"":""MultiPoint"",""coordinates"":[]}"
0000000000000000005a_2,3,4.431463999218889,Surabaya,319.2062603926468,302.37777342432025,319.2062603926468,9,L8,2020,"{""type"":""MultiPoint"",""coordinates"":[]}"
0000000000000000005a_3,4,11.572923351817291,Surabaya,313.83083085392684,302.3990684430709,313.83083085392684,9,L8,2020,"{""type"":""MultiPoint"",""coordinates"":[]}"
0000000000000000005a_4,5,2.2385367707453243,Surabaya,310.817382486521,301.57950519671846,310.817382486521,9,L8,2020,"{""type"":""MultiPoint"",""coordinates"":[]}"
0000000000000000005b_0,1,80.9415664265112,City of Medan,296.32067222807126,295.8834148199351,296.32067222807126,12,L8,2020,"{""type"":""MultiPoint"",""coordinates"":[]}"
0000000000000000005b_1,2,11.775389958008294,City of Medan,293.0381807746917,291.9294658649983,293.0381807746917,12,L8,2020,"{""type"":""MultiPoint"",""coordinates"":[]}"
0000000000000000005b_2,3,0.7759707973627764,City of Medan,294.9049983720092,294.7182854342884,294.9049983720092,12,L8,2020,"{""type"":""MultiPoint"",""coordinates"":[]}"
0000000000000000005b_3,4,6.12990394171113,City of Medan,295.1088265543422,294.9576612949193,295.1088265543422,12,L8,2020,"{""type"":""MultiPoint"",""coordinates"":[]}"
0000000000000000005b_4,5,0.377168876406621,City of Medan,294.623348416786,294.6152356796341,294.623348416786,12,L8,2020,"{""type"":""MultiPoint"",""coordinates"":[]}"
0000000000000000005c_0,1,75.87131594471037,Denpasar,318.38708760526106,311.1897283453478,318.17529799859864,19,L8,2020,"{""type"":""MultiPoint"",""coordinates"":[]}"
0000000000000000005c_1,2,4.551859018884259,Denpasar,312.1698360386174,306.23077135692574,311.77437180786114,19,L8,2020,"{""type"":""MultiPoint"",""coordinates"":[]}"
0000000000000000005c_2,3,2.8914747880695164,Denpasar,314.6390888371419,307.0153406350388,314.1021042432914,19,L8,2020,"{""type"":""MultiPoint"",""coordinates"":[]}"
0000000000000000005c_3,4,1.7661952202336213,Denpasar,311.84622437419006,306.471797095727,311.6031533409332,19,L8,2020,"{""type"":""MultiPoint"",""coordinates"":[]}"
0000000000000000005c_4,5,14.91915502810224,Denpasar,308.62431418851673,303.6979843079183,308.57999015175847,19,L8,2020,"{""type"":""MultiPoint"",""coordinates"":[]}"
0000000000000000001b_0,1,97.20420344046164,Kathmandu Metropolitan City,302.84491313518663,302.84294500212377,302.84491313518663,3,L8,2020,"{""type"":""MultiPoint"",""coordinates"":[]}"
0000000000000000001b_1,2,2.231033044741744,Kathmandu Metropolitan City,299.7287341917055,299.7287341917055,299.7287341917055,3,L8,2020,"{""type"":""MultiPoint"",""coordinates"":[]}"
0000000000000000001b_2,3,0.5635351276726663,Kathmandu Metropolitan City,300.69216721066215,300.69216721066215,300.69216721066215,3,L8,2020,"{""type"":""MultiPoint"",""coordinates"":[]}"
0000000000000000002e_0,1,96.11929183430748,Lisbon,315.49280736752246,312.42344203050936,315.49280736752246,5,L8,2020,"{""type"":""MultiPoint"",""coordinates"":[]}"
0000000000000000002e_1,2,2.384044745190145,Lisbon,313.07787720937273,308.78495634552166,313.07787720937273,5,L8,2020,"{""type"":""MultiPoint"",""coordinates"":[]}"
0000000000000000002e_2,3,0.7518551007022999,Lisbon,320.4653146233277,315.543942644422,320.4653146233277,5,L8,2020,"{""type"":""MultiPoint"",""coordinates"":[]}"
0000000000000000002e_3,4,0.1500853483933229,Lisbon,306.71096545999484,304.75744707517356,306.71096545999484,5,L8,2020,"{""type"":""MultiPoint"",""coordinates"":[]}"
0000000000000000002e_4,5,0.5947229714067604,Lisbon,303.9297648718095,302.2848720279631,303.9297648718095,5,L8,2020,"{""type"":""MultiPoint"",""coordinates"":[]}"
0000000000000000003f_0,1,97.47051151345934,Brussels,316.1663416005243,306.68854045787685,316.14643258434194,18,L8,2020,"{""type"":""MultiPoint"",""coordinates"":[]}"
0000000000000000003f_1,2,1.563337185144157,Brussels,311.24288053895384,303.55908933056963,311.24225470435965,18,L8,2020,"{""type"":""MultiPoint"",""coordinates"":[]}"
0000000000000000003f_2,3,0.1711586014822589,Brussels,312.71487693414576,304.27800130479943,312.71487693414576,18,L8,2020,"{""type"":""MultiPoint"",""coordinates"":[]}"
0000000000000000003f_3,4,0.7949926999142454,Brussels,307.8885088580776,300.39396572129084,307.8885088580776,18,L8,2020,"{""type"":""MultiPoint"",""coordinates"":[]}"
00000000000000000050_0,1,56.30897099927184,Adelaide,313.8415440181506,308.21168912931296,313.8403489677171,24,L8,2020,"{""type"":""MultiPoint"",""coordinates"":[]}"
00000000000000000050_1,2,30.773551149285872,Adelaide,312.4213041386432,307.12601024338437,312.38882515888236,24,L8,2020,"{""type"":""MultiPoint"",""coordinates"":[]}"
00000000000000000050_2,3,8.804633324885923,Adelaide,318.3609377526613,311.2581476636291,318.3284983860525,24,L8,2020,"{""type"":""MultiPoint"",""coordinates"":[]}"
00000000000000000050_3,4,2.3258319968065715,Adelaide,302.33170646059517,298.698855228138,302.23948893989206,24,L8,2020,"{""type"":""MultiPoint"",""coordinates"":[]}"
00000000000000000050_4,5,1.7870125297498085,Adelaide,301.1360891548497,297.28815771506135,301.0823012516404,24,L8,2020,"{""type"":""MultiPoint"",""coordinates"":[]}"
00000000000000000051_0,1,35.829312207415576,Melbourne,310.5285167394763,301.01016318169013,310.440691645621,34,L8,2020,"{""type"":""MultiPoint"",""coordinates"":[]}"
00000000000000000051_1,2,58.996702732199005,Melbourne,306.7839128551463,297.8956350513543,306.74225453814233,34,L8,2020,"{""type"":""MultiPoint"",""coordinates"":[]}"
00000000000000000051_2,3,4.211110841815016,Melbourne,309.24527664811876,301.3846969415219,309.20674746223256,34,L8,2020,"{""type"":""MultiPoint"",""coordinates"":[]}"
00000000000000000051_3,4,0.9279877787455494,Melbourne,300.36328899492696,294.87590236420635,300.3383277297316,34,L8,2020,"{""type"":""MultiPoint"",""coordinates"":[]}"
00000000000000000051_4,5,0.034886439824857,Melbourne,300.9447943370091,294.9715228928255,300.77595897370804,34,L8,2020,"{""type"":""MultiPoint"",""coordinates"":[]}"
00000000000000000060_0,1,99.7664739749374,Athens,313.88191811147675,310.13451780443927,313.5620432170999,17,L8,2020,"{""type"":""MultiPoint"",""coordinates"":[]}"
00000000000000000060_1,2,0.2226302328466403,Athens,312.54472251608576,308.0497462322994,311.97871723764877,17,L8,2020,"{""type"":""MultiPoint"",""coordinates"":[]}"
00000000000000000060_2,3,0.0108957922159605,Athens,316.5114702779399,313.3690946880882,316.5103418184208,17,L8,2020,"{""type"":""MultiPoint"",""coordinates"":[]}"
00000000000000000061_0,1,18.81531074283919,Brasília,304.16594139855584,301.1960344972845,304.16594139855584,15,L8,2020,"{""type"":""MultiPoint"",""coordinates"":[]}"
00000000000000000061_1,2,63.23261198500799,Brasília,301.3947771277565,298.900829453013,301.3947771277565,15,L8,2020,"{""type"":""MultiPoint"",""coordinates"":[]}"
00000000000000000061_2,3,16.836214993307568,Brasília,302.5105581122191,299.83452068997997,302.5105581122191,15,L8,2020,"{""type"":""MultiPoint"",""coordinates"":[]}"
00000000000000000061_3,4,1.115638109259711,Brasília,297.04687150592343,295.79879671913625,297.04687150592343,15,L8,2020,"{""type"":""MultiPoint"",""coordinates"":[]}"
00000000000000000061_4,5,0.0002241695855280476,Brasília,299.63355242184963,297.9261413425902,299.63355242184963,15,L8,2020,"{""type"":""MultiPoint"",""coordinates"":[]}"
00000000000000000062_0,1,44.38614557227529,Dhaka,302.38376062405763,299.7553816384517,302.38376062405763,9,L8,2020,"{""type"":""MultiPoint"",""coordinates"":[]}"
00000000000000000062_1,2,20.37623072512336,Dhaka,301.97195356858066,299.2015855458687,301.97195356858066,9,L8,2020,"{""type"":""MultiPoint"",""coordinates"":[]}"
00000000000000000062_2,3,27.81504396736951,Dhaka,301.9194702452539,298.3806011104803,301.9194702452539,9,L8,2020,"{""type"":""MultiPoint"",""coordinates"":[]}"
00000000000000000062_3,4,7.398864901614638,Dhaka,299.20619570592936,296.96400772382526,299.20619570592936,9,L8,2020,"{""type"":""MultiPoint"",""coordinates"":[]}"
00000000000000000062_4,5,0.0237148336172071,Dhaka,299.33302525509237,295.8194888760721,299.33302525509237,9,L8,2020,"{""type"":""MultiPoint"",""coordinates"":[]}"
00000000000000000063_0,1,16.48795966597809,Riyadh,327.2848117906406,323.24001918877354,326.96399600242336,16,L8,2020,"{""type"":""MultiPoint"",""coordinates"":[]}"
00000000000000000063_1,2,0.3735132863363521,Riyadh,326.70259094422846,322.3700500741763,326.4595933177293,16,L8,2020,"{""type"":""MultiPoint"",""coordinates"":[]}"
00000000000000000063_2,3,0.3426292010366307,Riyadh,327.5653625108052,322.17248206783427,327.4009056372255,16,L8,2020,"{""type"":""MultiPoint"",""coordinates"":[]}"
00000000000000000063_3,4,0.0284157393384924,Riyadh,317.92910049384574,313.74989299548196,317.8166386491288,16,L8,2020,"{""type"":""MultiPoint"",""coordinates"":[]}"
00000000000000000063_4,5,82.76748210731044,Riyadh,329.29551968068984,323.8451421300843,329.1683367988245,16,L8,2020,"{""type"":""MultiPoint"",""coordinates"":[]}"
00000000000000000021_0,1,57.873760935513815,Warsaw,309.24733680708965,303.9288787170191,309.2445551472979,17,L8,2020,"{""type"":""MultiPoint"",""coordinates"":[]}"
00000000000000000021_1,2,36.673612304570064,Warsaw,304.9326102275181,300.02475384471796,304.93237931922295,17,L8,2020,"{""type"":""MultiPoint"",""coordinates"":[]}"
00000000000000000021_2,3,3.4853324700108654,Warsaw,307.9532318583383,302.12946974430963,307.95317164095354,17,L8,2020,"{""type"":""MultiPoint"",""coordinates"":[]}"
00000000000000000021_3,4,1.962808522378628,Warsaw,302.13020916665835,297.55057720060364,302.1300091989556,17,L8,2020,"{""type"":""MultiPoint"",""coordinates"":[]}"
00000000000000000021_4,5,0.004485767526635,Warsaw,310.93362547261205,304.6857518931837,310.9334771663123,17,L8,2020,"{""type"":""MultiPoint"",""coordinates"":[]}"
00000000000000000047_0,1,57.40594532278642,Nairobi,306.24569838621784,302.73351984992894,306.24569838621784,9,L8,2020,"{""type"":""MultiPoint"",""coordinates"":[]}"
00000000000000000047_1,2,40.10312567953228,Nairobi,303.74086492381514,300.0687353093238,303.74086492381514,9,L8,2020,"{""type"":""MultiPoint"",""coordinates"":[]}"
00000000000000000047_2,3,1.916418701567145,Nairobi,302.7275797966106,299.1284474734152,302.7275797966106,9,L8,2020,"{""type"":""MultiPoint"",""coordinates"":[]}"
00000000000000000047_3,4,0.5620433051000718,Nairobi,300.0757899913951,298.0547690815143,300.0757899913951,9,L8,2020,"{""type"":""MultiPoint"",""coordinates"":[]}"
00000000000000000047_4,5,0.0124669910140741,Nairobi,308.80814576131775,305.97008199734455,308.80814576131775,9,L8,2020,"{""type"":""MultiPoint"",""coordinates"":[]}"
00000000000000000018_0,1,35.625070520876996,Hà Nội,311.0812016579375,308.8858288524528,311.072359576124,21,L8,2020,"{""type"":""MultiPoint"",""coordinates"":[]}"
00000000000000000018_1,2,28.631878521316068,Hà Nội,308.0818724724465,305.77001669472133,308.0782655244884,21,L8,2020,"{""type"":""MultiPoint"",""coordinates"":[]}"
00000000000000000018_2,3,27.162844440550483,Hà Nội,307.96906045916694,305.85774843895075,307.94838080787775,21,L8,2020,"{""type"":""MultiPoint"",""coordinates"":[]}"
00000000000000000018_3,4,8.497286374589544,Hà Nội,305.94588464687763,304.33419195961295,305.9394735999612,21,L8,2020,"{""type"":""MultiPoint"",""coordinates"":[]}"
00000000000000000018_4,5,0.0829201426669236,Hà Nội,307.47990860753885,305.91416320514907,307.47268574881195,21,L8,2020,"{""type"":""MultiPoint"",""coordinates"":[]}"
0000000000000000001c_0,1,65.51181705281901,Tashkent,318.1740544396347,313.13613450524383,318.1735774096269,24,L8,2020,"{""type"":""MultiPoint"",""coordinates"":[]}"
0000000000000000001c_1,2,4.317437266334244,Tashkent,318.50405155998016,313.5974958075313,318.50404951479527,24,L8,2020,"{""type"":""MultiPoint"",""coordinates"":[]}"
0000000000000000001c_2,3,29.451657462723308,Tashkent,318.058950158285,311.52497903595065,318.0584335165799,24,L8,2020,"{""type"":""MultiPoint"",""coordinates"":[]}"
0000000000000000001c_3,4,0.5964707975263024,Tashkent,308.941247450496,305.9627281253805,308.941247450496,24,L8,2020,"{""type"":""MultiPoint"",""coordinates"":[]}"
0000000000000000001c_4,5,0.1226174205971265,Tashkent,320.8024605658885,316.0190381162041,320.8024605658885,24,L8,2020,"{""type"":""MultiPoint"",""coordinates"":[]}"
00000000000000000040_0,1,65.85428383795808,Vienna,308.23542215329127,305.1088255892551,308.23520026747985,18,L8,2020,"{""type"":""MultiPoint"",""coordinates"":[]}"
00000000000000000040_1,2,23.486434862255877,Vienna,302.0433445339203,298.4553453276175,302.0431171232393,18,L8,2020,"{""type"":""MultiPoint"",""coordinates"":[]}"
00000000000000000040_2,3,7.867134872054014,Vienna,310.78877207390815,305.2511577462376,310.78572507343006,18,L8,2020,"{""type"":""MultiPoint"",""coordinates"":[]}"
00000000000000000040_3,4,2.7909888312996647,Vienna,299.26023415541175,297.4768428150022,299.26006281909315,18,L8,2020,"{""type"":""MultiPoint"",""coordinates"":[]}"
00000000000000000040_4,5,0.0011575964323649,Vienna,303.28312456298767,299.06538722482975,303.28312456298767,18,L8,2020,"{""type"":""MultiPoint"",""coordinates"":[]}"
00000000000000000008_0,1,76.60971043406299,Berlin,306.24769686634147,300.3786642764303,306.2409249519847,27,L8,2020,"{""type"":""MultiPoint"",""coordinates"":[]}"
00000000000000000008_1,2,16.965530702003438,Berlin,301.381652619277,294.9293129372038,301.3753204439016,27,L8,2020,"{""type"":""MultiPoint"",""coordinates"":[]}"
00000000000000000008_2,3,1.608844792609348,Berlin,311.86203693499,302.51685562698657,311.83857068854365,27,L8,2020,"{""type"":""MultiPoint"",""coordinates"":[]}"
00000000000000000008_3,4,4.8148333933016225,Berlin,296.502306135922,291.90790819824525,296.4957277176257,27,L8,2020,"{""type"":""MultiPoint"",""coordinates"":[]}"
00000000000000000008_4,5,0.0010806780226087,Berlin,296.3504916602574,293.75613593516874,296.35007716779126,27,L8,2020,"{""type"":""MultiPoint"",""coordinates"":[]}"
0000000000000000000f_0,1,82.59341680943355,Seoul,307.48466349626653,307.2350725652588,307.48466349626653,6,L8,2020,"{""type"":""MultiPoint"",""coordinates"":[]}"
0000000000000000000f_1,2,12.996718695356885,Seoul,301.43209617718543,301.02973448275776,301.43209617718543,6,L8,2020,"{""type"":""MultiPoint"",""coordinates"":[]}"
0000000000000000000f_2,3,0.303520449169397,Seoul,304.66373380045576,304.50996981700416,304.66373380045576,6,L8,2020,"{""type"":""MultiPoint"",""coordinates"":[]}"
0000000000000000000f_3,4,4.104817032971689,Seoul,300.42965576854334,300.2187289254584,300.42965576854334,6,L8,2020,"{""type"":""MultiPoint"",""coordinates"":[]}"
0000000000000000000f_4,5,0.001527013068468,Seoul,302.60407076030174,302.26500333471375,302.60407076030174,6,L8,2020,"{""type"":""MultiPoint"",""coordinates"":[]}"
00000000000000000010_0,1,60.76877368201343,Delhi,315.0202426764193,309.65561645209806,315.0202426764193,16,L8,2020,"{""type"":""MultiPoint"",""coordinates"":[]}"
00000000000000000010_1,2,6.197820738530643,Delhi,314.11429211332916,308.2583586426256,314.1142807425382,16,L8,2020,"{""type"":""MultiPoint"",""coordinates"":[]}"
00000000000000000010_2,3,32.15153426196178,Delhi,316.3134341116936,309.26325161276026,316.3134333633162,16,L8,2020,"{""type"":""MultiPoint"",""coordinates"":[]}"
00000000000000000010_3,4,0.8465011500056803,Delhi,310.3616152346319,305.68627722170856,310.3616152346319,16,L8,2020,"{""type"":""MultiPoint"",""coordinates"":[]}"
00000000000000000010_4,5,0.0353701674884593,Delhi,318.49884244987544,315.0287694764593,318.49884244987544,16,L8,2020,"{""type"":""MultiPoint"",""coordinates"":[]}"
00000000000000000019_0,1,78.08893354018484,Bangkok,305.4684972411506,301.9033217545317,305.4684972411506,12,L8,2020,"{""type"":""MultiPoint"",""coordinates"":[]}"
00000000000000000019_1,2,6.794428013882553,Bangkok,300.05798014775036,296.4189275976591,300.05798014775036,12,L8,2020,"{""type"":""MultiPoint"",""coordinates"":[]}"
00000000000000000019_2,3,10.160441768232502,Bangkok,297.91152647466055,295.61525657583087,297.91152647466055,12,L8,2020,"{""type"":""MultiPoint"",""coordinates"":[]}"
00000000000000000019_3,4,4.615321276652582,Bangkok,300.7079916284989,297.07353971670244,300.7079916284989,12,L8,2020,"{""type"":""MultiPoint"",""coordinates"":[]}"
00000000000000000019_4,5,0.3408754010475257,Bangkok,297.60972811962495,296.79139284721947,297.60972811962495,12,L8,2020,"{""type"":""MultiPoint"",""coordinates"":[]}"
0000000000000000001f_0,1,83.20824991578345,Doha,328.49917038708463,323.47646101493405,328.2660736509072,24,L8,2020,"{""type"":""MultiPoint"",""coordinates"":[]}"
0000000000000000001f_1,2,0.1706874441607614,Doha,323.12087040159355,318.56881288735985,322.9014836574788,24,L8,2020,"{""type"":""MultiPoint"",""coordinates"":[]}"
0000000000000000001f_2,3,0.0242570861569724,Doha,323.2306237456803,318.5234388996758,322.94563645403684,24,L8,2020,"{""type"":""MultiPoint"",""coordinates"":[]}"
0000000000000000001f_3,4,0.2373223317544962,Doha,319.1585193894849,314.97247023203965,318.9208535687101,24,L8,2020,"{""type"":""MultiPoint"",""coordinates"":[]}"
0000000000000000001f_4,5,16.359483222144327,Doha,327.25893645182555,322.4873904333384,327.02788551645983,24,L8,2020,"{""type"":""MultiPoint"",""coordinates"":[]}"
00000000000000000020_0,1,45.90458170576505,Kyiv,310.137004494754,304.16681652746007,310.13700027334244,15,L8,2020,"{""type"":""MultiPoint"",""coordinates"":[]}"
00000000000000000020_1,2,47.949656234147895,Kyiv,301.45616346888147,297.44570631879014,301.45616346888147,15,L8,2020,"{""type"":""MultiPoint"",""coordinates"":[]}"
00000000000000000020_2,3,0.294247561789203,Kyiv,306.66935832571664,302.37250085455497,306.66935832571664,15,L8,2020,"{""type"":""MultiPoint"",""coordinates"":[]}"
00000000000000000020_3,4,5.850536887978495,Kyiv,298.43444801071496,295.7634893220125,298.43444801071496,15,L8,2020,"{""type"":""MultiPoint"",""coordinates"":[]}"
00000000000000000020_4,5,0.0009776103193675466,Kyiv,298.91321332026223,296.30878583051594,298.91321332026223,15,L8,2020,"{""type"":""MultiPoint"",""coordinates"":[]}"
00000000000000000024_0,1,83.62615482453116,Bucharest,316.06874971159164,309.7363538919978,315.88118992931084,11,L8,2020,"{""type"":""MultiPoint"",""coordinates"":[]}"
00000000000000000024_1,2,10.396067215008726,Bucharest,310.6892610380836,304.38550296573464,310.51964647660606,11,L8,2020,"{""type"":""MultiPoint"",""coordinates"":[]}"
00000000000000000024_2,3,3.3634284890408512,Bucharest,317.14306915279224,308.63586379188206,317.04442043594594,11,L8,2020,"{""type"":""MultiPoint"",""coordinates"":[]}"
00000000000000000024_3,4,2.612736948630504,Bucharest,306.4174224533934,301.28135396689856,306.3093650103399,11,L8,2020,"{""type"":""MultiPoint"",""coordinates"":[]}"
00000000000000000024_4,5,0.0016125227887411,Bucharest,307.765089577399,302.7727019937889,307.5401782033042,11,L8,2020,"{""type"":""MultiPoint"",""coordinates"":[]}"
00000000000000000027_0,1,48.24062776724398,Tbilisi,310.7785691615211,307.91894531009336,310.7700622770867,11,L8,2020,"{""type"":""MultiPoint"",""coordinates"":[]}"
00000000000000000027_1,2,45.959393956701014,Tbilisi,310.4951956891125,306.89035777081904,310.47576008680915,11,L8,2020,"{""type"":""MultiPoint"",""coordinates"":[]}"
00000000000000000027_2,3,3.180547237388343,Tbilisi,315.3325627152242,310.74799328310564,315.3042609888157,11,L8,2020,"{""type"":""MultiPoint"",""coordinates"":[]}"
00000000000000000027_3,4,2.600411503154862,Tbilisi,301.1297141768317,298.42302372717563,301.12949140313486,11,L8,2020,"{""type"":""MultiPoint"",""coordinates"":[]}"
00000000000000000027_4,5,0.0190195355118042,Tbilisi,314.3694492805225,310.16339122416497,314.3694492805225,11,L8,2020,"{""type"":""MultiPoint"",""coordinates"":[]}"
0000000000000000002a_0,1,7.124265805519221,Ulaanbaatar,308.000169875018,303.38035958435535,308.0001656254794,25,L8,2020,"{""type"":""MultiPoint"",""coordinates"":[]}"
0000000000000000002a_1,2,92.15741543755112,Ulaanbaatar,308.83086199908405,300.9276338263713,308.83085606167276,25,L8,2020,"{""type"":""MultiPoint"",""coordinates"":[]}"
0000000000000000002a_2,3,0.3161120264541046,Ulaanbaatar,318.53269967152585,304.15392713972676,318.53269967152585,25,L8,2020,"{""type"":""MultiPoint"",""coordinates"":[]}"
0000000000000000002a_3,4,0.1858831687749708,Ulaanbaatar,305.1802880646909,297.4696223061327,305.1802880646909,25,L8,2020,"{""type"":""MultiPoint"",""coordinates"":[]}"
0000000000000000002a_4,5,0.2163235617006062,Ulaanbaatar,312.4451061802785,304.7102498740063,312.4451061802785,25,L8,2020,"{""type"":""MultiPoint"",""coordinates"":[]}"
00000000000000000048_0,1,59.419528553986986,Dar es-Salaam,305.09782381358855,301.4345562377488,305.0945146538453,21,L8,2020,"{""type"":""MultiPoint"",""coordinates"":[]}"
00000000000000000048_1,2,38.13811931548175,Dar es-Salaam,303.5597730932844,300.01333781593297,303.5593647927247,21,L8,2020,"{""type"":""MultiPoint"",""coordinates"":[]}"
00000000000000000048_2,3,2.116094595537114,Dar es-Salaam,304.8177433107926,300.3495364649018,304.8173212012103,21,L8,2020,"{""type"":""MultiPoint"",""coordinates"":[]}"
00000000000000000048_3,4,0.2750586133869366,Dar es-Salaam,301.24939324985877,298.21772010518976,301.24906765426596,21,L8,2020,"{""type"":""MultiPoint"",""coordinates"":[]}"
00000000000000000048_4,5,0.0511989216071974,Dar es-Salaam,302.42487941311003,299.6120444449792,302.4248115835243,21,L8,2020,"{""type"":""MultiPoint"",""coordinates"":[]}"
0000000000000000004b_0,1,50.91304461445263,Maputo,315.7165964529035,310.40762862813943,315.7094114832396,15,L8,2020,"{""type"":""MultiPoint"",""coordinates"":[]}"
0000000000000000004b_1,2,38.752912778545955,Maputo,312.93725521237343,308.0074938838425,312.9209475114194,15,L8,2020,"{""type"":""MultiPoint"",""coordinates"":[]}"
0000000000000000004b_2,3,3.2893779556550213,Maputo,316.8993679303554,309.77504898817506,316.8896048756674,15,L8,2020,"{""type"":""MultiPoint"",""coordinates"":[]}"
0000000000000000004b_3,4,3.9331190883790863,Maputo,306.4375209208879,302.2427710188339,306.43556787004286,15,L8,2020,"{""type"":""MultiPoint"",""coordinates"":[]}"
0000000000000000004b_4,5,3.1115455629673066,Maputo,305.4235266792987,300.92919528875575,305.4210973847722,15,L8,2020,"{""type"":""MultiPoint"",""coordinates"":[]}"
0000000000000000001e_0,1,98.61024861462973,Beirut,315.326958553404,311.16979215915586,315.2823350379998,22,L8,2020,"{""type"":""MultiPoint"",""coordinates"":[]}"
0000000000000000001e_1,2,0.1552084217629176,Beirut,315.4945803633729,311.54368617629535,315.43003294892765,22,L8,2020,"{""type"":""MultiPoint"",""coordinates"":[]}"
0000000000000000001e_2,3,0.0243622083052064,Beirut,313.9572420870221,309.0986273039772,313.83793044195613,22,L8,2020,"{""type"":""MultiPoint"",""coordinates"":[]}"
0000000000000000001e_3,4,0.3526037263669518,Beirut,309.6156869250178,306.43521346347643,309.4413904437165,22,L8,2020,"{""type"":""MultiPoint"",""coordinates"":[]}"
0000000000000000001e_4,5,0.8575770289352065,Beirut,312.85216783600526,309.3413750484686,312.7656490493258,22,L8,2020,"{""type"":""MultiPoint"",""coordinates"":[]}"
00000000000000000043_0,1,99.91952219792388,Santiago,314.9847202125129,309.4607167982082,314.79846119455624,10,L8,2020,"{""type"":""MultiPoint"",""coordinates"":[]}"
00000000000000000043_1,2,0.0160955604152225,Santiago,317.1341793683474,311.0279759332774,316.8428880755837,10,L8,2020,"{""type"":""MultiPoint"",""coordinates"":[]}"
00000000000000000043_2,3,0.006438224166089,Santiago,313.3868540603487,306.46508971501873,312.5894290928263,10,L8,2020,"{""type"":""MultiPoint"",""coordinates"":[]}"
00000000000000000043_3,4,0.0579440174948011,Santiago,305.8007113858791,301.7949331511205,305.69980335525656,10,L8,2020,"{""type"":""MultiPoint"",""coordinates"":[]}"
0000000000000000000a_0,1,33.09407049065803,Istanbul,311.58589636891946,308.6726050577377,311.56510746868105,34,L8,2020,"{""type"":""MultiPoint"",""coordinates"":[]}"
0000000000000000000a_1,2,42.924126119324065,Istanbul,304.3772537082206,302.03732804189934,304.3589083861484,34,L8,2020,"{""type"":""MultiPoint"",""coordinates"":[]}"
0000000000000000000a_2,3,14.208042369569334,Istanbul,311.92590147892014,308.11001758533996,311.7947032260205,34,L8,2020,"{""type"":""MultiPoint"",""coordinates"":[]}"
0000000000000000000a_3,4,2.2271097433448026,Istanbul,302.2584468139636,300.1358251676202,302.2501112394649,34,L8,2020,"{""type"":""MultiPoint"",""coordinates"":[]}"
0000000000000000000a_4,5,7.546651277103754,Istanbul,299.2609892221366,297.50118666931917,299.25454610560644,34,L8,2020,"{""type"":""MultiPoint"",""coordinates"":[]}"
0000000000000000000e_0,1,55.14525152071204,Tokyo,310.3799499233832,306.79327164113204,310.3799499233832,41,L8,2020,"{""type"":""MultiPoint"",""coordinates"":[]}"
0000000000000000000e_1,2,29.064892167657003,Tokyo,301.5253029705405,298.25316507578464,301.5253029705405,41,L8,2020,"{""type"":""MultiPoint"",""coordinates"":[]}"
0000000000000000000e_2,3,0.0069380317275873,Tokyo,307.60766910625415,303.28428098561875,307.60766910625415,41,L8,2020,"{""type"":""MultiPoint"",""coordinates"":[]}"
0000000000000000000e_3,4,1.212167692671532,Tokyo,302.042432407965,299.55708254282456,302.042432407965,41,L8,2020,"{""type"":""MultiPoint"",""coordinates"":[]}"
0000000000000000000e_4,5,14.570750587231842,Tokyo,298.7331737034478,296.50880071476735,298.7331737034478,41,L8,2020,"{""type"":""MultiPoint"",""coordinates"":[]}"
00000000000000000016_0,1,60.68354104003807,Algiers,320.6568617070434,313.79507891950817,320.6497773930001,22,L8,2020,"{""type"":""MultiPoint"",""coordinates"":[]}"
00000000000000000016_1,2,7.744646491679119,Algiers,318.7444108618192,311.8762118207268,318.73876539441005,22,L8,2020,"{""type"":""MultiPoint"",""coordinates"":[]}"
00000000000000000016_2,3,30.848518073837905,Algiers,323.68892643050174,315.70624213373566,323.6813510858378,22,L8,2020,"{""type"":""MultiPoint"",""coordinates"":[]}"
00000000000000000016_3,4,0.3735786622654781,Algiers,310.60588985556205,305.79331647384225,310.6011144104153,22,L8,2020,"{""type"":""MultiPoint"",""coordinates"":[]}"
00000000000000000016_4,5,0.3497157321794298,Algiers,314.5711781620528,309.7651529698358,314.56636533059884,22,L8,2020,"{""type"":""MultiPoint"",""coordinates"":[]}"
00000000000000000004_0,1,54.02666807476054,Mexico City,312.8322362980912,306.77242489179656,312.8322362980912,12,L8,2020,"{""type"":""MultiPoint"",""coordinates"":[]}"
00000000000000000004_1,2,43.9293452271943,Mexico City,298.45848896269905,295.39985796171686,298.45848896269905,12,L8,2020,"{""type"":""MultiPoint"",""coordinates"":[]}"
00000000000000000004_2,3,1.750282362133605,Mexico City,309.080792399483,301.9079322618652,309.080792399483,12,L8,2020,"{""type"":""MultiPoint"",""coordinates"":[]}"
00000000000000000004_3,4,0.2777504177612327,Mexico City,302.52835875328543,299.32368480400993,302.52835875328543,12,L8,2020,"{""type"":""MultiPoint"",""coordinates"":[]}"
00000000000000000004_4,5,0.0159539181503443,Mexico City,304.64254329133195,301.4199576454757,304.64254329133195,12,L8,2020,"{""type"":""MultiPoint"",""coordinates"":[]}"
0000000000000000000b_0,1,54.743248547929355,Moscow,301.6424116138675,297.85863319058996,301.6339570905286,26,L8,2020,"{""type"":""MultiPoint"",""coordinates"":[]}"
0000000000000000000b_1,2,40.18751591846545,Moscow,297.15924847387015,292.7588066480642,297.1124886241141,26,L8,2020,"{""type"":""MultiPoint"",""coordinates"":[]}"
0000000000000000000b_2,3,3.73023326147536,Moscow,299.08111058347635,294.493410637959,299.035010811731,26,L8,2020,"{""type"":""MultiPoint"",""coordinates"":[]}"
0000000000000000000b_3,4,1.336348919771656,Moscow,296.3722138729221,293.99413791081025,296.36357657335344,26,L8,2020,"{""type"":""MultiPoint"",""coordinates"":[]}"
0000000000000000000b_4,5,0.0026533523581668,Moscow,296.91259155607816,293.6164199106564,296.9011828369829,26,L8,2020,"{""type"":""MultiPoint"",""coordinates"":[]}"
0000000000000000000c_0,1,29.716218081799468,Beijing,311.3382787499301,309.92677654541484,311.3382787499301,31,L8,2020,"{""type"":""MultiPoint"",""coordinates"":[]}"
0000000000000000000c_1,2,58.00513113591902,Beijing,305.3953777911446,303.1893205011026,305.39536872852955,31,L8,2020,"{""type"":""MultiPoint"",""coordinates"":[]}"
0000000000000000000c_2,3,10.52468929662288,Beijing,309.5297258560077,307.6364220325917,309.5297258560077,31,L8,2020,"{""type"":""MultiPoint"",""coordinates"":[]}"
0000000000000000000c_3,4,1.7308938558703226,Beijing,303.4008641531863,302.0547037931652,303.4008641531863,31,L8,2020,"{""type"":""MultiPoint"",""coordinates"":[]}"
0000000000000000000c_4,5,0.0230676297882999,Beijing,306.6628402045193,305.0238574319713,306.6628402045193,31,L8,2020,"{""type"":""MultiPoint"",""coordinates"":[]}"
0000000000000000000d_0,1,54.97852928838385,Shanghai,316.91562991946296,315.59844477533795,316.91562991946296,28,L8,2020,"{""type"":""MultiPoint"",""coordinates"":[]}"
0000000000000000000d_1,2,11.983242726446337,Shanghai,312.24729740111263,310.6146951561266,312.24729740111263,28,L8,2020,"{""type"":""MultiPoint"",""coordinates"":[]}"
0000000000000000000d_2,3,18.80794216794903,Shanghai,311.416001856073,309.35307628429274,311.416001856073,28,L8,2020,"{""type"":""MultiPoint"",""coordinates"":[]}"
0000000000000000000d_3,4,4.144197951954306,Shanghai,310.189931110666,308.0609415259223,310.189931110666,28,L8,2020,"{""type"":""MultiPoint"",""coordinates"":[]}"
0000000000000000000d_4,5,10.086087865266482,Shanghai,308.29338258810856,307.08180973563753,308.29338258810856,28,L8,2020,"{""type"":""MultiPoint"",""coordinates"":[]}"
0000000000000000001d_0,1,7.522573413053118,Amman,319.7490150106188,316.3560766092611,319.64550032173776,16,L8,2020,"{""type"":""MultiPoint"",""coordinates"":[]}"
0000000000000000001d_1,2,4.237990791236531,Amman,321.1686745183172,317.8948392900413,321.07128444966725,16,L8,2020,"{""type"":""MultiPoint"",""coordinates"":[]}"
0000000000000000001d_2,3,6.2388844082996355,Amman,324.9838593629045,320.1838001862669,324.7377524248271,16,L8,2020,"{""type"":""MultiPoint"",""coordinates"":[]}"
0000000000000000001d_3,4,0.009189422621629,Amman,315.7578482753571,311.9842882692476,315.5745807339905,16,L8,2020,"{""type"":""MultiPoint"",""coordinates"":[]}"
0000000000000000001d_4,5,81.99136196478908,Amman,324.9412753792319,321.2596277730951,324.7186415973366,16,L8,2020,"{""type"":""MultiPoint"",""coordinates"":[]}"
00000000000000000029_0,1,28.19061350145998,Astana,310.5032314806829,307.66462179587904,310.501533657673,27,L8,2020,"{""type"":""MultiPoint"",""coordinates"":[]}"
00000000000000000029_1,2,62.704793342437966,Astana,310.4882203311096,306.3174981264065,310.48630721838754,27,L8,2020,"{""type"":""MultiPoint"",""coordinates"":[]}"
00000000000000000029_2,3,3.598939834122239,Astana,311.8535570630739,305.2938156023257,311.8497462170964,27,L8,2020,"{""type"":""MultiPoint"",""coordinates"":[]}"
00000000000000000029_3,4,5.380183215107862,Astana,299.8334263128568,297.42971717001205,299.8270405589391,27,L8,2020,"{""type"":""MultiPoint"",""coordinates"":[]}"
00000000000000000029_4,5,0.1254701068719643,Astana,304.06311997110953,303.36465377554515,304.0631045047212,27,L8,2020,"{""type"":""MultiPoint"",""coordinates"":[]}"
00000000000000000049_0,1,66.743692303584,Harare,316.1906258499611,305.87019068605315,316.1235443201058,36,L8,2020,"{""type"":""MultiPoint"",""coordinates"":[]}"
00000000000000000049_1,2,25.02407965296392,Harare,317.3823549488442,305.46837789532907,317.26135251186884,36,L8,2020,"{""type"":""MultiPoint"",""coordinates"":[]}"
00000000000000000049_2,3,7.999630022459413,Harare,318.8678980567263,306.3108743950639,318.7924347479256,36,L8,2020,"{""type"":""MultiPoint"",""coordinates"":[]}"
00000000000000000049_3,4,0.1665575601718214,Harare,309.61209278775766,302.5438543667798,309.52927117155355,36,L8,2020,"{""type"":""MultiPoint"",""coordinates"":[]}"
00000000000000000049_4,5,0.0660404608208531,Harare,314.78038799460904,307.0411075727211,314.7536939394437,36,L8,2020,"{""type"":""MultiPoint"",""coordinates"":[]}"
0000000000000000004d_0,1,4.486438900281374,Kinshasa,302.7236038597345,299.8590226687652,302.7236038597345,23,L8,2020,"{""type"":""MultiPoint"",""coordinates"":[]}"
0000000000000000004d_1,2,78.73840955401958,Kinshasa,302.6750393725587,299.77783797510875,302.67503927828795,23,L8,2020,"{""type"":""MultiPoint"",""coordinates"":[]}"
0000000000000000004d_2,3,13.792286360549832,Kinshasa,304.5863636776326,300.75917419038586,304.5863636776326,23,L8,2020,"{""type"":""MultiPoint"",""coordinates"":[]}"
0000000000000000004d_3,4,2.9713995709731646,Kinshasa,299.3569852953989,297.38868494517175,299.3569852953989,23,L8,2020,"{""type"":""MultiPoint"",""coordinates"":[]}"
0000000000000000004d_4,5,0.0114656141760555,Kinshasa,299.0826588274621,297.20619485362795,299.0826588274621,23,L8,2020,"{""type"":""MultiPoint"",""coordinates"":[]}"
0000000000000000004f_0,1,16.10297173769099,Blantyre,313.60635426458424,304.46705528156144,313.50889193921574,22,L8,2020,"{""type"":""MultiPoint"",""coordinates"":[]}"
0000000000000000004f_1,2,63.197905227343654,Blantyre,315.106885436128,304.0902139914184,314.99991607872965,22,L8,2020,"{""type"":""MultiPoint"",""coordinates"":[]}"
0000000000000000004f_2,3,20.56043624352103,Blantyre,315.92941562004114,305.04908218486946,315.8240765782309,22,L8,2020,"{""type"":""MultiPoint"",""coordinates"":[]}"
0000000000000000004f_3,4,0.1386623614966015,Blantyre,309.8530064777987,301.8874190182273,309.6845758902557,22,L8,2020,"{""type"":""MultiPoint"",""coordinates"":[]}"
0000000000000000004f_4,5,2.4429947724696765e-05,Blantyre,310.27082412935795,302.09539067439226,309.3766081436977,22,L8,2020,"{""type"":""MultiPoint"",""coordinates"":[]}"
00000000000000000056_0,1,37.08293607189574,National Capital District,310.0582525780081,305.47655514597176,310.0582525780081,26,L8,2020,"{""type"":""MultiPoint"",""coordinates"":[]}"
00000000000000000056_1,2,46.94381189400282,National Capital District,308.7751934190604,303.3725470433266,308.7751934190604,26,L8,2020,"{""type"":""MultiPoint"",""coordinates"":[]}"
00000000000000000056_2,3,0.4805354850409928,National Capital District,309.0848783540943,304.2592461186257,309.0848783540943,26,L8,2020,"{""type"":""MultiPoint"",""coordinates"":[]}"
00000000000000000056_3,4,1.286825177770878,National Capital District,305.46903804614215,301.48728376656095,305.46903804614215,26,L8,2020,"{""type"":""MultiPoint"",""coordinates"":[]}"
00000000000000000056_4,5,14.205891371289562,National Capital District,302.3480835828505,298.9312355892323,302.3480835828505,26,L8,2020,"{""type"":""MultiPoint"",""coordinates"":[]}"
00000000000000000057_0,1,29.98015085043466,Dili,312.494635290425,306.58018976784837,312.494635290425,17,L8,2020,"{""type"":""MultiPoint"",""coordinates"":[]}"
00000000000000000057_1,2,60.09091600703821,Dili,310.2589984614282,304.0232717201829,310.2589984614282,17,L8,2020,"{""type"":""MultiPoint"",""coordinates"":[]}"
00000000000000000057_2,3,9.348019610137731,Dili,315.188388786058,306.35124932694197,315.188388786058,17,L8,2020,"{""type"":""MultiPoint"",""coordinates"":[]}"
00000000000000000057_3,4,0.4551942382172478,Dili,310.4067641821791,304.7426893028112,310.4067641821791,17,L8,2020,"{""type"":""MultiPoint"",""coordinates"":[]}"
00000000000000000057_4,5,0.1257192941721516,Dili,307.16554153990495,304.22426343045623,307.16554153990495,17,L8,2020,"{""type"":""MultiPoint"",""coordinates"":[]}"
0000000000000000005d_0,1,46.02395287119287,Phnom Penh,311.02554983252804,305.12097527593977,311.02554983252804,5,L8,2020,"{""type"":""MultiPoint"",""coordinates"":[]}"
0000000000000000005d_1,2,9.765126158895264,Phnom Penh,308.97571907391296,302.58844198675956,308.97571907391296,5,L8,2020,"{""type"":""MultiPoint"",""coordinates"":[]}"
0000000000000000005d_2,3,33.500898013547186,Phnom Penh,307.83941165129943,302.44754983299026,307.83941165129943,5,L8,2020,"{""type"":""MultiPoint"",""coordinates"":[]}"
0000000000000000005d_3,4,10.300364010659118,Phnom Penh,304.75135948731815,301.4398886209933,304.75135948731815,5,L8,2020,"{""type"":""MultiPoint"",""coordinates"":[]}"
0000000000000000005d_4,5,0.4096589457055616,Phnom Penh,308.035351881798,302.14645291513114,308.035351881798,5,L8,2020,"{""type"":""MultiPoint"",""coordinates"":[]}"
0000000000000000005f_0,1,58.16522851107941,Honiara,314.70638688368837,306.66611140605346,314.70638688368837,22,L8,2020,"{""type"":""MultiPoint"",""coordinates"":[]}"
0000000000000000005f_1,2,7.391204769022276,Honiara,312.521623193693,304.6956508408332,312.521623193693,22,L8,2020,"{""type"":""MultiPoint"",""coordinates"":[]}"
0000000000000000005f_2,4,0.4193877597001786,Honiara,310.23276585609415,302.9515554985139,310.23276585609415,22,L8,2020,"{""type"":""MultiPoint"",""coordinates"":[]}"
0000000000000000005f_3,5,34.02417896019813,Honiara,308.4908738327106,301.36100969636897,308.4860990639388,22,L8,2020,"{""type"":""MultiPoint"",""coordinates"":[]}"
00000000000000000006_0,1,97.00210398693046,Paris,314.4800034749298,309.0110426095862,314.4800034749298,5,L8,2020,"{""type"":""MultiPoint"",""coordinates"":[]}"
00000000000000000006_1,2,2.4613209459605945,Paris,309.9097377694853,299.4936923969831,309.9097377694853,5,L8,2020,"{""type"":""MultiPoint"",""coordinates"":[]}"
00000000000000000006_2,3,0.1382018919601207,Paris,317.02658632683153,304.7283535484538,317.02658632683153,5,L8,2020,"{""type"":""MultiPoint"",""coordinates"":[]}"
00000000000000000006_3,4,0.3983731751488158,Paris,306.34982258277006,301.91326828780876,306.34982258277006,5,L8,2020,"{""type"":""MultiPoint"",""coordinates"":[]}"
00000000000000000022_0,1,64.82500394138148,Prague,308.50055430766076,303.31624183467824,308.50055430766076,11,L8,2020,"{""type"":""MultiPoint"",""coordinates"":[]}"
00000000000000000022_1,2,15.604243108210344,Prague,303.5693652829045,299.0659585078524,303.5693652829045,11,L8,2020,"{""type"":""MultiPoint"",""coordinates"":[]}"
00000000000000000022_2,3,18.453591484744894,Prague,308.2834209912142,300.806709976244,308.2834209912142,11,L8,2020,"{""type"":""MultiPoint"",""coordinates"":[]}"
00000000000000000022_3,4,1.111104126949833,Prague,299.67571192954733,296.7514483975832,299.67571192954733,11,L8,2020,"{""type"":""MultiPoint"",""coordinates"":[]}"
00000000000000000022_4,5,0.0060573387134439,Prague,308.38148215014115,304.664415343096,308.38148215014115,11,L8,2020,"{""type"":""MultiPoint"",""coordinates"":[]}"
00000000000000000036_0,1,75.34099708889067,Montreal,315.3443826015079,307.6374466168541,315.34156895782513,16,L8,2020,"{""type"":""MultiPoint"",""coordinates"":[]}"
00000000000000000036_1,2,4.708241195341426,Montreal,306.4351859137092,300.68507343047554,306.43347716754056,16,L8,2020,"{""type"":""MultiPoint"",""coordinates"":[]}"
00000000000000000036_2,3,2.004154084888093,Montreal,310.5609447475311,303.58895283876683,310.55982298554346,16,L8,2020,"{""type"":""MultiPoint"",""coordinates"":[]}"
00000000000000000036_3,4,8.927293787239119,Montreal,298.78213387207506,296.13997520203236,298.7410400890272,16,L8,2020,"{""type"":""MultiPoint"",""coordinates"":[]}"
00000000000000000036_4,5,9.019313843640685,Montreal,300.71842712866857,297.63590013429956,300.7068716556329,16,L8,2020,"{""type"":""MultiPoint"",""coordinates"":[]}"
00000000000000000039_0,1,92.978212421581,Birmingham,310.76863803341985,307.32624714739495,310.76863803341985,14,L8,2020,"{""type"":""MultiPoint"",""coordinates"":[]}"
00000000000000000039_1,2,3.925054142571047,Birmingham,305.4610225871075,302.5507798807118,305.4610225871075,14,L8,2020,"{""type"":""MultiPoint"",""coordinates"":[]}"
00000000000000000039_2,3,2.620585136254873,Birmingham,305.1149228696232,302.19145354362166,305.1149228696232,14,L8,2020,"{""type"":""MultiPoint"",""coordinates"":[]}"
00000000000000000039_3,4,0.4740991644173188,Birmingham,300.4692769771961,298.23946183577465,300.4692769771961,14,L8,2020,"{""type"":""MultiPoint"",""coordinates"":[]}"
00000000000000000039_4,5,0.0020491351757581,Birmingham,303.1807660410873,300.88955205313135,303.1807660410873,14,L8,2020,"{""type"":""MultiPoint"",""coordinates"":[]}"
0000000000000000003a_0,1,95.966476139907,Manchester,293.58500244107836,293.22036624314916,293.58500244107836,9,L8,2020,"{""type"":""MultiPoint"",""coordinates"":[]}"
0000000000000000003a_1,2,3.7880764005774585,Manchester,288.58072315548776,288.3254732758935,288.58072315548776,9,L8,2020,"{""type"":""MultiPoint"",""coordinates"":[]}"
0000000000000000003a_2,3,0.0199498268677063,Manchester,286.84153288101606,286.8355024039531,286.84153288101606,9,L8,2020,"{""type"":""MultiPoint"",""coordinates"":[]}"
0000000000000000003a_3,4,0.2254976326478361,Manchester,283.99728639304175,283.9910605320276,283.99728639304175,9,L8,2020,"{""type"":""MultiPoint"",""coordinates"":[]}"
0000000000000000003b_0,1,88.65681079214413,Milan,307.9626030203493,305.57848929735087,307.7663532911995,23,L8,2020,"{""type"":""MultiPoint"",""coordinates"":[]}"
0000000000000000003b_1,2,1.2968107094717896,Milan,303.0569626675207,300.79788526206585,302.92908234931883,23,L8,2020,"{""type"":""MultiPoint"",""coordinates"":[]}"
0000000000000000003b_2,3,9.54435484150592,Milan,306.11657872449086,301.5293608421841,305.5064799137419,23,L8,2020,"{""type"":""MultiPoint"",""coordinates"":[]}"
0000000000000000003b_3,4,0.5016769225909721,Milan,301.6743331239448,299.54607476683964,301.54991211990875,23,L8,2020,"{""type"":""MultiPoint"",""coordinates"":[]}"
0000000000000000003b_4,5,0.0003467342871952782,Milan,302.4554074583979,300.0124650345923,302.4554074583979,23,L8,2020,"{""type"":""MultiPoint"",""coordinates"":[]}"
0000000000000000003c_0,1,96.88659063751749,Naples,316.764827656461,312.323976823025,316.42140896364316,15,L8,2020,"{""type"":""MultiPoint"",""coordinates"":[]}"
0000000000000000003c_1,2,2.605821480798344,Naples,309.6198335966321,306.0738942340304,309.3450622195968,15,L8,2020,"{""type"":""MultiPoint"",""coordinates"":[]}"
0000000000000000003c_2,3,0.3370514733516698,Naples,319.5193393619035,314.64471360843214,319.1421703371954,15,L8,2020,"{""type"":""MultiPoint"",""coordinates"":[]}"
0000000000000000003c_3,4,0.055094649953185,Naples,305.36969545194466,302.81629721240716,305.1499817410818,15,L8,2020,"{""type"":""MultiPoint"",""coordinates"":[]}"
0000000000000000003c_4,5,0.1154417583793168,Naples,309.28099953263063,306.5507133496806,309.1327283091092,15,L8,2020,"{""type"":""MultiPoint"",""coordinates"":[]}"
0000000000000000003d_0,1,87.22232389984987,Zurich,305.60038713835763,301.50399513518374,305.60038713835763,9,L8,2020,"{""type"":""MultiPoint"",""coordinates"":[]}"
0000000000000000003d_1,2,7.944034736952142,Zurich,300.7520158575312,296.3275973234263,300.7520158575312,9,L8,2020,"{""type"":""MultiPoint"",""coordinates"":[]}"
0000000000000000003d_2,3,0.567532914080317,Zurich,306.6453627011812,301.28580295611073,306.6453627011812,9,L8,2020,"{""type"":""MultiPoint"",""coordinates"":[]}"
0000000000000000003d_3,4,4.266108449117667,Zurich,298.3752388053629,294.3743596961658,298.3752388053629,9,L8,2020,"{""type"":""MultiPoint"",""coordinates"":[]}"
0000000000000000003e_0,1,87.36911159419282,Geneva,305.2124560194095,304.1600730075295,305.2124560194095,5,L8,2020,"{""type"":""MultiPoint"",""coordinates"":[]}"
0000000000000000003e_1,2,0.3488171665420301,Geneva,299.39125012298206,298.84191078921134,299.39125012298206,5,L8,2020,"{""type"":""MultiPoint"",""coordinates"":[]}"
0000000000000000003e_2,4,12.282071239265155,Geneva,296.5956429950907,295.5167883251457,296.5956429950907,5,L8,2020,"{""type"":""MultiPoint"",""coordinates"":[]}"
00000000000000000044_0,1,5.5323144269895135,La Paz,305.85491014912634,300.63030607529987,305.85154055539294,16,L8,2020,"{""type"":""MultiPoint"",""coordinates"":[]}"
00000000000000000044_1,2,91.59228373708888,La Paz,298.0289187568011,295.9687006217644,298.0287041586592,16,L8,2020,"{""type"":""MultiPoint"",""coordinates"":[]}"
00000000000000000044_2,3,0.0052094984027342,La Paz,303.5424565726174,296.9770380141727,303.51871946713527,16,L8,2020,"{""type"":""MultiPoint"",""coordinates"":[]}"
00000000000000000044_3,4,1.2115611588847603,La Paz,292.8888086664264,290.7763819735579,292.888785297519,16,L8,2020,"{""type"":""MultiPoint"",""coordinates"":[]}"
00000000000000000044_4,5,1.6586311786340873,La Paz,302.0163645166334,299.6157513532971,302.0141686226359,16,L8,2020,"{""type"":""MultiPoint"",""coordinates"":[]}"
00000000000000000045_0,1,81.74344843735841,Asuncion,316.10092652518955,309.43670074128033,316.0738635976353,19,L8,2020,"{""type"":""MultiPoint"",""coordinates"":[]}"
00000000000000000045_1,2,9.964172852929858,Asuncion,314.05264320610485,305.83709657011843,314.0290651120831,19,L8,2020,"{""type"":""MultiPoint"",""coordinates"":[]}"
00000000000000000045_2,3,0.0156045134984396,Asuncion,315.92067778826095,307.3175762532922,315.901463222694,19,L8,2020,"{""type"":""MultiPoint"",""coordinates"":[]}"
00000000000000000045_3,4,7.857971491777721,Asuncion,307.9154908593586,303.90970653538574,307.8988440380053,19,L8,2020,"{""type"":""MultiPoint"",""coordinates"":[]}"
00000000000000000045_4,5,0.4188027044355727,Asuncion,311.9839322168447,305.7902466367462,311.9718000601597,19,L8,2020,"{""type"":""MultiPoint"",""coordinates"":[]}"
00000000000000000046_0,1,54.81457796950029,Montevideo,312.87046345509845,306.0629865768849,312.7157561467181,17,L8,2020,"{""type"":""MultiPoint"",""coordinates"":[]}"
00000000000000000046_1,2,40.61355695269922,Montevideo,312.1415632927605,303.9158107458536,311.71757653478335,17,L8,2020,"{""type"":""MultiPoint"",""coordinates"":[]}"
00000000000000000046_2,3,3.6779733262820935,Montevideo,315.1752439734951,306.44966915280156,314.60011642639256,17,L8,2020,"{""type"":""MultiPoint"",""coordinates"":[]}"
00000000000000000046_3,4,0.7061207352342691,Montevideo,305.44165896906435,299.9222958297047,304.76253425021855,17,L8,2020,"{""type"":""MultiPoint"",""coordinates"":[]}"
00000000000000000046_4,5,0.1877710162841319,Montevideo,305.61705586720757,300.7601529417043,305.5268186620499,17,L8,2020,"{""type"":""MultiPoint"",""coordinates"":[]}"
0000000000000000004a_0,1,28.810288017331253,Fianarantsoa,311.278237346065,307.3907372654712,311.278237346065,10,L8,2020,"{""type"":""MultiPoint"",""coordinates"":[]}"
0000000000000000004a_1,2,64.47875124905389,Fianarantsoa,310.49205613507274,305.6514389912731,310.49205613507274,10,L8,2020,"{""type"":""MultiPoint"",""coordinates"":[]}"
0000000000000000004a_2,3,6.137813252465024,Fianarantsoa,309.5715181588848,305.57859757518725,309.5715181588848,10,L8,2020,"{""type"":""MultiPoint"",""coordinates"":[]}"
0000000000000000004a_3,4,0.5712186594363838,Fianarantsoa,308.9490407798279,305.34612614519455,308.9490407798279,10,L8,2020,"{""type"":""MultiPoint"",""coordinates"":[]}"
0000000000000000004a_4,5,0.0019288217134494,Fianarantsoa,307.1832826407763,305.35510398511457,307.1832826407763,10,L8,2020,"{""type"":""MultiPoint"",""coordinates"":[]}"
00000000000000000007_0,1,87.90765714153179,London,311.62074105733774,304.6138133121821,311.62074105733774,9,L8,2020,"{""type"":""MultiPoint"",""coordinates"":[]}"
00000000000000000007_1,2,8.147601943062341,London,309.50033260224666,302.38742278812447,309.50033260224666,9,L8,2020,"{""type"":""MultiPoint"",""coordinates"":[]}"
00000000000000000007_2,3,2.312305461508744,London,311.1271366495772,303.108307536,311.1271366495772,9,L8,2020,"{""type"":""MultiPoint"",""coordinates"":[]}"
00000000000000000007_3,4,1.631801167264562,London,299.94493022426076,295.5229421258436,299.94493022426076,9,L8,2020,"{""type"":""MultiPoint"",""coordinates"":[]}"
00000000000000000007_4,5,0.000634286632562194,London,304.8082456481057,297.8671004454273,304.8082456481057,9,L8,2020,"{""type"":""MultiPoint"",""coordinates"":[]}"
00000000000000000013_0,1,91.58519984297862,Tehran,319.51917175975825,315.3912198360216,319.1400773939351,16,L8,2020,"{""type"":""MultiPoint"",""coordinates"":[]}"
00000000000000000013_1,2,5.650934698560311,Tehran,324.611061063325,319.7724872397586,324.0145430712181,16,L8,2020,"{""type"":""MultiPoint"",""coordinates"":[]}"
00000000000000000013_2,3,1.1524792825798111,Tehran,325.40309658911644,319.76576593062384,324.6265744610624,16,L8,2020,"{""type"":""MultiPoint"",""coordinates"":[]}"
00000000000000000013_3,4,0.2228219070210465,Tehran,308.1056617698749,305.1993552842801,307.9755058503019,16,L8,2020,"{""type"":""MultiPoint"",""coordinates"":[]}"
00000000000000000013_4,5,1.3885642688602018,Tehran,328.8788040324048,322.7641145079844,327.7927160556186,16,L8,2020,"{""type"":""MultiPoint"",""coordinates"":[]}"
00000000000000000015_0,1,20.988193898450717,Cairo,321.4146131517021,318.4359196125507,321.3568828359413,18,L8,2020,"{""type"":""MultiPoint"",""coordinates"":[]}"
00000000000000000015_1,2,1.34868808376638,Cairo,320.98711613178176,317.85346606826454,320.8494294436748,18,L8,2020,"{""type"":""MultiPoint"",""coordinates"":[]}"
00000000000000000015_2,3,0.1993034409815363,Cairo,316.49694594805504,313.8706840681797,316.4074621701808,18,L8,2020,"{""type"":""MultiPoint"",""coordinates"":[]}"
00000000000000000015_3,4,0.2988286990612108,Cairo,309.03618348174393,306.14432202203096,308.8481976495353,18,L8,2020,"{""type"":""MultiPoint"",""coordinates"":[]}"
00000000000000000015_4,5,77.16498587774015,Cairo,323.8121350187548,320.6640434205615,323.7942200944638,18,L8,2020,"{""type"":""MultiPoint"",""coordinates"":[]}"
00000000000000000026_0,1,54.94044490083264,Belgrade,310.8124089398941,306.29099691339707,310.8124089398941,10,L8,2020,"{""type"":""MultiPoint"",""coordinates"":[]}"
00000000000000000026_1,2,19.74749858176692,Belgrade,305.7219468993493,301.70571381692497,305.72194028187073,10,L8,2020,"{""type"":""MultiPoint"",""coordinates"":[]}"
00000000000000000026_2,3,18.912982295442255,Belgrade,309.63516135275484,304.6521399320816,309.63516135275484,10,L8,2020,"{""type"":""MultiPoint"",""coordinates"":[]}"
00000000000000000026_3,4,6.396775193865543,Belgrade,300.05944464812876,297.7503229461286,300.05944464812876,10,L8,2020,"{""type"":""MultiPoint"",""coordinates"":[]}"
00000000000000000026_4,5,0.0022990280926356,Belgrade,303.87749076613807,300.51351214497146,303.87749076613807,10,L8,2020,"{""type"":""MultiPoint"",""coordinates"":[]}"
0000000000000000002f_0,1,83.59174600436478,Washington,314.2251392963202,308.2037858025831,314.2251392963202,6,L8,2020,"{""type"":""MultiPoint"",""coordinates"":[]}"
0000000000000000002f_1,2,6.396319528396102,Washington,306.0797673202653,301.365502337332,306.0797673202653,6,L8,2020,"{""type"":""MultiPoint"",""coordinates"":[]}"
0000000000000000002f_2,3,0.7315483723077698,Washington,309.88954739365715,304.98283385828927,309.88954739365715,6,L8,2020,"{""type"":""MultiPoint"",""coordinates"":[]}"
0000000000000000002f_3,4,4.807004315791474,Washington,306.6292006712663,302.4952342485948,306.6292006712663,6,L8,2020,"{""type"":""MultiPoint"",""coordinates"":[]}"
0000000000000000002f_4,5,4.473381779139861,Washington,305.1044260582869,301.8388653536842,305.1044260582869,6,L8,2020,"{""type"":""MultiPoint"",""coordinates"":[]}"
0000000000000000004c_0,1,94.5464846568155,Luanda,314.01113251120324,309.79048348422845,314.01113251120324,17,L8,2020,"{""type"":""MultiPoint"",""coordinates"":[]}"
0000000000000000004c_1,2,1.856632104088914,Luanda,313.9887975200982,309.2497568902825,313.9887975200982,17,L8,2020,"{""type"":""MultiPoint"",""coordinates"":[]}"
0000000000000000004c_2,3,0.002175690754085,Luanda,311.2812314039035,307.56586851530085,311.2812314039035,17,L8,2020,"{""type"":""MultiPoint"",""coordinates"":[]}"
0000000000000000004c_3,4,0.1807757273227539,Luanda,307.0524025723736,304.44469586868405,307.0524025723736,17,L8,2020,"{""type"":""MultiPoint"",""coordinates"":[]}"
0000000000000000004c_4,5,3.4139318210187506,Luanda,305.5300757545836,302.2960822953275,305.5300757545836,17,L8,2020,"{""type"":""MultiPoint"",""coordinates"":[]}"
00000000000000000037_0,1,93.6337224039796,Guadalajara,319.4578641918402,311.9198969932794,319.4578641918402,5,L8,2020,"{""type"":""MultiPoint"",""coordinates"":[]}"
00000000000000000037_1,2,6.24362367095694,Guadalajara,316.1596107121944,305.7747145938121,316.1596107121944,5,L8,2020,"{""type"":""MultiPoint"",""coordinates"":[]}"
00000000000000000037_2,3,0.0593381677402938,Guadalajara,314.77180820861446,306.7344274442411,314.77180820861446,5,L8,2020,"{""type"":""MultiPoint"",""coordinates"":[]}"
00000000000000000037_3,4,0.0633157573231777,Guadalajara,311.41254851424964,303.2186814179598,311.41254851424964,5,L8,2020,"{""type"":""MultiPoint"",""coordinates"":[]}"
00000000000000000038_0,1,60.71971311591735,Monterrey,316.75311854851446,312.6837586779234,316.75311854851446,6,L8,2020,"{""type"":""MultiPoint"",""coordinates"":[]}"
00000000000000000038_1,2,39.201691576622466,Monterrey,305.8988276429905,303.50750220612537,305.8988276429905,6,L8,2020,"{""type"":""MultiPoint"",""coordinates"":[]}"
00000000000000000038_2,3,0.0097369085355541,Monterrey,313.07738143518935,309.4639908077831,313.07738143518935,6,L8,2020,"{""type"":""MultiPoint"",""coordinates"":[]}"
00000000000000000038_3,4,0.0596208190319327,Monterrey,306.1494131721859,304.225288174505,306.1494131721859,6,L8,2020,"{""type"":""MultiPoint"",""coordinates"":[]}"
00000000000000000038_4,5,0.0092375798927052,Monterrey,316.6870439283518,312.217032221544,316.6870439283518,6,L8,2020,"{""type"":""MultiPoint"",""coordinates"":[]}"
00000000000000000041_0,1,39.49841373957009,Oslo,302.09296739459853,296.59387843004004,302.0929321266999,19,L8,2020,"{""type"":""MultiPoint"",""coordinates"":[]}"
00000000000000000041_1,2,49.20735402407222,Oslo,295.46122921435017,291.70686776403113,295.4611538155232,19,L8,2020,"{""type"":""MultiPoint"",""coordinates"":[]}"
00000000000000000041_2,3,0.4498369536099308,Oslo,297.53086583570126,293.4010256720695,297.53086583570126,19,L8,2020,"{""type"":""MultiPoint"",""coordinates"":[]}"
00000000000000000041_3,4,6.054237303245316,Oslo,293.4323690438471,290.7025089167786,293.4323563929265,19,L8,2020,"{""type"":""MultiPoint"",""coordinates"":[]}"
00000000000000000041_4,5,4.7901579795024425,Oslo,292.64628482926133,291.6056027725413,292.64628482926133,19,L8,2020,"{""type"":""MultiPoint"",""coordinates"":[]}"
00000000000000000052_0,1,46.58676871541836,Sydney,309.16051107400716,307.912512595907,309.16051107400716,6,L5,2000,"{""type"":""MultiPoint"",""coordinates"":[]}"
00000000000000000052_1,2,47.7230585922169,Sydney,303.82589010392593,302.80163378611206,303.82589010392593,6,L5,2000,"{""type"":""MultiPoint"",""coordinates"":[]}"
00000000000000000052_2,3,0.6073890181846852,Sydney,308.48271941123585,306.31405023968824,308.48271941123585,6,L5,2000,"{""type"":""MultiPoint"",""coordinates"":[]}"
00000000000000000052_3,4,1.6718614177130553,Sydney,300.109503784783,299.3425114803519,300.109503784783,6,L5,2000,"{""type"":""MultiPoint"",""coordinates"":[]}"
00000000000000000052_4,5,3.4109222564670056,Sydney,297.12977883971547,296.9470987704454,297.12977883971547,6,L5,2000,"{""type"":""MultiPoint"",""coordinates"":[]}"
00000000000000000053_0,1,22.22380132392209,Hobart,293.65926843677244,293.6344817130092,293.65926843677244,4,L5,2000,"{""type"":""MultiPoint"",""coordinates"":[]}"
00000000000000000053_1,2,67.40819362610627,Hobart,294.9276067829281,294.9049243986777,294.9276067829281,4,L5,2000,"{""type"":""MultiPoint"",""coordinates"":[]}"
00000000000000000053_2,3,8.763268755217753,Hobart,299.2429397659525,299.2429397659525,299.2429397659525,4,L5,2000,"{""type"":""MultiPoint"",""coordinates"":[]}"
00000000000000000053_3,4,0.6030699718877629,Hobart,290.692581010502,290.692581010502,290.692581010502,4,L5,2000,"{""type"":""MultiPoint"",""coordinates"":[]}"
00000000000000000053_4,5,1.0016663228661131,Hobart,287.8616464453713,287.8616464453713,287.8616464453713,4,L5,2000,"{""type"":""MultiPoint"",""coordinates"":[]}"
0000000000000000005e_0,1,22.78887020274606,Vientiane Capital,296.69960215661087,296.6342167162665,296.69960215661087,17,L5,2000,"{""type"":""MultiPoint"",""coordinates"":[]}"
0000000000000000005e_1,2,37.45854028244757,Vientiane Capital,292.72862230968497,292.41439839616453,292.72862230968497,17,L5,2000,"{""type"":""MultiPoint"",""coordinates"":[]}"
0000000000000000005e_2,3,33.08600828565072,Vientiane Capital,296.2398854243843,296.1754677151451,296.2398854243843,17,L5,2000,"{""type"":""MultiPoint"",""coordinates"":[]}"
0000000000000000005e_3,4,6.629195558151019,Vientiane Capital,292.93005516210536,291.79325068190644,292.93005516210536,17,L5,2000,"{""type"":""MultiPoint"",""coordinates"":[]}"
0000000000000000005e_4,5,0.0373856710046301,Vientiane Capital,293.8438111619821,293.79672442689554,293.8438111619821,17,L5,2000,"{""type"":""MultiPoint"",""coordinates"":[]}"
00000000000000000025_0,1,43.852199451587786,Sofia,314.0209992491651,308.1672510484188,314.0209992491651,13,L5,2000,"{""type"":""MultiPoint"",""coordinates"":[]}"
00000000000000000025_1,2,43.86949093189273,Sofia,308.1268200441617,302.2861572327958,308.1268200441617,13,L5,2000,"{""type"":""MultiPoint"",""coordinates"":[]}"
00000000000000000025_2,3,11.854785892769982,Sofia,316.88545013275063,310.35391716124224,316.88545013275063,13,L5,2000,"{""type"":""MultiPoint"",""coordinates"":[]}"
00000000000000000025_3,4,0.4232327174481676,Sofia,304.40109546917853,300.07216213170574,304.40109546917853,13,L5,2000,"{""type"":""MultiPoint"",""coordinates"":[]}"
00000000000000000025_4,5,0.0002910063013306228,Sofia,320.1417551024175,313.42373994733424,320.1417551024175,13,L5,2000,"{""type"":""MultiPoint"",""coordinates"":[]}"
00000000000000000042_0,1,91.40396818305078,Buenos Aires,312.9277259691405,311.60092051474913,312.9277259691405,3,L5,2000,"{""type"":""MultiPoint"",""coordinates"":[]}"
00000000000000000042_1,2,6.627199465425678,Buenos Aires,311.52390476648685,309.97982065800215,311.52390476648685,3,L5,2000,"{""type"":""MultiPoint"",""coordinates"":[]}"
00000000000000000042_2,4,1.7778565663312194,Buenos Aires,308.3143936236948,307.14766195708404,308.3143936236948,3,L5,2000,"{""type"":""MultiPoint"",""coordinates"":[]}"
00000000000000000042_3,5,0.1909757851923311,Buenos Aires,303.919023175405,303.36466534574595,303.919023175405,3,L5,2000,"{""type"":""MultiPoint"",""coordinates"":[]}"
00000000000000000001_0,1,82.53178424521776,Los Angeles,317.22452415606733,315.25377181861273,317.22452415606733,6,L5,2000,"{""type"":""MultiPoint"",""coordinates"":[]}"
00000000000000000001_1,2,13.533604742734214,Los Angeles,312.8458418933557,308.926347082858,312.8458418933557,6,L5,2000,"{""type"":""MultiPoint"",""coordinates"":[]}"
00000000000000000001_2,3,0.1808882656023176,Los Angeles,312.96740984899645,311.12995614233694,312.96740984899645,6,L5,2000,"{""type"":""MultiPoint"",""coordinates"":[]}"
00000000000000000001_3,4,0.6928041992002044,Los Angeles,303.4221376357275,302.19694331580394,303.4221376357275,6,L5,2000,"{""type"":""MultiPoint"",""coordinates"":[]}"
00000000000000000001_4,5,3.060918547245502,Los Angeles,296.01963886131927,295.71424548772023,296.01963886131927,6,L5,2000,"{""type"":""MultiPoint"",""coordinates"":[]}"
00000000000000000002_0,1,89.76850958158522,Chicago,309.98587758753473,306.5270237623811,309.98587758753473,7,L5,2000,"{""type"":""MultiPoint"",""coordinates"":[]}"
00000000000000000002_1,2,5.220738173292714,Chicago,305.6928042411658,302.1623587512036,305.6928042411658,7,L5,2000,"{""type"":""MultiPoint"",""coordinates"":[]}"
00000000000000000002_2,3,1.1413436968716597,Chicago,305.50629534031015,301.9356610388667,305.50629534031015,7,L5,2000,"{""type"":""MultiPoint"",""coordinates"":[]}"
00000000000000000002_3,4,3.840245914593883,Chicago,301.92824636291505,298.61188072021145,301.92824636291505,7,L5,2000,"{""type"":""MultiPoint"",""coordinates"":[]}"
00000000000000000002_4,5,0.0291626336565019,Chicago,305.14549104037326,302.27415022256304,305.14549104037326,7,L5,2000,"{""type"":""MultiPoint"",""coordinates"":[]}"
00000000000000000005_0,1,53.92657853358025,Madrid,313.5548810715055,310.83970540124415,313.5548810715055,5,L5,2000,"{""type"":""MultiPoint"",""coordinates"":[]}"
00000000000000000005_1,2,39.69615400909723,Madrid,316.2099873064174,312.7595390272337,316.2099873064174,5,L5,2000,"{""type"":""MultiPoint"",""coordinates"":[]}"
00000000000000000005_2,3,5.655728218092014,Madrid,317.9625800322154,313.7317412816987,317.9625800322154,5,L5,2000,"{""type"":""MultiPoint"",""coordinates"":[]}"
00000000000000000005_3,4,0.6023743631068077,Madrid,302.75388733338497,300.54868464782066,302.75388733338497,5,L5,2000,"{""type"":""MultiPoint"",""coordinates"":[]}"
00000000000000000005_4,5,0.1191648761237057,Madrid,315.9399867525382,312.9218191148571,315.9399867525382,5,L5,2000,"{""type"":""MultiPoint"",""coordinates"":[]}"
00000000000000000009_0,1,52.01265502826167,Rome,315.4062563783533,312.25339177638875,315.4062563783533,8,L5,2000,"{""type"":""MultiPoint"",""coordinates"":[]}"
00000000000000000009_1,2,16.863052386132377,Rome,311.83383107349107,308.4584174986185,311.83383107349107,8,L5,2000,"{""type"":""MultiPoint"",""coordinates"":[]}"
00000000000000000009_2,3,30.4606659192732,Rome,317.87864344517965,313.50258708358075,317.87864344517965,8,L5,2000,"{""type"":""MultiPoint"",""coordinates"":[]}"
00000000000000000009_3,4,0.6441926045437543,Rome,306.03342667434964,303.5404355062831,306.03342667434964,8,L5,2000,"{""type"":""MultiPoint"",""coordinates"":[]}"
00000000000000000009_4,5,0.0194340617889949,Rome,305.63782616332117,303.93774798395555,305.63782616332117,8,L5,2000,"{""type"":""MultiPoint"",""coordinates"":[]}"
00000000000000000017_0,1,79.63284916600148,Casablanca,315.85778831604176,312.31356012581034,315.85778831604176,4,L5,2000,"{""type"":""MultiPoint"",""coordinates"":[]}"
00000000000000000017_1,2,3.6335508383839774,Casablanca,316.68932212003483,312.76904552227273,316.68932212003483,4,L5,2000,"{""type"":""MultiPoint"",""coordinates"":[]}"
00000000000000000017_2,3,15.780552450851864,Casablanca,320.96721686199044,316.2818507934749,320.96721686199044,4,L5,2000,"{""type"":""MultiPoint"",""coordinates"":[]}"
00000000000000000017_3,4,0.6306272396404952,Casablanca,305.38732015810893,302.907837231003,305.38732015810893,4,L5,2000,"{""type"":""MultiPoint"",""coordinates"":[]}"
00000000000000000017_4,5,0.3224203051221923,Casablanca,305.1514628336665,302.5115370236951,305.1514628336665,4,L5,2000,"{""type"":""MultiPoint"",""coordinates"":[]}"
00000000000000000023_0,1,68.92611888908155,Budapest,312.2221844020419,306.97061413963354,312.2221844020419,5,L5,2000,"{""type"":""MultiPoint"",""coordinates"":[]}"
00000000000000000023_1,2,20.2109165724228,Budapest,310.31580833814166,304.31380142950934,310.31580833814166,5,L5,2000,"{""type"":""MultiPoint"",""coordinates"":[]}"
00000000000000000023_2,3,7.729532682327155,Budapest,314.4503707884596,307.88995604064615,314.4503707884596,5,L5,2000,"{""type"":""MultiPoint"",""coordinates"":[]}"
00000000000000000023_3,4,3.1311190212986193,Budapest,300.23795370484373,297.45956759064995,300.23795370484373,5,L5,2000,"{""type"":""MultiPoint"",""coordinates"":[]}"
00000000000000000023_4,5,0.0023128348698621,Budapest,305.461489696104,301.9209250781758,305.461489696104,5,L5,2000,"{""type"":""MultiPoint"",""coordinates"":[]}"
0000000000000000002c_0,1,65.97037272345416,Seattle,304.9896867390498,301.12688324374744,304.9896867390498,10,L5,2000,"{""type"":""MultiPoint"",""coordinates"":[]}"
0000000000000000002c_1,2,4.837552480180985,Seattle,300.07944484345796,296.2996674389507,300.07944484345796,10,L5,2000,"{""type"":""MultiPoint"",""coordinates"":[]}"
0000000000000000002c_2,3,0.0139967013891502,Seattle,305.6795711698015,300.2103181857653,305.6795711698015,10,L5,2000,"{""type"":""MultiPoint"",""coordinates"":[]}"
0000000000000000002c_3,4,15.049352917988394,Seattle,295.52042325597796,292.6553241061774,295.52042325597796,10,L5,2000,"{""type"":""MultiPoint"",""coordinates"":[]}"
0000000000000000002c_4,5,14.128725176987311,Seattle,288.57243760822814,287.2813874566048,288.57243760822814,10,L5,2000,"{""type"":""MultiPoint"",""coordinates"":[]}"
0000000000000000002d_0,1,78.82911909112315,Vancouver,306.45045449658573,304.24737363566254,306.45045449658573,5,L5,2000,"{""type"":""MultiPoint"",""coordinates"":[]}"
0000000000000000002d_1,2,5.994087602735634,Vancouver,299.89194768553466,297.769615881785,299.89194768553466,5,L5,2000,"{""type"":""MultiPoint"",""coordinates"":[]}"
0000000000000000002d_2,3,0.0184916300625706,Vancouver,305.0199146958786,301.3764291327686,305.0199146958786,5,L5,2000,"{""type"":""MultiPoint"",""coordinates"":[]}"
0000000000000000002d_3,4,2.1650030832874823,Vancouver,299.56212762254484,297.7383055108948,299.56212762254484,5,L5,2000,"{""type"":""MultiPoint"",""coordinates"":[]}"
0000000000000000002d_4,5,12.993298592791168,Vancouver,291.47501408856874,289.8556137476403,291.47501408856874,5,L5,2000,"{""type"":""MultiPoint"",""coordinates"":[]}"
00000000000000000030_0,1,54.42478598234853,Boston,307.4852607266722,304.91853009150464,307.4852607266722,10,L5,2000,"{""type"":""MultiPoint"",""coordinates"":[]}"
00000000000000000030_1,2,6.2098343838042664,Boston,303.9509504515347,301.96594329749416,303.9509504515347,10,L5,2000,"{""type"":""MultiPoint"",""coordinates"":[]}"
00000000000000000030_2,3,0.3997783857881727,Boston,303.3212372592211,301.19759343891644,303.3212372592211,10,L5,2000,"{""type"":""MultiPoint"",""coordinates"":[]}"
00000000000000000030_3,4,4.558971963776969,Boston,298.6756383607605,297.2020240265065,298.6756383607605,10,L5,2000,"{""type"":""MultiPoint"",""coordinates"":[]}"
00000000000000000030_4,5,34.40662928428206,Boston,292.60636052257536,291.245709004704,292.60636052257536,10,L5,2000,"{""type"":""MultiPoint"",""coordinates"":[]}"
00000000000000000031_0,1,73.05056328417699,Houston,320.5470093303153,315.58010053435794,320.54400862204017,17,L5,2000,"{""type"":""MultiPoint"",""coordinates"":[]}"
00000000000000000031_1,2,22.318193371430585,Houston,315.8977673499269,311.2978966878266,315.89481949006586,17,L5,2000,"{""type"":""MultiPoint"",""coordinates"":[]}"
00000000000000000031_2,3,0.2369580248578959,Houston,317.26374472046115,312.9308670210156,317.26068746624844,17,L5,2000,"{""type"":""MultiPoint"",""coordinates"":[]}"
00000000000000000031_3,4,3.747949725459699,Houston,309.27721926088674,306.3286260214081,309.2769351016495,17,L5,2000,"{""type"":""MultiPoint"",""coordinates"":[]}"
00000000000000000031_4,5,0.6463355940748181,Houston,308.1400538098887,305.92005702795456,308.1400538098887,17,L5,2000,"{""type"":""MultiPoint"",""coordinates"":[]}"
00000000000000000032_0,1,68.6662456351729,Dallas,319.6068211718703,316.57755361944413,319.59673511368567,16,L5,2000,"{""type"":""MultiPoint"",""coordinates"":[]}"
00000000000000000032_1,2,19.356450725243977,Dallas,315.5040238041315,312.339045642869,315.4672886274691,16,L5,2000,"{""type"":""MultiPoint"",""coordinates"":[]}"
00000000000000000032_2,3,0.9592458735250148,Dallas,320.3707267810032,315.86099470093455,320.2714402719191,16,L5,2000,"{""type"":""MultiPoint"",""coordinates"":[]}"
00000000000000000032_3,4,11.016294564605662,Dallas,306.2620160185409,304.5558851536974,306.25888557403937,16,L5,2000,"{""type"":""MultiPoint"",""coordinates"":[]}"
00000000000000000032_4,5,0.0017632014524608,Dallas,314.8104301107991,312.1530254668572,314.8104301107991,16,L5,2000,"{""type"":""MultiPoint"",""coordinates"":[]}"
00000000000000000033_0,1,88.0824535081927,Atlanta,308.3192528252822,305.75594778577073,308.3192528252822,10,L5,2000,"{""type"":""MultiPoint"",""coordinates"":[]}"
00000000000000000033_1,2,11.273323496042073,Atlanta,304.1740344978862,302.46330654157225,304.1740344978862,10,L5,2000,"{""type"":""MultiPoint"",""coordinates"":[]}"
00000000000000000033_2,3,0.0832869344401884,Atlanta,308.8647576526685,306.0909206244892,308.8647576526685,10,L5,2000,"{""type"":""MultiPoint"",""coordinates"":[]}"
00000000000000000033_3,4,0.5575447708936446,Atlanta,305.0118855927996,303.2253070868773,305.0118855927996,10,L5,2000,"{""type"":""MultiPoint"",""coordinates"":[]}"
00000000000000000033_4,5,0.0033912904313925,Atlanta,309.41933087928,304.5689688633636,309.41933087928,10,L5,2000,"{""type"":""MultiPoint"",""coordinates"":[]}"
00000000000000000034_0,1,84.44057960749902,Philadelphia,307.41710932899014,307.41710932899014,307.41710932899014,1,L5,2000,"{""type"":""MultiPoint"",""coordinates"":[]}"
00000000000000000034_1,2,8.42339730625742,Philadelphia,302.30838662746413,302.30838662746413,302.30838662746413,1,L5,2000,"{""type"":""MultiPoint"",""coordinates"":[]}"
00000000000000000034_2,3,1.3401177032244695,Philadelphia,303.1001959428839,303.1001959428839,303.1001959428839,1,L5,2000,"{""type"":""MultiPoint"",""coordinates"":[]}"
00000000000000000034_3,4,5.785092917786291,Philadelphia,299.34410700248407,299.34410700248407,299.34410700248407,1,L5,2000,"{""type"":""MultiPoint"",""coordinates"":[]}"
00000000000000000034_4,5,0.0108124652327885,Philadelphia,305.0916017955094,305.0916017955094,305.0916017955094,1,L5,2000,"{""type"":""MultiPoint"",""coordinates"":[]}"
00000000000000000035_0,1,58.202659783006006,Phoenix,325.0171834371317,320.78382235235,325.0171834371317,13,L5,2000,"{""type"":""MultiPoint"",""coordinates"":[]}"
00000000000000000035_1,2,35.810570907654586,Phoenix,327.6211392448035,322.63941405922,327.6211392448035,13,L5,2000,"{""type"":""MultiPoint"",""coordinates"":[]}"
00000000000000000035_2,3,4.917200365453567,Phoenix,320.9067379860514,314.4862003454639,320.9067379860514,13,L5,2000,"{""type"":""MultiPoint"",""coordinates"":[]}"
00000000000000000035_3,4,0.1088025665267747,Phoenix,314.2900496590738,311.60331650559107,314.2900496590738,13,L5,2000,"{""type"":""MultiPoint"",""coordinates"":[]}"
00000000000000000035_4,5,0.9607663773590543,Phoenix,327.16273366032146,322.2934387288319,327.16273366032146,13,L5,2000,"{""type"":""MultiPoint"",""coordinates"":[]}"
0000000000000000004e_0,1,35.08745224320427,Gaborone,301.98110393102274,301.98110393102274,301.98110393102274,2,L5,2000,"{""type"":""MultiPoint"",""coordinates"":[]}"
0000000000000000004e_1,2,57.49445087692069,Gaborone,300.4972350060326,300.4972350060326,300.4972350060326,2,L5,2000,"{""type"":""MultiPoint"",""coordinates"":[]}"
0000000000000000004e_2,3,0.3289131636615732,Gaborone,300.23137055103916,300.23137055103916,300.23137055103916,2,L5,2000,"{""type"":""MultiPoint"",""coordinates"":[]}"
0000000000000000004e_3,4,7.053956621301809,Gaborone,297.7479600344169,297.7479600344169,297.7479600344169,2,L5,2000,"{""type"":""MultiPoint"",""coordinates"":[]}"
00000000000000000058_0,1,54.42494548334141,Special capital Region of Jakarta,300.945276544174,297.80783835418674,300.945276544174,24,L5,2000,"{""type"":""MultiPoint"",""coordinates"":[]}"
00000000000000000058_1,2,5.214084599192504,Special capital Region of Jakarta,299.67415134739394,296.50744086254997,299.67415134739394,24,L5,2000,"{""type"":""MultiPoint"",""coordinates"":[]}"
00000000000000000058_2,3,1.756822726288106,Special capital Region of Jakarta,299.99971319319695,296.53361113784035,299.99971319319695,24,L5,2000,"{""type"":""MultiPoint"",""coordinates"":[]}"
00000000000000000058_3,4,2.9440032673554595,Special capital Region of Jakarta,297.9577549330398,295.4492892961469,297.9577549330398,24,L5,2000,"{""type"":""MultiPoint"",""coordinates"":[]}"
00000000000000000058_4,5,35.66014392382252,Special capital Region of Jakarta,295.5338957775989,291.98266527414495,295.5338957775989,24,L5,2000,"{""type"":""MultiPoint"",""coordinates"":[]}"
00000000000000000000_0,1,66.39138713200634,New York,307.3463681318943,306.5439636820372,307.3463681318943,7,L5,2000,"{""type"":""MultiPoint"",""coordinates"":[]}"
00000000000000000000_1,2,7.81334651610678,New York,303.2334034250232,302.05003663806957,303.2334034250232,7,L5,2000,"{""type"":""MultiPoint"",""coordinates"":[]}"
00000000000000000000_2,3,0.6192107168480574,New York,303.50308449480434,302.2357099124486,303.50308449480434,7,L5,2000,"{""type"":""MultiPoint"",""coordinates"":[]}"
00000000000000000000_3,4,5.115018933413221,New York,300.93847810454065,299.7494102568454,300.93847810454065,7,L5,2000,"{""type"":""MultiPoint"",""coordinates"":[]}"
00000000000000000000_4,5,20.061036701625575,New York,297.03774044231307,295.63131412951833,297.03774044231307,7,L5,2000,"{""type"":""MultiPoint"",""coordinates"":[]}"
00000000000000000012_0,1,10.447144271434276,Karachi Division,311.5672066678644,309.77967073710107,311.5671943212572,24,L5,2000,"{""type"":""MultiPoint"",""coordinates"":[]}"
00000000000000000012_1,2,23.58675680228132,Karachi Division,314.31076436690915,311.3422716882364,314.3102223361527,24,L5,2000,"{""type"":""MultiPoint"",""coordinates"":[]}"
00000000000000000012_2,3,1.3421174392224464,Karachi Division,313.2433018626701,310.9640553456089,313.2432083424743,24,L5,2000,"{""type"":""MultiPoint"",""coordinates"":[]}"
00000000000000000012_3,4,1.1829749399819651,Karachi Division,304.61873106823947,302.84451217213405,304.61873106823947,24,L5,2000,"{""type"":""MultiPoint"",""coordinates"":[]}"
00000000000000000012_4,5,63.44100654707999,Karachi Division,315.1671848083555,311.0287991756806,315.1653153324363,24,L5,2000,"{""type"":""MultiPoint"",""coordinates"":[]}"
00000000000000000014_0,1,43.45363849600993,Baghdad,325.50760006503043,320.11761515972637,325.33667001124985,11,L5,2000,"{""type"":""MultiPoint"",""coordinates"":[]}"
00000000000000000014_1,2,33.60177631463697,Baghdad,325.92205284742334,320.07379886430454,325.64520405548114,11,L5,2000,"{""type"":""MultiPoint"",""coordinates"":[]}"
00000000000000000014_2,3,11.324190481319189,Baghdad,325.10080054626064,318.9684675221492,324.7579922138506,11,L5,2000,"{""type"":""MultiPoint"",""coordinates"":[]}"
00000000000000000014_3,4,2.1426899591006032,Baghdad,313.87067877178663,310.3113768343709,313.77065487623327,11,L5,2000,"{""type"":""MultiPoint"",""coordinates"":[]}"
00000000000000000014_4,5,9.477704748933313,Baghdad,329.33296844372705,322.9106018247028,328.9887645238199,11,L5,2000,"{""type"":""MultiPoint"",""coordinates"":[]}"
00000000000000000028_0,1,3.5621221708551065,Baku City,313.62917306363414,309.17842646708124,313.62906193082085,25,L5,2000,"{""type"":""MultiPoint"",""coordinates"":[]}"
00000000000000000028_1,2,13.038676946121116,Baku City,317.80634078430614,311.3374867308408,317.68224719060356,25,L5,2000,"{""type"":""MultiPoint"",""coordinates"":[]}"
00000000000000000028_2,3,0.1113675302090076,Baku City,311.6658527015077,307.4023856694398,311.6603024692828,25,L5,2000,"{""type"":""MultiPoint"",""coordinates"":[]}"
00000000000000000028_3,4,81.69073463712368,Baku City,300.93137294886935,295.7356537158294,300.79409346182297,25,L5,2000,"{""type"":""MultiPoint"",""coordinates"":[]}"
00000000000000000028_4,5,1.5970987156910796,Baku City,318.7555379548996,310.797295129647,318.7330474176689,25,L5,2000,"{""type"":""MultiPoint"",""coordinates"":[]}"
0000000000000000001a_0,1,48.355280158652434,Manila,292.02556244091454,292.02556244091454,292.02556244091454,3,L5,2000,"{""type"":""MultiPoint"",""coordinates"":[]}"
0000000000000000001a_1,2,12.984711930065062,Manila,292.0062774865736,292.0062774865736,292.0062774865736,3,L5,2000,"{""type"":""MultiPoint"",""coordinates"":[]}"
0000000000000000001a_3,4,7.877927955313589,Manila,290.6035259925055,290.6035259925055,290.6035259925055,3,L5,2000,"{""type"":""MultiPoint"",""coordinates"":[]}"
0000000000000000001a_4,5,30.770048538018784,Manila,284.2546757943718,284.2546757943718,284.2546757943718,3,L5,2000,"{""type"":""MultiPoint"",""coordinates"":[]}"
00000000000000000003_0,1,87.09086210194336,Toronto,307.6539611053927,303.4314830843194,307.49069003567115,15,L5,2000,"{""type"":""MultiPoint"",""coordinates"":[]}"
00000000000000000003_1,2,5.693707015195784,Toronto,301.05313904552105,297.94222538263864,300.97570852410774,15,L5,2000,"{""type"":""MultiPoint"",""coordinates"":[]}"
00000000000000000003_2,3,2.185346217545694,Toronto,302.2509010577998,298.9128829255029,302.132366921429,15,L5,2000,"{""type"":""MultiPoint"",""coordinates"":[]}"
00000000000000000003_3,4,5.025695423696361,Toronto,295.57522414437625,292.3884869831192,295.57076718205377,15,L5,2000,"{""type"":""MultiPoint"",""coordinates"":[]}"
00000000000000000003_4,5,0.0043892416188005,Toronto,302.7818382558444,298.7676635452852,302.7818382558444,15,L5,2000,"{""type"":""MultiPoint"",""coordinates"":[]}"
0000000000000000002b_0,1,53.075458882502005,San Francisco,310.084913958263,307.89933314776914,310.084913958263,9,L5,2000,"{""type"":""MultiPoint"",""coordinates"":[]}"
0000000000000000002b_1,2,3.439685497390215,San Francisco,304.7038933787434,303.289083350933,304.7038933787434,9,L5,2000,"{""type"":""MultiPoint"",""coordinates"":[]}"
0000000000000000002b_2,3,0.1448381898535057,San Francisco,304.32497693939575,302.89021508307934,304.32497693939575,9,L5,2000,"{""type"":""MultiPoint"",""coordinates"":[]}"
0000000000000000002b_3,4,3.0122526877196347,San Francisco,300.23147021589597,299.19573952551497,300.23147021589597,9,L5,2000,"{""type"":""MultiPoint"",""coordinates"":[]}"
0000000000000000002b_4,5,40.32776474253465,San Francisco,291.2823156691868,290.7370420424478,291.2823156691868,9,L5,2000,"{""type"":""MultiPoint"",""coordinates"":[]}"
00000000000000000054_0,1,69.72847749836068,City of Georgetown,303.81043412337976,303.81043412337976,303.81043412337976,1,L5,2000,"{""type"":""MultiPoint"",""coordinates"":[]}"
00000000000000000054_1,2,18.870082149065333,City of Georgetown,302.1648624572161,302.1648624572161,302.1648624572161,1,L5,2000,"{""type"":""MultiPoint"",""coordinates"":[]}"
00000000000000000054_2,3,10.685494878464976,City of Georgetown,300.8738404061895,300.8738404061895,300.8738404061895,1,L5,2000,"{""type"":""MultiPoint"",""coordinates"":[]}"
00000000000000000054_3,4,0.5493677702115124,City of Georgetown,305.0147091038835,305.0147091038835,305.0147091038835,1,L5,2000,"{""type"":""MultiPoint"",""coordinates"":[]}"
00000000000000000054_4,5,0.1665777038975073,City of Georgetown,304.4302745730549,304.4302745730549,304.4302745730549,1,L5,2000,"{""type"":""MultiPoint"",""coordinates"":[]}"
00000000000000000059_0,1,72.16335008116236,Bandung City,302.9340783991023,298.0377626008867,302.9340783991023,13,L5,2000,"{""type"":""MultiPoint"",""coordinates"":[]}"
00000000000000000059_1,2,15.139489183370378,Bandung City,302.9686543599595,297.8185608539506,302.9686543599595,13,L5,2000,"{""type"":""MultiPoint"",""coordinates"":[]}"
00000000000000000059_2,3,11.872115204116277,Bandung City,303.44835216885804,297.64635647351906,303.44835216885804,13,L5,2000,"{""type"":""MultiPoint"",""coordinates"":[]}"
00000000000000000059_3,4,0.786279272586297,Bandung City,299.0993868557983,295.4319478613782,299.0993868557983,13,L5,2000,"{""type"":""MultiPoint"",""coordinates"":[]}"
00000000000000000059_4,5,0.0387662587646835,Bandung City,298.8147067481656,295.2221941843013,298.8147067481656,13,L5,2000,"{""type"":""MultiPoint"",""coordinates"":[]}"
0000000000000000005a_0,1,58.32647039941739,Surabaya,311.4735344856027,308.2177290105279,311.4735344856027,4,L5,2000,"{""type"":""MultiPoint"",""coordinates"":[]}"
0000000000000000005a_1,2,13.35046211270336,Surabaya,308.3098633708222,304.82317664671433,308.3098633708222,4,L5,2000,"{""type"":""MultiPoint"",""coordinates"":[]}"
0000000000000000005a_2,3,6.966299719200449,Surabaya,306.3969294911117,301.72998615380084,306.3969294911117,4,L5,2000,"{""type"":""MultiPoint"",""coordinates"":[]}"
0000000000000000005a_3,4,19.16633518296765,Surabaya,305.12649063238297,304.1122620647596,305.12649063238297,4,L5,2000,"{""type"":""MultiPoint"",""coordinates"":[]}"
0000000000000000005a_4,5,2.1904325857111573,Surabaya,306.20867318515485,304.7076507048116,306.20867318515485,4,L5,2000,"{""type"":""MultiPoint"",""coordinates"":[]}"
0000000000000000005b_0,1,72.27010774782731,City of Medan,307.61372688168353,304.64086532256175,307.61372688168353,10,L5,2000,"{""type"":""MultiPoint"",""coordinates"":[]}"
0000000000000000005b_1,2,21.20292625646045,City of Medan,302.66386804011626,301.18710979876096,302.66386804011626,10,L5,2000,"{""type"":""MultiPoint"",""coordinates"":[]}"
0000000000000000005b_2,3,2.3200157882753323,City of Medan,299.5440505582859,298.4681815064046,299.5440505582859,10,L5,2000,"{""type"":""MultiPoint"",""coordinates"":[]}"
0000000000000000005b_3,4,3.968717907330938,City of Medan,302.3653107959176,301.36668122328666,302.3653107959176,10,L5,2000,"{""type"":""MultiPoint"",""coordinates"":[]}"
0000000000000000005b_4,5,0.2382323001059641,City of Medan,300.9111943350129,300.91119300041817,300.9111943350129,10,L5,2000,"{""type"":""MultiPoint"",""coordinates"":[]}"
0000000000000000005c_0,1,69.21866356566828,Denpasar,304.4883658293083,298.88356129018734,304.4883658293083,9,L5,2000,"{""type"":""MultiPoint"",""coordinates"":[]}"
0000000000000000005c_1,2,6.090873863516419,Denpasar,302.82194944930984,298.579455108129,302.82194944930984,9,L5,2000,"{""type"":""MultiPoint"",""coordinates"":[]}"
0000000000000000005c_2,3,5.691050849540556,Denpasar,300.63129228185704,297.18583897601445,300.63129228185704,9,L5,2000,"{""type"":""MultiPoint"",""coordinates"":[]}"
0000000000000000005c_3,4,3.967324032854054,Denpasar,302.1582672110387,297.6410747306477,302.1582672110387,9,L5,2000,"{""type"":""MultiPoint"",""coordinates"":[]}"
0000000000000000005c_4,5,15.032087688420692,Denpasar,299.14419041784254,295.7973319479142,299.14419041784254,9,L5,2000,"{""type"":""MultiPoint"",""coordinates"":[]}"
0000000000000000001b_0,1,94.215606507995,Kathmandu Metropolitan City,287.970854561336,287.970854561336,287.970854561336,1,L5,2000,"{""type"":""MultiPoint"",""coordinates"":[]}"
0000000000000000001b_1,2,3.526774640223587,Kathmandu Metropolitan City,286.8263104095556,286.8263104095556,286.8263104095556,1,L5,2000,"{""type"":""MultiPoint"",""coordinates"":[]}"
0000000000000000001b_2,3,2.1987189426444744,Kathmandu Metropolitan City,286.25842320210756,286.25842320210756,286.25842320210756,1,L5,2000,"{""type"":""MultiPoint"",""coordinates"":[]}"
0000000000000000002e_0,1,93.17427265582025,Lisbon,315.31572777257713,315.31572777257713,315.31572777257713,2,L5,2000,"{""type"":""MultiPoint"",""coordinates"":[]}"
0000000000000000002e_1,2,4.616154559943419,Lisbon,312.1572458386386,312.1572458386386,312.1572458386386,2,L5,2000,"{""type"":""MultiPoint"",""coordinates"":[]}"
0000000000000000002e_2,3,0.8439731543301074,Lisbon,315.97684070677906,315.97684070677906,315.97684070677906,2,L5,2000,"{""type"":""MultiPoint"",""coordinates"":[]}"
0000000000000000002e_3,4,0.6452380974248972,Lisbon,306.08051995472533,306.08051995472533,306.08051995472533,2,L5,2000,"{""type"":""MultiPoint"",""coordinates"":[]}"
0000000000000000002e_4,5,0.720361532481337,Lisbon,304.88648542208017,304.88648542208017,304.88648542208017,2,L5,2000,"{""type"":""MultiPoint"",""coordinates"":[]}"
0000000000000000003f_0,1,87.65693024983325,Brussels,305.03421269435887,300.51911705092334,305.03421269435887,10,L5,2000,"{""type"":""MultiPoint"",""coordinates"":[]}"
0000000000000000003f_1,2,8.464232818885803,Brussels,305.1042412093,301.3234795662671,305.1042412093,10,L5,2000,"{""type"":""MultiPoint"",""coordinates"":[]}"
0000000000000000003f_2,3,0.2400228787305813,Brussels,300.29415429258916,298.0854601554342,300.29415429258916,10,L5,2000,"{""type"":""MultiPoint"",""coordinates"":[]}"
0000000000000000003f_3,4,3.5662113324215308,Brussels,303.2764609054889,299.75278642523836,303.2764609054889,10,L5,2000,"{""type"":""MultiPoint"",""coordinates"":[]}"
0000000000000000003f_4,5,0.0726027201288291,Brussels,304.0953475648419,301.3658545735133,304.0953475648419,10,L5,2000,"{""type"":""MultiPoint"",""coordinates"":[]}"
00000000000000000050_0,1,50.63591574748602,Adelaide,303.1191545169667,301.91100698220816,303.1191545169667,4,L5,2000,"{""type"":""MultiPoint"",""coordinates"":[]}"
00000000000000000050_1,2,34.33043560533489,Adelaide,300.48022142995404,299.65069300261666,300.48022142995404,4,L5,2000,"{""type"":""MultiPoint"",""coordinates"":[]}"
00000000000000000050_2,3,10.438065257730509,Adelaide,305.16975059048167,303.9883511281703,305.16975059048167,4,L5,2000,"{""type"":""MultiPoint"",""coordinates"":[]}"
00000000000000000050_3,4,2.9167771463631023,Adelaide,294.7264931640212,294.0127508685184,294.7264931640212,4,L5,2000,"{""type"":""MultiPoint"",""coordinates"":[]}"
00000000000000000050_4,5,1.6788062430854698,Adelaide,294.2862291208844,293.6709725031123,294.2862291208844,4,L5,2000,"{""type"":""MultiPoint"",""coordinates"":[]}"
00000000000000000051_0,1,30.651033060579596,Melbourne,312.8821271873511,309.5423641342391,312.8821271873511,15,L5,2000,"{""type"":""MultiPoint"",""coordinates"":[]}"
00000000000000000051_1,2,65.76808110684267,Melbourne,308.6200319546175,305.54875119879586,308.6200319546175,15,L5,2000,"{""type"":""MultiPoint"",""coordinates"":[]}"
00000000000000000051_2,3,2.595164855817577,Melbourne,319.7326694884014,314.70532689225604,319.7326694884014,15,L5,2000,"{""type"":""MultiPoint"",""coordinates"":[]}"
00000000000000000051_3,4,0.9520831986259188,Melbourne,301.5977536958033,299.26171817738805,301.5977536958033,15,L5,2000,"{""type"":""MultiPoint"",""coordinates"":[]}"
00000000000000000051_4,5,0.0336377781342457,Melbourne,301.77631892807455,299.78228297782954,301.77631892807455,15,L5,2000,"{""type"":""MultiPoint"",""coordinates"":[]}"
0000000000000000001e_0,1,95.27760770484522,Beirut,314.61876876102633,313.74510866841916,314.61876876102633,9,L5,2005,"{""type"":""MultiPoint"",""coordinates"":[]}"
0000000000000000001e_1,2,2.027003972473024,Beirut,312.95618283230294,311.5672624722235,312.95618283230294,9,L5,2005,"{""type"":""MultiPoint"",""coordinates"":[]}"
0000000000000000001e_2,3,0.069606309443447,Beirut,313.5638339373891,312.8756581685996,313.5638339373891,9,L5,2005,"{""type"":""MultiPoint"",""coordinates"":[]}"
0000000000000000001e_3,4,1.952443331592721,Beirut,308.88519415643964,307.53766126486767,308.88519415643964,9,L5,2005,"{""type"":""MultiPoint"",""coordinates"":[]}"
0000000000000000001e_4,5,0.6733386816455805,Beirut,310.17201014182064,308.6604253428771,310.17201014182064,9,L5,2005,"{""type"":""MultiPoint"",""coordinates"":[]}"
00000000000000000043_0,1,99.2348486177827,Santiago,315.34542096959956,309.4260190743445,315.34542096959956,9,L5,2005,"{""type"":""MultiPoint"",""coordinates"":[]}"
00000000000000000043_1,2,0.6911118043072733,Santiago,309.822730845172,303.4752365782061,309.822730845172,9,L5,2005,"{""type"":""MultiPoint"",""coordinates"":[]}"
00000000000000000043_2,3,0.006438224166089,Santiago,310.952268697558,302.8504871132981,310.952268697558,9,L5,2005,"{""type"":""MultiPoint"",""coordinates"":[]}"
00000000000000000043_3,4,0.0676013537439346,Santiago,305.4311169237463,300.5912318056934,305.4311169237463,9,L5,2005,"{""type"":""MultiPoint"",""coordinates"":[]}"
0000000000000000000a_0,1,28.132325907858043,Istanbul,309.75983054473403,307.08752418760355,309.67896575579107,28,L5,2005,"{""type"":""MultiPoint"",""coordinates"":[]}"
0000000000000000000a_1,2,45.73478206563771,Istanbul,304.6327003606856,301.32510732908884,304.587863913131,28,L5,2005,"{""type"":""MultiPoint"",""coordinates"":[]}"
0000000000000000000a_2,3,15.90101926806853,Istanbul,311.4447081810868,307.0493942525194,311.2263204466109,28,L5,2005,"{""type"":""MultiPoint"",""coordinates"":[]}"
0000000000000000000a_3,4,2.7104942664716267,Istanbul,301.2703055339169,298.78683493014853,301.26204989073176,28,L5,2005,"{""type"":""MultiPoint"",""coordinates"":[]}"
0000000000000000000a_4,5,7.521378491964096,Istanbul,298.34598123737527,295.8274472500622,298.33182668532874,28,L5,2005,"{""type"":""MultiPoint"",""coordinates"":[]}"
0000000000000000000e_0,1,43.93499488212137,Tokyo,295.2546386174681,294.8763610800427,295.2546386174681,14,L5,2005,"{""type"":""MultiPoint"",""coordinates"":[]}"
0000000000000000000e_1,2,37.35198685859482,Tokyo,292.01913561356616,291.69233436301215,292.01913561356616,14,L5,2005,"{""type"":""MultiPoint"",""coordinates"":[]}"
0000000000000000000e_2,3,0.014111466311061,Tokyo,287.46727349301483,287.46727349301483,287.46727349301483,14,L5,2005,"{""type"":""MultiPoint"",""coordinates"":[]}"
0000000000000000000e_3,4,3.250554102844526,Tokyo,293.5293936707868,293.4054383780125,293.5293936707868,14,L5,2005,"{""type"":""MultiPoint"",""coordinates"":[]}"
0000000000000000000e_4,5,15.448352690128225,Tokyo,293.3127584264582,292.8966622756123,293.3127584264582,14,L5,2005,"{""type"":""MultiPoint"",""coordinates"":[]}"
00000000000000000016_0,1,50.40339126981136,Algiers,317.7910886306703,314.12260520963935,317.79107389525745,15,L5,2005,"{""type"":""MultiPoint"",""coordinates"":[]}"
00000000000000000016_1,2,8.939198908541877,Algiers,315.9216373011238,312.9625777179326,315.92163133617754,15,L5,2005,"{""type"":""MultiPoint"",""coordinates"":[]}"
00000000000000000016_2,3,39.94391996145998,Algiers,319.66252000998065,315.95775885401093,319.66245277888277,15,L5,2005,"{""type"":""MultiPoint"",""coordinates"":[]}"
00000000000000000016_3,4,0.4148635236015409,Algiers,306.59547580398987,304.477411417387,306.59547580398987,15,L5,2005,"{""type"":""MultiPoint"",""coordinates"":[]}"
00000000000000000016_4,5,0.2986263365852533,Algiers,309.1161946333884,306.74632687076934,309.1161946333884,15,L5,2005,"{""type"":""MultiPoint"",""coordinates"":[]}"
0000000000000000000b_0,1,48.31107359858359,Moscow,300.7410096117932,299.442935443851,300.7410096117932,12,L5,2005,"{""type"":""MultiPoint"",""coordinates"":[]}"
0000000000000000000b_1,2,42.99453544821193,Moscow,296.69535647435504,295.4807716372368,296.69535647435504,12,L5,2005,"{""type"":""MultiPoint"",""coordinates"":[]}"
0000000000000000000b_2,3,6.913265630225568,Moscow,299.2850830799933,297.5393729567522,299.2850830799933,12,L5,2005,"{""type"":""MultiPoint"",""coordinates"":[]}"
0000000000000000000b_3,4,1.7734590248983453,Moscow,297.8348714804842,296.7167851867005,297.8348714804842,12,L5,2005,"{""type"":""MultiPoint"",""coordinates"":[]}"
0000000000000000000b_4,5,0.0076662980805555,Moscow,298.6538945431388,297.32209549764946,298.6538945431388,12,L5,2005,"{""type"":""MultiPoint"",""coordinates"":[]}"
0000000000000000000c_0,1,21.37967567202685,Beijing,311.4392594683001,306.1177613361366,311.43394149821427,33,L5,2005,"{""type"":""MultiPoint"",""coordinates"":[]}"
0000000000000000000c_1,2,60.90176090692056,Beijing,306.7228774653991,302.02481830534424,306.7179949935312,33,L5,2005,"{""type"":""MultiPoint"",""coordinates"":[]}"
0000000000000000000c_2,3,16.311184375740698,Beijing,311.2397635726529,304.4396340351452,311.230299844426,33,L5,2005,"{""type"":""MultiPoint"",""coordinates"":[]}"
0000000000000000000c_3,4,1.3925906365032086,Beijing,303.940944662689,300.9165082356418,303.9402513376692,33,L5,2005,"{""type"":""MultiPoint"",""coordinates"":[]}"
0000000000000000000c_4,5,0.014788408808678,Beijing,305.72453586958517,303.1763675489161,305.72395077919305,33,L5,2005,"{""type"":""MultiPoint"",""coordinates"":[]}"
0000000000000000000d_0,1,44.46728296550637,Shanghai,314.00846026032946,309.93110553586,314.00846026032946,35,L5,2005,"{""type"":""MultiPoint"",""coordinates"":[]}"
0000000000000000000d_1,2,17.036682636717774,Shanghai,310.7823960510183,308.2822347223888,310.7823960510183,35,L5,2005,"{""type"":""MultiPoint"",""coordinates"":[]}"
0000000000000000000d_2,3,19.752149485926175,Shanghai,310.58070187760217,307.9026494804516,310.58070187760217,35,L5,2005,"{""type"":""MultiPoint"",""coordinates"":[]}"
0000000000000000000d_3,4,8.671509481191654,Shanghai,306.8988114844829,304.04002496068,306.8988114844829,35,L5,2005,"{""type"":""MultiPoint"",""coordinates"":[]}"
0000000000000000000d_4,5,10.072375430658033,Shanghai,305.70794808320005,301.7399800650101,305.70794808320005,35,L5,2005,"{""type"":""MultiPoint"",""coordinates"":[]}"
0000000000000000001d_0,1,5.6990051007285425,Amman,321.67508562276447,318.50716463150167,321.67508562276447,8,L5,2005,"{""type"":""MultiPoint"",""coordinates"":[]}"
0000000000000000001d_1,2,5.417649377434556,Amman,323.5768576259628,320.34560970012285,323.5768576259628,8,L5,2005,"{""type"":""MultiPoint"",""coordinates"":[]}"
0000000000000000001d_2,3,6.8350980278170965,Amman,328.5439269686515,322.0656252101173,328.5439269686515,8,L5,2005,"{""type"":""MultiPoint"",""coordinates"":[]}"
0000000000000000001d_3,4,0.0059701750595209,Amman,314.4672057798753,309.9829069248592,314.4672057798753,8,L5,2005,"{""type"":""MultiPoint"",""coordinates"":[]}"
0000000000000000001d_4,5,82.04227731896027,Amman,323.38694463565014,317.5263888247135,323.38694463565014,8,L5,2005,"{""type"":""MultiPoint"",""coordinates"":[]}"
00000000000000000049_0,1,52.29706307062301,Harare,303.9559671594746,303.5489029373222,303.9559671594746,4,L5,2005,"{""type"":""MultiPoint"",""coordinates"":[]}"
00000000000000000049_1,2,40.06089059054808,Harare,303.22557346334327,302.8099760414903,303.22557346334327,4,L5,2005,"{""type"":""MultiPoint"",""coordinates"":[]}"
00000000000000000049_2,3,7.213277765361327,Harare,304.3706264542681,303.78637671511234,304.3706264542681,4,L5,2005,"{""type"":""MultiPoint"",""coordinates"":[]}"
00000000000000000049_3,4,0.4172059033280413,Harare,300.5986305129445,300.3354344428378,300.5986305129445,4,L5,2005,"{""type"":""MultiPoint"",""coordinates"":[]}"
00000000000000000049_4,5,0.0115626701395463,Harare,304.62224795505773,304.1470780016069,304.62224795505773,4,L5,2005,"{""type"":""MultiPoint"",""coordinates"":[]}"
0000000000000000004f_0,1,12.3126380540558,Blantyre,310.08702788745904,309.15848759739254,310.08702788745904,4,L5,2005,"{""type"":""MultiPoint"",""coordinates"":[]}"
0000000000000000004f_1,2,68.22626896949218,Blantyre,309.20084464954994,308.15304089281096,309.20084464954994,4,L5,2005,"{""type"":""MultiPoint"",""coordinates"":[]}"
0000000000000000004f_2,3,19.30865313533309,Blantyre,309.9755358376263,309.1068902740986,309.9755358376263,4,L5,2005,"{""type"":""MultiPoint"",""coordinates"":[]}"
0000000000000000004f_3,4,0.1523294851481856,Blantyre,306.41818730263253,305.3225627592031,306.41818730263253,4,L5,2005,"{""type"":""MultiPoint"",""coordinates"":[]}"
0000000000000000004f_4,5,0.00011035597075638886,Blantyre,306.8231274408721,305.4729656890107,306.8231274408721,4,L5,2005,"{""type"":""MultiPoint"",""coordinates"":[]}"
00000000000000000056_0,1,26.09432070660953,National Capital District,313.4057430883169,298.1338342356533,313.301121836996,25,L5,2005,"{""type"":""MultiPoint"",""coordinates"":[]}"
00000000000000000056_1,2,57.72506546535123,National Capital District,313.2827098781135,297.3855894774424,312.70804726098754,25,L5,2005,"{""type"":""MultiPoint"",""coordinates"":[]}"
00000000000000000056_2,3,0.2892575297963276,National Capital District,310.78949726699364,296.7059158405458,310.78949726699364,25,L5,2005,"{""type"":""MultiPoint"",""coordinates"":[]}"
00000000000000000056_3,4,1.6643641298935907,National Capital District,305.8137807686083,293.51939569939196,305.64237141141234,25,L5,2005,"{""type"":""MultiPoint"",""coordinates"":[]}"
00000000000000000056_4,5,14.226992168349328,National Capital District,303.7324824197703,294.0826970053106,303.5982877998266,25,L5,2005,"{""type"":""MultiPoint"",""coordinates"":[]}"
00000000000000000057_0,1,21.19604872025914,Dili,312.90064364842044,308.26182709547857,312.90064364842044,15,L5,2005,"{""type"":""MultiPoint"",""coordinates"":[]}"
00000000000000000057_1,2,67.73081838908351,Dili,310.35117979804835,305.5012659537094,310.34831341882875,15,L5,2005,"{""type"":""MultiPoint"",""coordinates"":[]}"
00000000000000000057_2,3,9.988557366601423,Dili,313.75650653273146,307.92332569072926,313.75650653273146,15,L5,2005,"{""type"":""MultiPoint"",""coordinates"":[]}"
00000000000000000057_3,4,0.948545063928686,Dili,311.4817917979756,307.29880528580975,311.4817917979756,15,L5,2005,"{""type"":""MultiPoint"",""coordinates"":[]}"
00000000000000000057_4,5,0.1360304601272502,Dili,310.35090880313635,306.6747275649839,310.35090880313635,15,L5,2005,"{""type"":""MultiPoint"",""coordinates"":[]}"
0000000000000000005d_0,1,26.722304947007284,Phnom Penh,309.2416530306241,308.33676840228037,309.2416530306241,4,L5,2005,"{""type"":""MultiPoint"",""coordinates"":[]}"
0000000000000000005d_1,2,12.297047028803489,Phnom Penh,307.683178433984,306.92496692430046,307.683178433984,4,L5,2005,"{""type"":""MultiPoint"",""coordinates"":[]}"
0000000000000000005d_2,3,49.00568122187797,Phnom Penh,308.8038515249601,307.7971155575972,308.8038515249601,4,L5,2005,"{""type"":""MultiPoint"",""coordinates"":[]}"
0000000000000000005d_3,4,11.946446968569967,Phnom Penh,303.7592859324743,303.2182211608,303.7592859324743,4,L5,2005,"{""type"":""MultiPoint"",""coordinates"":[]}"
0000000000000000005d_4,5,0.0285198337412801,Phnom Penh,307.5216110528204,306.9306003835523,307.5216110528204,4,L5,2005,"{""type"":""MultiPoint"",""coordinates"":[]}"
00000000000000000006_0,1,71.33804472560526,Paris,307.32523952192895,306.15656632257065,307.32523952192895,13,L5,2005,"{""type"":""MultiPoint"",""coordinates"":[]}"
00000000000000000006_1,2,24.410095261640567,Paris,307.8060582918982,306.44928431993975,307.8060582918982,13,L5,2005,"{""type"":""MultiPoint"",""coordinates"":[]}"
00000000000000000006_2,3,0.0710752587223477,Paris,307.26090385527016,306.09507943729693,307.26090385527016,13,L5,2005,"{""type"":""MultiPoint"",""coordinates"":[]}"
00000000000000000006_3,4,3.939918599472755,Paris,304.81859245327666,303.74469505164166,304.81859245327666,13,L5,2005,"{""type"":""MultiPoint"",""coordinates"":[]}"
00000000000000000006_4,5,0.2408661545590674,Paris,308.78987921453506,307.38731319006405,308.78987921453506,13,L5,2005,"{""type"":""MultiPoint"",""coordinates"":[]}"
00000000000000000022_0,1,62.133423199998305,Prague,312.43544963333665,303.43101076644956,312.43544963333665,10,L5,2005,"{""type"":""MultiPoint"",""coordinates"":[]}"
00000000000000000022_1,2,16.014725107188397,Prague,307.93412651238987,299.4566818351811,307.93412651238987,10,L5,2005,"{""type"":""MultiPoint"",""coordinates"":[]}"
00000000000000000022_2,3,20.27346088596408,Prague,310.6526682408496,301.0136032463364,310.6526682408496,10,L5,2005,"{""type"":""MultiPoint"",""coordinates"":[]}"
00000000000000000022_3,4,1.5513908819127022,Prague,304.9540232015137,298.07661400049346,304.9540232015137,10,L5,2005,"{""type"":""MultiPoint"",""coordinates"":[]}"
00000000000000000022_4,5,0.0269999249365084,Prague,307.340409258486,300.4081173687023,307.340409258486,10,L5,2005,"{""type"":""MultiPoint"",""coordinates"":[]}"
00000000000000000060_0,1,99.65570008740848,Athens,316.9223136907767,311.93498561464736,316.91839821829365,14,L5,2000,"{""type"":""MultiPoint"",""coordinates"":[]}"
00000000000000000060_1,2,0.3334041203755728,Athens,315.55458412284935,310.27975060718023,315.55458412284935,14,L5,2000,"{""type"":""MultiPoint"",""coordinates"":[]}"
00000000000000000060_2,3,0.0108957922159605,Athens,322.55976676782024,317.60500094568675,322.55976676782024,14,L5,2000,"{""type"":""MultiPoint"",""coordinates"":[]}"
00000000000000000061_0,1,11.493850440739532,Brasília,306.0648125789763,304.57091578379783,306.0648125789763,5,L5,2000,"{""type"":""MultiPoint"",""coordinates"":[]}"
00000000000000000061_1,2,74.34361247974294,Brasília,304.4329070092968,302.84753371903025,304.4329070092968,5,L5,2000,"{""type"":""MultiPoint"",""coordinates"":[]}"
00000000000000000061_2,3,13.094666080457827,Brasília,305.3543947623933,302.83033490262864,305.3543947623933,5,L5,2000,"{""type"":""MultiPoint"",""coordinates"":[]}"
00000000000000000061_3,4,1.0675721062789938,Brasília,297.5182487809794,297.1151180665623,297.5182487809794,5,L5,2000,"{""type"":""MultiPoint"",""coordinates"":[]}"
00000000000000000061_4,5,0.00029889278070406345,Brasília,300.42233044739794,299.7016378084418,300.42233044739794,5,L5,2000,"{""type"":""MultiPoint"",""coordinates"":[]}"
00000000000000000062_0,1,31.805711207428786,Dhaka,292.0653788395326,292.0215670485391,292.0653788395326,3,L5,2000,"{""type"":""MultiPoint"",""coordinates"":[]}"
00000000000000000062_1,2,20.25098767923464,Dhaka,291.7407664348029,291.65704346339015,291.7407664348029,3,L5,2000,"{""type"":""MultiPoint"",""coordinates"":[]}"
00000000000000000062_2,3,40.34228788227125,Dhaka,291.17433710216665,291.1122333878798,291.17433710216665,3,L5,2000,"{""type"":""MultiPoint"",""coordinates"":[]}"
00000000000000000062_3,4,7.59660021136872,Dhaka,290.40569125085307,290.3991061397351,290.40569125085307,3,L5,2000,"{""type"":""MultiPoint"",""coordinates"":[]}"
00000000000000000062_4,5,0.0044130196966065,Dhaka,293.9519824674465,293.9519824674465,293.9519824674465,3,L5,2000,"{""type"":""MultiPoint"",""coordinates"":[]}"
00000000000000000063_0,1,10.8916551163963,Riyadh,324.9688431955708,320.62589534720007,324.8154639866892,15,L5,2000,"{""type"":""MultiPoint"",""coordinates"":[]}"
00000000000000000063_1,2,0.3156465146810345,Riyadh,323.276126044905,318.42863544838536,323.1552071012435,15,L5,2000,"{""type"":""MultiPoint"",""coordinates"":[]}"
00000000000000000063_2,3,0.4211073024120542,Riyadh,323.9884973289556,318.2178604704408,323.8049101520086,15,L5,2000,"{""type"":""MultiPoint"",""coordinates"":[]}"
00000000000000000063_3,4,0.0082007078211996,Riyadh,312.299864439899,308.8184598965488,312.1830966806872,15,L5,2000,"{""type"":""MultiPoint"",""coordinates"":[]}"
00000000000000000063_4,5,88.36339035868941,Riyadh,327.6549228209493,322.78244705545825,327.6259794874127,15,L5,2000,"{""type"":""MultiPoint"",""coordinates"":[]}"
00000000000000000021_0,1,50.48615709732527,Warsaw,294.0734189700345,293.8409579438596,294.0734189700345,4,L5,2000,"{""type"":""MultiPoint"",""coordinates"":[]}"
00000000000000000021_1,2,42.41761709930686,Warsaw,292.53010249465666,292.3132469989337,292.53010249465666,4,L5,2000,"{""type"":""MultiPoint"",""coordinates"":[]}"
00000000000000000021_2,3,4.540396300933063,Warsaw,294.0090380116483,293.85286372457966,294.0090380116483,4,L5,2000,"{""type"":""MultiPoint"",""coordinates"":[]}"
00000000000000000021_3,4,2.5480328112575656,Warsaw,292.57078874014013,292.3945988122235,292.57078874014013,4,L5,2000,"{""type"":""MultiPoint"",""coordinates"":[]}"
00000000000000000021_4,5,0.0077966911772466,Warsaw,296.3365864261099,295.5157988689399,296.3365864261099,4,L5,2000,"{""type"":""MultiPoint"",""coordinates"":[]}"
00000000000000000018_0,1,23.53644579768853,Hà Nội,304.2509132267037,300.10439078714575,304.2509132267037,13,L5,2000,"{""type"":""MultiPoint"",""coordinates"":[]}"
00000000000000000018_1,2,25.309777306886556,Hà Nội,302.2613144718411,298.19847968782426,302.2613144718411,13,L5,2000,"{""type"":""MultiPoint"",""coordinates"":[]}"
00000000000000000018_2,3,43.38118208121185,Hà Nội,302.96695917989086,298.91000759650206,302.96695917989086,13,L5,2000,"{""type"":""MultiPoint"",""coordinates"":[]}"
00000000000000000018_3,4,7.745789049172841,Hà Nội,302.0485106769693,298.1343767878571,302.0485106769693,13,L5,2000,"{""type"":""MultiPoint"",""coordinates"":[]}"
00000000000000000018_4,5,0.0268057650402319,Hà Nội,303.1699939483416,299.5956726256083,303.1699939483416,13,L5,2000,"{""type"":""MultiPoint"",""coordinates"":[]}"
0000000000000000001c_0,1,56.40450334119163,Tashkent,314.47426270134713,313.0734518825525,314.47426270134713,10,L5,2000,"{""type"":""MultiPoint"",""coordinates"":[]}"
0000000000000000001c_1,2,9.54243264353144,Tashkent,315.1789559401086,313.49103243095504,315.1789559401086,10,L5,2000,"{""type"":""MultiPoint"",""coordinates"":[]}"
0000000000000000001c_2,3,33.61541202362112,Tashkent,315.53021735471293,311.11475348796597,315.53021735471293,10,L5,2000,"{""type"":""MultiPoint"",""coordinates"":[]}"
0000000000000000001c_3,4,0.4058918961495156,Tashkent,306.8290147326876,304.921217205285,306.8290147326876,10,L5,2000,"{""type"":""MultiPoint"",""coordinates"":[]}"
0000000000000000001c_4,5,0.0317600955063082,Tashkent,316.8600766439193,315.815280377366,316.8600766439193,10,L5,2000,"{""type"":""MultiPoint"",""coordinates"":[]}"
00000000000000000040_0,1,62.06317935483053,Vienna,307.294795374703,303.91498795729495,307.294795374703,12,L5,2000,"{""type"":""MultiPoint"",""coordinates"":[]}"
00000000000000000040_1,2,24.781427777056397,Vienna,302.1462293744004,298.551052206909,302.1462293744004,12,L5,2000,"{""type"":""MultiPoint"",""coordinates"":[]}"
00000000000000000040_2,3,9.354374479461086,Vienna,310.07681232385625,303.48233576475906,310.07681232385625,12,L5,2000,"{""type"":""MultiPoint"",""coordinates"":[]}"
00000000000000000040_3,4,3.7930599131794738,Vienna,298.7225223919759,296.14872178894626,298.7225223919759,12,L5,2000,"{""type"":""MultiPoint"",""coordinates"":[]}"
00000000000000000040_4,5,0.0079584754725091,Vienna,298.3726950391428,295.5342206907425,298.3726950391428,12,L5,2000,"{""type"":""MultiPoint"",""coordinates"":[]}"
00000000000000000008_0,1,70.48287281010737,Berlin,308.7217816678498,303.4387012799999,308.7217816678498,12,L5,2000,"{""type"":""MultiPoint"",""coordinates"":[]}"
00000000000000000008_1,2,21.44095269366739,Berlin,304.12777594436204,299.2946000657562,304.12777594436204,12,L5,2000,"{""type"":""MultiPoint"",""coordinates"":[]}"
00000000000000000008_2,3,2.295684275118586,Berlin,308.20685785197355,301.4284348727491,308.20685785197355,12,L5,2000,"{""type"":""MultiPoint"",""coordinates"":[]}"
00000000000000000008_3,4,5.77414769908661,Berlin,298.1491225039034,296.0725196974964,298.1491225039034,12,L5,2000,"{""type"":""MultiPoint"",""coordinates"":[]}"
00000000000000000008_4,5,0.0063425220200405,Berlin,303.9012661796168,300.599801354688,303.9012661796168,12,L5,2000,"{""type"":""MultiPoint"",""coordinates"":[]}"
0000000000000000000f_0,1,70.15335126625544,Seoul,308.85293644718126,306.7900513835451,308.85293644718126,6,L5,2000,"{""type"":""MultiPoint"",""coordinates"":[]}"
0000000000000000000f_1,2,23.184042893083095,Seoul,304.95599264650724,303.3701836148713,304.95599264650724,6,L5,2000,"{""type"":""MultiPoint"",""coordinates"":[]}"
0000000000000000000f_2,3,0.9062649822322926,Seoul,303.2081825018649,301.7739757108449,303.2081825018649,6,L5,2000,"{""type"":""MultiPoint"",""coordinates"":[]}"
0000000000000000000f_3,4,5.747120279065207,Seoul,302.15654015746355,300.49666001773704,302.15654015746355,6,L5,2000,"{""type"":""MultiPoint"",""coordinates"":[]}"
0000000000000000000f_4,5,0.0092205793639592,Seoul,305.2881158091901,304.2236294865761,305.2881158091901,6,L5,2000,"{""type"":""MultiPoint"",""coordinates"":[]}"
00000000000000000019_0,1,68.27708297762781,Bangkok,290.18054360936657,290.18054360936657,290.18054360936657,8,L5,2000,"{""type"":""MultiPoint"",""coordinates"":[]}"
00000000000000000019_1,2,12.634625201576991,Bangkok,297.7639903829156,297.7639903829156,297.7639903829156,8,L5,2000,"{""type"":""MultiPoint"",""coordinates"":[]}"
00000000000000000019_2,3,12.116074536983175,Bangkok,299.0914068622662,299.0914068622662,299.0914068622662,8,L5,2000,"{""type"":""MultiPoint"",""coordinates"":[]}"
00000000000000000019_3,4,6.634267035135586,Bangkok,288.1745981289425,288.1745981289425,288.1745981289425,8,L5,2000,"{""type"":""MultiPoint"",""coordinates"":[]}"
0000000000000000001f_0,1,50.56851422667157,Doha,324.2005211745478,320.811828350938,323.6484594423747,21,L5,2000,"{""type"":""MultiPoint"",""coordinates"":[]}"
0000000000000000001f_1,2,0.1525606891458561,Doha,320.4808520638527,317.717613181593,320.1245609018306,21,L5,2000,"{""type"":""MultiPoint"",""coordinates"":[]}"
0000000000000000001f_2,3,0.0053904635904383,Doha,322.38462720334485,319.4303021435364,322.1963600158688,21,L5,2000,"{""type"":""MultiPoint"",""coordinates"":[]}"
0000000000000000001f_3,4,7.55803694717361,Doha,311.86763001864324,308.66039594250327,311.79601285499643,21,L5,2000,"{""type"":""MultiPoint"",""coordinates"":[]}"
0000000000000000001f_4,5,41.715497673418525,Doha,323.5439486539218,320.572180711715,323.1291268305482,21,L5,2000,"{""type"":""MultiPoint"",""coordinates"":[]}"
00000000000000000020_0,1,40.21843012990842,Kyiv,302.17937115141257,300.84059036246344,302.17937115141257,7,L5,2000,"{""type"":""MultiPoint"",""coordinates"":[]}"
00000000000000000020_1,2,52.29380981143847,Kyiv,298.1206587049383,296.94992234616217,298.1206587049383,7,L5,2000,"{""type"":""MultiPoint"",""coordinates"":[]}"
00000000000000000020_2,3,0.9348901176133132,Kyiv,301.0641811928922,299.21002397793103,301.0641811928922,7,L5,2000,"{""type"":""MultiPoint"",""coordinates"":[]}"
00000000000000000020_3,4,6.54714393774065,Kyiv,296.2049203754125,295.55073040812965,296.2049203754125,7,L5,2000,"{""type"":""MultiPoint"",""coordinates"":[]}"
00000000000000000020_4,5,0.0057260032991527,Kyiv,299.39156073851785,298.37149896505844,299.39156073851785,7,L5,2000,"{""type"":""MultiPoint"",""coordinates"":[]}"
00000000000000000024_0,1,75.54555334720737,Bucharest,313.5382330907024,309.2734610204616,313.5382330907024,7,L5,2000,"{""type"":""MultiPoint"",""coordinates"":[]}"
00000000000000000024_1,2,11.882714156200551,Bucharest,309.83544957014317,306.4392830719416,309.83544957014317,7,L5,2000,"{""type"":""MultiPoint"",""coordinates"":[]}"
00000000000000000024_2,3,9.242656012633748,Bucharest,313.90990750105175,310.2583456684952,313.90990750105175,7,L5,2000,"{""type"":""MultiPoint"",""coordinates"":[]}"
00000000000000000024_3,4,3.3250451769864964,Bucharest,304.0221012098675,301.3074135279821,304.0221012098675,7,L5,2000,"{""type"":""MultiPoint"",""coordinates"":[]}"
00000000000000000024_4,5,0.0040313069718529,Bucharest,304.4869044720702,301.9568912470606,304.4869044720702,7,L5,2000,"{""type"":""MultiPoint"",""coordinates"":[]}"
00000000000000000027_0,1,39.773724119199,Tbilisi,312.710191282352,308.8547539295928,312.6071269248503,12,L5,2000,"{""type"":""MultiPoint"",""coordinates"":[]}"
00000000000000000027_1,2,52.50528800722184,Tbilisi,313.85958450471327,309.5844154585219,313.6902709195582,12,L5,2000,"{""type"":""MultiPoint"",""coordinates"":[]}"
00000000000000000027_2,3,4.888207353359785,Tbilisi,318.99733660195284,314.24820162530636,318.8876456465747,12,L5,2000,"{""type"":""MultiPoint"",""coordinates"":[]}"
00000000000000000027_3,4,2.8213421981633218,Tbilisi,301.3608625206256,297.93772879967844,301.3380450826669,12,L5,2000,"{""type"":""MultiPoint"",""coordinates"":[]}"
00000000000000000027_4,5,0.0114383220560501,Tbilisi,310.34559891714053,306.02247016264204,309.93809108722485,12,L5,2000,"{""type"":""MultiPoint"",""coordinates"":[]}"
0000000000000000002a_0,1,2.004569474344103,Ulaanbaatar,317.91676036154814,310.1282329865845,317.83624988868394,24,L5,2000,"{""type"":""MultiPoint"",""coordinates"":[]}"
0000000000000000002a_1,2,97.57815607484424,Ulaanbaatar,315.9240016614215,307.3484974669602,315.8155364355698,24,L5,2000,"{""type"":""MultiPoint"",""coordinates"":[]}"
0000000000000000002a_2,3,0.0896378183452668,Ulaanbaatar,323.9465812455451,310.11710857896566,323.48288371599705,24,L5,2000,"{""type"":""MultiPoint"",""coordinates"":[]}"
0000000000000000002a_3,4,0.1345904596526722,Ulaanbaatar,306.28221738902965,300.574689611994,306.28111294642895,24,L5,2000,"{""type"":""MultiPoint"",""coordinates"":[]}"
0000000000000000002a_4,5,0.1930461728137049,Ulaanbaatar,319.7975845104886,310.43972336130713,319.7970461409733,24,L5,2000,"{""type"":""MultiPoint"",""coordinates"":[]}"
00000000000000000048_1,2,52.60142802855397,Dar es-Salaam,300.52213827812625,300.52213827812625,300.52213827812625,1,L5,2000,"{""type"":""MultiPoint"",""coordinates"":[]}"
0000000000000000004b_0,1,34.158131960408674,Maputo,305.7797956516127,305.7201355669512,305.7797956516127,3,L5,2000,"{""type"":""MultiPoint"",""coordinates"":[]}"
0000000000000000004b_1,2,56.652501535518255,Maputo,303.70928887548257,303.5257009232994,303.70928887548257,3,L5,2000,"{""type"":""MultiPoint"",""coordinates"":[]}"
0000000000000000004b_2,3,0.7421164581883155,Maputo,304.24747295607995,304.0404347783856,304.24747295607995,3,L5,2000,"{""type"":""MultiPoint"",""coordinates"":[]}"
0000000000000000004b_3,4,5.342738807475186,Maputo,303.30895311852885,303.0681574511703,303.30895311852885,3,L5,2000,"{""type"":""MultiPoint"",""coordinates"":[]}"
0000000000000000004b_4,5,3.1045112384095774,Maputo,301.36265626289855,301.28362384818627,301.36265626289855,3,L5,2000,"{""type"":""MultiPoint"",""coordinates"":[]}"
00000000000000000036_0,1,73.13936583422192,Montreal,314.9572912594366,308.82551767645646,314.9297848032253,15,L5,2005,"{""type"":""MultiPoint"",""coordinates"":[]}"
00000000000000000036_1,2,6.128962854364213,Montreal,305.8680279749838,301.7802095879682,305.83852868458206,15,L5,2005,"{""type"":""MultiPoint"",""coordinates"":[]}"
00000000000000000036_2,3,1.9854581445767845,Montreal,307.5195024761589,303.0048599590076,307.45997226986333,15,L5,2005,"{""type"":""MultiPoint"",""coordinates"":[]}"
00000000000000000036_3,4,9.728619860243477,Montreal,299.24378442435165,296.5090700129399,299.1314129012819,15,L5,2005,"{""type"":""MultiPoint"",""coordinates"":[]}"
00000000000000000036_4,5,9.0175933065936,Montreal,300.27056138823497,297.495373808858,300.1900415651929,15,L5,2005,"{""type"":""MultiPoint"",""coordinates"":[]}"
00000000000000000039_0,1,89.74419898269359,Birmingham,303.7644001080416,301.04410510719566,303.7644001080416,10,L5,2005,"{""type"":""MultiPoint"",""coordinates"":[]}"
00000000000000000039_1,2,6.879838761508483,Birmingham,302.83360812803045,300.0143375290336,302.83360812803045,10,L5,2005,"{""type"":""MultiPoint"",""coordinates"":[]}"
00000000000000000039_2,3,2.7039439552047164,Birmingham,298.38572015350735,296.8651839678249,298.38572015350735,10,L5,2005,"{""type"":""MultiPoint"",""coordinates"":[]}"
00000000000000000039_3,4,0.6584940084332117,Birmingham,297.03386400630296,295.2502765354048,297.03386400630296,10,L5,2005,"{""type"":""MultiPoint"",""coordinates"":[]}"
00000000000000000039_4,5,0.0135242921600039,Birmingham,295.100738223908,292.6160236050632,295.100738223908,10,L5,2005,"{""type"":""MultiPoint"",""coordinates"":[]}"
0000000000000000003a_0,1,88.97046939841202,Manchester,308.1542154836085,305.17802475309696,308.1542154836085,9,L5,2005,"{""type"":""MultiPoint"",""coordinates"":[]}"
0000000000000000003a_1,2,10.105044890021505,Manchester,307.77973045358215,304.73745395206953,307.77973045358215,9,L5,2005,"{""type"":""MultiPoint"",""coordinates"":[]}"
0000000000000000003a_2,3,0.002783696772238,Manchester,302.70491778691616,298.1693392909508,302.70491778691616,9,L5,2005,"{""type"":""MultiPoint"",""coordinates"":[]}"
0000000000000000003a_3,4,0.917077075451082,Manchester,305.3241613076258,302.2761316435856,305.3241613076258,9,L5,2005,"{""type"":""MultiPoint"",""coordinates"":[]}"
0000000000000000003a_4,5,0.0046249393431563,Manchester,307.8861704337042,304.21533425309474,307.8861704337042,9,L5,2005,"{""type"":""MultiPoint"",""coordinates"":[]}"
0000000000000000003b_0,1,86.64398290167566,Milan,308.7659095712739,303.97404396900976,308.7659095712739,11,L5,2005,"{""type"":""MultiPoint"",""coordinates"":[]}"
0000000000000000003b_1,2,1.7371442178175545,Milan,306.45370068960455,300.9990193194081,306.45370068960455,11,L5,2005,"{""type"":""MultiPoint"",""coordinates"":[]}"
0000000000000000003b_2,3,11.027425771089804,Milan,305.41653273345514,299.97717297293997,305.41653273345514,11,L5,2005,"{""type"":""MultiPoint"",""coordinates"":[]}"
0000000000000000003b_3,4,0.591447109416981,Milan,302.79812537575685,298.521895955606,302.79812537575685,11,L5,2005,"{""type"":""MultiPoint"",""coordinates"":[]}"
0000000000000000003c_0,1,95.92879876926224,Naples,315.4632380257436,313.23213783019617,315.4632380257436,8,L5,2005,"{""type"":""MultiPoint"",""coordinates"":[]}"
0000000000000000003c_1,2,3.287335830624974,Naples,310.3243787813109,307.98336500993594,310.3243787813109,8,L5,2005,"{""type"":""MultiPoint"",""coordinates"":[]}"
0000000000000000003c_2,3,0.2584780195059413,Naples,319.5531922097856,316.5850692614763,319.5531922097856,8,L5,2005,"{""type"":""MultiPoint"",""coordinates"":[]}"
0000000000000000003c_3,4,0.4123382091709137,Naples,307.89198389450894,306.08937568438586,307.89198389450894,8,L5,2005,"{""type"":""MultiPoint"",""coordinates"":[]}"
0000000000000000003c_4,5,0.1130491714359086,Naples,305.8461366218324,303.93498581477115,305.8461366218324,8,L5,2005,"{""type"":""MultiPoint"",""coordinates"":[]}"
0000000000000000003d_0,1,85.98540927055174,Zurich,305.8803028452155,300.2594336626894,305.8803028452155,8,L5,2005,"{""type"":""MultiPoint"",""coordinates"":[]}"
0000000000000000003d_1,2,8.295597603917043,Zurich,300.4775517638085,295.617140057075,300.4775517638085,8,L5,2005,"{""type"":""MultiPoint"",""coordinates"":[]}"
0000000000000000003d_2,3,0.7169205240271492,Zurich,303.93720699144774,298.3544243756009,303.93720699144774,8,L5,2005,"{""type"":""MultiPoint"",""coordinates"":[]}"
0000000000000000003d_3,4,5.00140901511002,Zurich,297.8536861781812,294.1174698365337,297.8536861781812,8,L5,2005,"{""type"":""MultiPoint"",""coordinates"":[]}"
0000000000000000003d_4,5,0.0006635863940431697,Zurich,301.057455085451,297.6334656583178,301.057455085451,8,L5,2005,"{""type"":""MultiPoint"",""coordinates"":[]}"
0000000000000000003e_0,1,81.2362861925412,Geneva,311.50340374370154,306.76321583092096,311.50340374370154,8,L5,2005,"{""type"":""MultiPoint"",""coordinates"":[]}"
0000000000000000003e_1,2,2.9669064648072716,Geneva,307.9492774593737,304.2985188087619,307.9492774593737,8,L5,2005,"{""type"":""MultiPoint"",""coordinates"":[]}"
0000000000000000003e_2,3,0.0443632805327769,Geneva,307.4682339357148,304.69947330488736,307.4682339357148,8,L5,2005,"{""type"":""MultiPoint"",""coordinates"":[]}"
0000000000000000003e_3,4,15.684192861299104,Geneva,300.3154652391085,298.1366833435729,300.3154652391085,8,L5,2005,"{""type"":""MultiPoint"",""coordinates"":[]}"
0000000000000000003e_4,5,0.0682512008196567,Geneva,304.75829878091656,301.38715012111635,304.75829878091656,8,L5,2005,"{""type"":""MultiPoint"",""coordinates"":[]}"
00000000000000000044_0,1,4.447684228195584,La Paz,307.67995058948117,302.06434483075225,307.6774207882528,18,L5,2005,"{""type"":""MultiPoint"",""coordinates"":[]}"
00000000000000000044_1,2,92.8823085739021,La Paz,297.95710598266317,294.7118472645854,297.9562438405354,18,L5,2005,"{""type"":""MultiPoint"",""coordinates"":[]}"
00000000000000000044_2,3,0.0053095670982852,La Paz,305.09487287079406,300.69859607628257,305.0583919429322,18,L5,2005,"{""type"":""MultiPoint"",""coordinates"":[]}"
00000000000000000044_3,4,1.001379308971576,La Paz,288.1993361441231,285.5234170697236,288.1993361441231,18,L5,2005,"{""type"":""MultiPoint"",""coordinates"":[]}"
00000000000000000044_4,5,1.663318321832466,La Paz,301.1742499377841,297.66790351979995,301.17189914448585,18,L5,2005,"{""type"":""MultiPoint"",""coordinates"":[]}"
00000000000000000045_0,1,79.30913158281628,Asuncion,314.3394387096384,310.0977242850496,314.3069125860177,15,L5,2005,"{""type"":""MultiPoint"",""coordinates"":[]}"
00000000000000000045_1,2,11.886210357715116,Asuncion,312.709334744735,308.036912389269,312.6921357374734,15,L5,2005,"{""type"":""MultiPoint"",""coordinates"":[]}"
00000000000000000045_2,4,8.802707495281293,Asuncion,306.70215120677005,303.69130227189515,306.68407492112226,15,L5,2005,"{""type"":""MultiPoint"",""coordinates"":[]}"
00000000000000000045_3,5,0.0019505641873049,Asuncion,307.26095408878535,303.2882543854296,307.25027404100433,15,L5,2005,"{""type"":""MultiPoint"",""coordinates"":[]}"
00000000000000000046_0,1,49.50122138913739,Montevideo,305.9384030342267,301.6378150218,305.8488314045003,17,L5,2005,"{""type"":""MultiPoint"",""coordinates"":[]}"
00000000000000000046_1,2,46.89637556127989,Montevideo,307.3386076808798,301.7323720075954,307.0718326682304,17,L5,2005,"{""type"":""MultiPoint"",""coordinates"":[]}"
00000000000000000046_2,3,2.5879405934558344,Montevideo,310.0613890968678,303.1883539431917,309.68376385823115,17,L5,2005,"{""type"":""MultiPoint"",""coordinates"":[]}"
00000000000000000046_3,4,0.8227759634397394,Montevideo,302.4361347094261,298.37539085982763,302.25080377729455,17,L5,2005,"{""type"":""MultiPoint"",""coordinates"":[]}"
00000000000000000046_4,5,0.1916864926871618,Montevideo,301.3070110497521,297.7700181286416,301.25473008520066,17,L5,2005,"{""type"":""MultiPoint"",""coordinates"":[]}"
0000000000000000004a_0,1,25.737917076021255,Fianarantsoa,301.92202770690193,301.92202770690193,301.92202770690193,2,L5,2005,"{""type"":""MultiPoint"",""coordinates"":[]}"
0000000000000000004a_1,2,68.52837294849482,Fianarantsoa,300.5908816254323,300.5908816254323,300.5908816254323,2,L5,2005,"{""type"":""MultiPoint"",""coordinates"":[]}"
0000000000000000004a_2,3,5.616116145020616,Fianarantsoa,300.33190492856085,300.33190492856085,300.33190492856085,2,L5,2005,"{""type"":""MultiPoint"",""coordinates"":[]}"
0000000000000000004a_3,4,0.1166294196065786,Fianarantsoa,299.49923276856975,299.49923276856975,299.49923276856975,2,L5,2005,"{""type"":""MultiPoint"",""coordinates"":[]}"
00000000000000000007_0,1,84.09867664302531,London,304.0832612172619,301.84893663078,304.0832612172619,5,L5,2005,"{""type"":""MultiPoint"",""coordinates"":[]}"
00000000000000000007_1,2,11.031989173968112,London,301.6715542581055,299.842464069917,301.6715542581055,5,L5,2005,"{""type"":""MultiPoint"",""coordinates"":[]}"
00000000000000000007_2,3,2.563812133746022,London,301.6591589996535,299.77806478559376,301.6591589996535,5,L5,2005,"{""type"":""MultiPoint"",""coordinates"":[]}"
00000000000000000007_3,4,2.2974684054815233,London,296.32902060281793,295.1982757900967,296.32902060281793,5,L5,2005,"{""type"":""MultiPoint"",""coordinates"":[]}"
00000000000000000007_4,5,0.0080536437790249,London,299.7759010742146,298.2257691702356,299.7759010742146,5,L5,2005,"{""type"":""MultiPoint"",""coordinates"":[]}"
00000000000000000015_0,1,11.646160535609187,Cairo,320.8511898965319,317.93857530460525,320.82450363688605,14,L5,2005,"{""type"":""MultiPoint"",""coordinates"":[]}"
00000000000000000015_1,2,1.6072420811477777,Cairo,319.6475619385924,316.57832840920713,319.5317312311962,14,L5,2005,"{""type"":""MultiPoint"",""coordinates"":[]}"
00000000000000000015_2,3,0.1678567591182576,Cairo,314.2269807720865,311.72684758441926,314.2165183778618,14,L5,2005,"{""type"":""MultiPoint"",""coordinates"":[]}"
00000000000000000015_3,4,0.2889422096618924,Cairo,307.4460978782181,304.52879465477173,307.3249235688494,14,L5,2005,"{""type"":""MultiPoint"",""coordinates"":[]}"
00000000000000000015_4,5,86.28979841446288,Cairo,324.143097238005,321.05554520264246,324.1417962581148,14,L5,2005,"{""type"":""MultiPoint"",""coordinates"":[]}"
00000000000000000026_0,1,50.56612793998602,Belgrade,308.873574429877,304.170090177565,308.873574429877,10,L5,2005,"{""type"":""MultiPoint"",""coordinates"":[]}"
00000000000000000026_1,2,21.57744508930787,Belgrade,304.156070333949,300.0291674670131,304.156070333949,10,L5,2005,"{""type"":""MultiPoint"",""coordinates"":[]}"
00000000000000000026_2,3,20.766064624623542,Belgrade,307.3261370576137,302.73154946760684,307.3261370576137,10,L5,2005,"{""type"":""MultiPoint"",""coordinates"":[]}"
00000000000000000026_3,4,7.090198129790232,Belgrade,298.2750426548572,295.3166638544355,298.2750426548572,10,L5,2005,"{""type"":""MultiPoint"",""coordinates"":[]}"
00000000000000000026_4,5,0.00016421629233112037,Belgrade,305.5763716396426,302.6508706063132,305.5763716396426,10,L5,2005,"{""type"":""MultiPoint"",""coordinates"":[]}"
0000000000000000002f_0,1,82.00732452615713,Washington,314.8516884393013,307.6812686907074,314.8516884393013,5,L5,2005,"{""type"":""MultiPoint"",""coordinates"":[]}"
0000000000000000002f_1,2,7.196789796795638,Washington,308.2452497572594,301.44015369414734,308.2452497572594,5,L5,2005,"{""type"":""MultiPoint"",""coordinates"":[]}"
0000000000000000002f_2,3,0.7362782608910708,Washington,311.989160556621,304.9708325184693,311.989160556621,5,L5,2005,"{""type"":""MultiPoint"",""coordinates"":[]}"
0000000000000000002f_3,4,5.5838606927246435,Washington,307.78380726235457,301.9604844921514,307.78380726235457,5,L5,2005,"{""type"":""MultiPoint"",""coordinates"":[]}"
0000000000000000002f_4,5,4.475746723431512,Washington,306.7306237208444,302.6945500086686,306.7306237208444,5,L5,2005,"{""type"":""MultiPoint"",""coordinates"":[]}"
0000000000000000004c_0,1,86.23084954865224,Luanda,300.3649933299815,300.3649933299815,300.3649933299815,2,L5,2005,"{""type"":""MultiPoint"",""coordinates"":[]}"
0000000000000000004c_1,2,7.852116280176297,Luanda,297.8770931552651,297.8770931552651,297.8770931552651,2,L5,2005,"{""type"":""MultiPoint"",""coordinates"":[]}"
0000000000000000004c_2,4,2.4065329651135525,Luanda,283.6541402041021,283.6541402041021,283.6541402041021,2,L5,2005,"{""type"":""MultiPoint"",""coordinates"":[]}"
0000000000000000004c_3,5,3.5105012060579095,Luanda,294.26944088745734,294.26944088745734,294.26944088745734,2,L5,2005,"{""type"":""MultiPoint"",""coordinates"":[]}"
00000000000000000038_0,1,57.559935028923505,Monterrey,313.1254555766139,311.3905597548477,313.1254555766139,5,L5,2005,"{""type"":""MultiPoint"",""coordinates"":[]}"
00000000000000000038_1,2,42.37053688432497,Monterrey,304.7682693929734,303.3077259297622,304.7682693929734,5,L5,2005,"{""type"":""MultiPoint"",""coordinates"":[]}"
00000000000000000038_2,3,0.0004993286428489319,Monterrey,307.75278217078755,306.3573548345759,307.75278217078755,5,L5,2005,"{""type"":""MultiPoint"",""coordinates"":[]}"
00000000000000000038_3,4,0.0595415138945391,Monterrey,307.02768819689015,306.0682168002362,307.02768819689015,5,L5,2005,"{""type"":""MultiPoint"",""coordinates"":[]}"
00000000000000000038_4,5,0.0094872442141297,Monterrey,315.4332621948308,313.2653156196462,315.4332621948308,5,L5,2005,"{""type"":""MultiPoint"",""coordinates"":[]}"
00000000000000000041_0,1,37.65546701270457,Oslo,300.75571591505843,298.90860498023534,300.75571591505843,10,L5,2005,"{""type"":""MultiPoint"",""coordinates"":[]}"
00000000000000000041_1,2,50.40929711387321,Oslo,294.5684103610264,293.27567975775287,294.5684103610264,10,L5,2005,"{""type"":""MultiPoint"",""coordinates"":[]}"
00000000000000000041_2,3,0.4718331782040785,Oslo,297.2265892674174,296.16013398044777,297.2265892674174,10,L5,2005,"{""type"":""MultiPoint"",""coordinates"":[]}"
00000000000000000041_3,4,6.5057031954770475,Oslo,293.07731839528503,291.671339081383,293.07731839528503,10,L5,2005,"{""type"":""MultiPoint"",""coordinates"":[]}"
00000000000000000041_4,5,4.957699499741102,Oslo,290.13535719528045,289.9770711028736,290.13535719528045,10,L5,2005,"{""type"":""MultiPoint"",""coordinates"":[]}"
0000000000000000001e_0,1,93.67173555280102,Beirut,314.9197665586184,312.7225987424894,314.9197665586184,14,L5,2000,"{""type"":""MultiPoint"",""coordinates"":[]}"
0000000000000000001e_1,2,2.6650208641500477,Beirut,313.14131842806194,311.12813524872513,313.14131842806194,14,L5,2000,"{""type"":""MultiPoint"",""coordinates"":[]}"
0000000000000000001e_2,3,0.1157102532277537,Beirut,317.24716154069205,315.07583720724205,317.24716154069205,14,L5,2000,"{""type"":""MultiPoint"",""coordinates"":[]}"
0000000000000000001e_3,4,2.2967488940103364,Beirut,306.4462359936055,305.22949097399345,306.4462359936055,14,L5,2000,"{""type"":""MultiPoint"",""coordinates"":[]}"
0000000000000000001e_4,5,1.2507844358108358,Beirut,311.5071685934217,310.03893260884547,311.5071685934217,14,L5,2000,"{""type"":""MultiPoint"",""coordinates"":[]}"
00000000000000000043_0,1,98.28479396230912,Santiago,311.32543314596967,307.26427256355345,311.32543314596967,4,L5,2000,"{""type"":""MultiPoint"",""coordinates"":[]}"
00000000000000000043_1,2,1.4601639929310832,Santiago,305.406382085807,302.8111643167766,305.406382085807,4,L5,2000,"{""type"":""MultiPoint"",""coordinates"":[]}"
00000000000000000043_2,3,0.006438224166089,Santiago,305.53105524227794,303.36352875057617,305.53105524227794,4,L5,2000,"{""type"":""MultiPoint"",""coordinates"":[]}"
00000000000000000043_3,4,0.1857617031450978,Santiago,303.06758019733786,300.84822440504587,303.06758019733786,4,L5,2000,"{""type"":""MultiPoint"",""coordinates"":[]}"
00000000000000000043_4,5,0.06284211744861,Santiago,309.3986266312572,305.8544302544264,309.3986266312572,4,L5,2000,"{""type"":""MultiPoint"",""coordinates"":[]}"
0000000000000000000a_0,1,25.90723021301639,Istanbul,315.04897982402304,308.59927838315485,314.97113183710724,30,L5,2000,"{""type"":""MultiPoint"",""coordinates"":[]}"
0000000000000000000a_1,2,47.28552611373141,Istanbul,310.06908885984564,302.8190973505382,309.7245187111104,30,L5,2000,"{""type"":""MultiPoint"",""coordinates"":[]}"
0000000000000000000a_2,3,16.65990488895412,Istanbul,317.7980522984968,309.814947038268,317.777893598442,30,L5,2000,"{""type"":""MultiPoint"",""coordinates"":[]}"
0000000000000000000a_3,4,2.6186691853892516,Istanbul,303.1298240621591,299.4215228992797,303.0721761855043,30,L5,2000,"{""type"":""MultiPoint"",""coordinates"":[]}"
0000000000000000000a_4,5,7.528669598908823,Istanbul,299.08126798555844,296.1177519042021,299.03235085277214,30,L5,2000,"{""type"":""MultiPoint"",""coordinates"":[]}"
0000000000000000000e_0,1,43.42524030556383,Tokyo,308.51178512361724,306.0594205005941,308.51178512361724,12,L5,2000,"{""type"":""MultiPoint"",""coordinates"":[]}"
0000000000000000000e_1,2,37.901722045244455,Tokyo,301.08473768285796,299.23209118395397,301.08473768285796,12,L5,2000,"{""type"":""MultiPoint"",""coordinates"":[]}"
0000000000000000000e_2,3,0.0203556349364456,Tokyo,306.8231583943034,304.25641675469035,306.8231583943034,12,L5,2000,"{""type"":""MultiPoint"",""coordinates"":[]}"
0000000000000000000e_3,4,2.8494116951820865,Tokyo,302.2919273642576,299.6846143316033,302.2919273642576,12,L5,2000,"{""type"":""MultiPoint"",""coordinates"":[]}"
0000000000000000000e_4,5,15.803270319073178,Tokyo,298.9664127015119,298.8753228347915,298.9664127015119,12,L5,2000,"{""type"":""MultiPoint"",""coordinates"":[]}"
00000000000000000016_0,1,45.5819807153678,Algiers,316.12900989050814,312.66085034889636,315.76346381528293,17,L5,2000,"{""type"":""MultiPoint"",""coordinates"":[]}"
00000000000000000016_1,2,10.501404575246688,Algiers,314.030632654876,311.45294792831686,313.92386131424166,17,L5,2000,"{""type"":""MultiPoint"",""coordinates"":[]}"
00000000000000000016_2,3,43.24897226715421,Algiers,317.78076897030235,314.28979918662253,317.51671757106,17,L5,2000,"{""type"":""MultiPoint"",""coordinates"":[]}"
00000000000000000016_3,4,0.4241947984278431,Algiers,306.6739007096456,303.41782089849033,306.23482249908,17,L5,2000,"{""type"":""MultiPoint"",""coordinates"":[]}"
00000000000000000016_4,5,0.2434476438034817,Algiers,306.9180145676106,304.0280325197318,306.90403718898324,17,L5,2000,"{""type"":""MultiPoint"",""coordinates"":[]}"
00000000000000000004_0,1,50.242967700975505,Mexico City,308.33104993178165,304.0790285235952,308.33104993178165,11,L5,2000,"{""type"":""MultiPoint"",""coordinates"":[]}"
00000000000000000004_1,2,48.06247168620778,Mexico City,297.8657593591035,295.5561871965246,297.8657593591035,11,L5,2000,"{""type"":""MultiPoint"",""coordinates"":[]}"
00000000000000000004_2,3,1.4666482566109873,Mexico City,303.6612528127212,300.04860240080956,303.6612528127212,11,L5,2000,"{""type"":""MultiPoint"",""coordinates"":[]}"
00000000000000000004_3,4,0.2077880819439765,Mexico City,299.7278427971201,297.23138032872447,299.7278427971201,11,L5,2000,"{""type"":""MultiPoint"",""coordinates"":[]}"
00000000000000000004_4,5,0.020124274261749,Mexico City,304.57278265799596,300.3663338132719,304.57278265799596,11,L5,2000,"{""type"":""MultiPoint"",""coordinates"":[]}"
0000000000000000000b_0,1,44.3785014990188,Moscow,295.5539852899339,295.45046983261335,295.5539852899339,9,L5,2000,"{""type"":""MultiPoint"",""coordinates"":[]}"
0000000000000000000b_1,2,44.96963294105845,Moscow,292.321241554842,291.8266004020658,292.321241554842,9,L5,2000,"{""type"":""MultiPoint"",""coordinates"":[]}"
0000000000000000000b_2,3,8.768052894000956,Moscow,294.26720309876407,293.6348716901475,294.26720309876407,9,L5,2000,"{""type"":""MultiPoint"",""coordinates"":[]}"
0000000000000000000b_3,4,1.8767273301023697,Moscow,293.0239032407719,292.87997243153717,293.0239032407719,9,L5,2000,"{""type"":""MultiPoint"",""coordinates"":[]}"
0000000000000000000b_4,5,0.0070853358194168,Moscow,295.5169404230576,295.46194303423715,295.5169404230576,9,L5,2000,"{""type"":""MultiPoint"",""coordinates"":[]}"
0000000000000000000c_0,1,18.842737194884464,Beijing,309.3895671480409,305.97706221973726,309.3895671480409,37,L5,2000,"{""type"":""MultiPoint"",""coordinates"":[]}"
0000000000000000000c_1,2,60.930843202490095,Beijing,306.34162670143905,303.35963145916304,306.34162670143905,37,L5,2000,"{""type"":""MultiPoint"",""coordinates"":[]}"
0000000000000000000c_2,3,18.47766040607922,Beijing,308.909865187974,305.00921128171694,308.909865187974,37,L5,2000,"{""type"":""MultiPoint"",""coordinates"":[]}"
0000000000000000000c_3,4,1.743068793350791,Beijing,301.07390638749973,299.46598172436063,301.07390638749973,37,L5,2000,"{""type"":""MultiPoint"",""coordinates"":[]}"
0000000000000000000c_4,5,0.0056904031954218,Beijing,307.5096765266914,304.7000090168624,307.5096765266914,37,L5,2000,"{""type"":""MultiPoint"",""coordinates"":[]}"
0000000000000000000d_0,1,39.467969268841976,Shanghai,311.0384081099656,307.55168877876173,311.0367263231223,36,L5,2000,"{""type"":""MultiPoint"",""coordinates"":[]}"
0000000000000000000d_1,2,18.007099191099428,Shanghai,308.653087918461,306.32743103613456,308.6506199507619,36,L5,2000,"{""type"":""MultiPoint"",""coordinates"":[]}"
0000000000000000000d_2,3,22.903491709579924,Shanghai,308.5230199660637,306.09155791188874,308.5186637581042,36,L5,2000,"{""type"":""MultiPoint"",""coordinates"":[]}"
0000000000000000000d_3,4,9.538105942572102,Shanghai,306.7932169984979,304.0131946895884,306.7906764161937,36,L5,2000,"{""type"":""MultiPoint"",""coordinates"":[]}"
0000000000000000000d_4,5,10.083333887906566,Shanghai,305.42196065357035,301.3847003636764,305.4219585919824,36,L5,2000,"{""type"":""MultiPoint"",""coordinates"":[]}"
0000000000000000001d_0,1,5.047585989171748,Amman,321.5126200418703,317.49932749757636,321.42268280020096,11,L5,2000,"{""type"":""MultiPoint"",""coordinates"":[]}"
0000000000000000001d_1,2,5.504992054027798,Amman,324.1788585320656,318.8708823208859,324.1222197386378,11,L5,2000,"{""type"":""MultiPoint"",""coordinates"":[]}"
0000000000000000001d_2,3,6.787825543721961,Amman,327.4242005745191,321.4877562407249,327.1241583843964,11,L5,2000,"{""type"":""MultiPoint"",""coordinates"":[]}"
0000000000000000001d_3,4,0.0004820246881829551,Amman,322.0816642563852,316.376660956853,321.35450745569494,11,L5,2000,"{""type"":""MultiPoint"",""coordinates"":[]}"
0000000000000000001d_4,5,82.65911438839031,Amman,326.1907047016047,319.6933475486658,326.0026041549576,11,L5,2000,"{""type"":""MultiPoint"",""coordinates"":[]}"
00000000000000000049_0,1,45.29980109696011,Harare,298.55545769654134,298.367953635002,298.55545769654134,4,L5,2000,"{""type"":""MultiPoint"",""coordinates"":[]}"
00000000000000000049_1,2,46.09636791801104,Harare,297.7537664630531,297.5099099996517,297.7537664630531,4,L5,2000,"{""type"":""MultiPoint"",""coordinates"":[]}"
00000000000000000049_2,3,7.885698481754093,Harare,298.1694800503724,297.8139557540964,298.1694800503724,4,L5,2000,"{""type"":""MultiPoint"",""coordinates"":[]}"
00000000000000000049_3,4,0.7103944086429143,Harare,295.80125827743996,295.72961510486886,295.80125827743996,4,L5,2000,"{""type"":""MultiPoint"",""coordinates"":[]}"
00000000000000000049_4,5,0.0077380946318502,Harare,297.69392986853364,297.6015280889862,297.69392986853364,4,L5,2000,"{""type"":""MultiPoint"",""coordinates"":[]}"
0000000000000000004d_0,1,2.57015605330843,Kinshasa,297.34485947553605,297.34485947553605,297.34485947553605,1,L5,2000,"{""type"":""MultiPoint"",""coordinates"":[]}"
0000000000000000004d_1,2,90.48687605684192,Kinshasa,295.8771073953852,295.8771073953852,295.8771073953852,1,L5,2000,"{""type"":""MultiPoint"",""coordinates"":[]}"
0000000000000000004d_2,3,4.060338086503899,Kinshasa,293.7325686282712,293.7325686282712,293.7325686282712,1,L5,2000,"{""type"":""MultiPoint"",""coordinates"":[]}"
0000000000000000004d_3,4,2.822652384558073,Kinshasa,295.3691166997484,295.3691166997484,295.3691166997484,1,L5,2000,"{""type"":""MultiPoint"",""coordinates"":[]}"
0000000000000000004d_4,5,0.0599774187876922,Kinshasa,294.6663161757165,294.6663161757165,294.6663161757165,1,L5,2000,"{""type"":""MultiPoint"",""coordinates"":[]}"
0000000000000000004f_0,1,11.261754199775902,Blantyre,283.9516139366639,283.7686403229346,283.9516139366639,3,L5,2000,"{""type"":""MultiPoint"",""coordinates"":[]}"
0000000000000000004f_1,2,70.77935923893077,Blantyre,283.04856489082255,282.8957667768042,283.04856489082255,3,L5,2000,"{""type"":""MultiPoint"",""coordinates"":[]}"
0000000000000000004f_2,3,17.811061958505576,Blantyre,283.22160551738887,282.6495787903937,283.22160551738887,3,L5,2000,"{""type"":""MultiPoint"",""coordinates"":[]}"
0000000000000000004f_3,4,0.1476097877301723,Blantyre,281.90464746814547,281.8987443252292,281.90464746814547,3,L5,2000,"{""type"":""MultiPoint"",""coordinates"":[]}"
00000000000000000056_0,1,24.53619369919726,National Capital District,310.639161257506,305.1201357530775,310.639161257506,8,L5,2000,"{""type"":""MultiPoint"",""coordinates"":[]}"
00000000000000000056_1,2,59.11793678028698,National Capital District,308.63347335174734,304.02977614921707,308.63347335174734,8,L5,2000,"{""type"":""MultiPoint"",""coordinates"":[]}"
00000000000000000056_2,3,0.3522693357898289,National Capital District,305.8564949410584,301.08805331192843,305.8564949410584,8,L5,2000,"{""type"":""MultiPoint"",""coordinates"":[]}"
00000000000000000056_3,4,1.7605858180916607,National Capital District,305.56858463444786,301.86100272227804,305.56858463444786,8,L5,2000,"{""type"":""MultiPoint"",""coordinates"":[]}"
00000000000000000056_4,5,14.233014366634263,National Capital District,303.77538738669796,300.29371996491324,303.77538738669796,8,L5,2000,"{""type"":""MultiPoint"",""coordinates"":[]}"
00000000000000000057_0,1,19.179002880162397,Dili,309.5024727202202,303.2380712105647,309.5024727202202,11,L5,2000,"{""type"":""MultiPoint"",""coordinates"":[]}"
00000000000000000057_1,2,69.10862157253192,Dili,303.873137379962,298.2453089471292,303.873137379962,11,L5,2000,"{""type"":""MultiPoint"",""coordinates"":[]}"
00000000000000000057_2,3,10.50624366069967,Dili,307.5447265723522,299.4932344666233,307.5447265723522,11,L5,2000,"{""type"":""MultiPoint"",""coordinates"":[]}"
00000000000000000057_3,4,1.0793051657654091,Dili,308.23869754548775,302.1375259038501,308.23869754548775,11,L5,2000,"{""type"":""MultiPoint"",""coordinates"":[]}"
00000000000000000057_4,5,0.1268267208406144,Dili,306.1545444988335,300.42732124770555,306.1545444988335,11,L5,2000,"{""type"":""MultiPoint"",""coordinates"":[]}"
0000000000000000005d_0,1,24.113746527954667,Phnom Penh,291.23078684022227,291.2187204545531,291.23078684022227,4,L5,2000,"{""type"":""MultiPoint"",""coordinates"":[]}"
0000000000000000005d_1,2,11.500208767197218,Phnom Penh,290.9433259973222,290.8941806189392,290.9433259973222,4,L5,2000,"{""type"":""MultiPoint"",""coordinates"":[]}"
0000000000000000005d_2,3,52.48194347966542,Phnom Penh,289.81938527707376,289.8010435413512,289.81938527707376,4,L5,2000,"{""type"":""MultiPoint"",""coordinates"":[]}"
0000000000000000005d_3,4,11.885130048956116,Phnom Penh,287.5848309502166,287.58294570852667,287.5848309502166,4,L5,2000,"{""type"":""MultiPoint"",""coordinates"":[]}"
0000000000000000005d_4,5,0.0189711762265869,Phnom Penh,289.3480893469725,289.3480893469725,289.3480893469725,4,L5,2000,"{""type"":""MultiPoint"",""coordinates"":[]}"
00000000000000000006_0,1,71.19250967203092,Paris,303.6395681959069,302.0455312681395,303.6395681959069,6,L5,2000,"{""type"":""MultiPoint"",""coordinates"":[]}"
00000000000000000006_1,2,23.99856442577341,Paris,304.1124269489707,302.3684480997819,304.1124269489707,6,L5,2000,"{""type"":""MultiPoint"",""coordinates"":[]}"
00000000000000000006_2,3,0.1195869432471248,Paris,302.12864378651335,300.2246576653411,302.12864378651335,6,L5,2000,"{""type"":""MultiPoint"",""coordinates"":[]}"
00000000000000000006_3,4,4.350321256630042,Paris,301.28500164023944,300.0223151864651,301.28500164023944,6,L5,2000,"{""type"":""MultiPoint"",""coordinates"":[]}"
00000000000000000006_4,5,0.3390177023185001,Paris,304.7365570054946,301.9748632093812,304.7365570054946,6,L5,2000,"{""type"":""MultiPoint"",""coordinates"":[]}"
00000000000000000022_0,1,60.647267937415315,Prague,309.0950420232645,305.18720773134106,309.0950420232645,4,L5,2000,"{""type"":""MultiPoint"",""coordinates"":[]}"
00000000000000000022_1,2,16.143250779816118,Prague,305.7300636267524,301.6265809091024,305.7300636267524,4,L5,2000,"{""type"":""MultiPoint"",""coordinates"":[]}"
00000000000000000022_2,3,21.640964029384836,Prague,311.47358869022406,304.5801019184466,311.47358869022406,4,L5,2000,"{""type"":""MultiPoint"",""coordinates"":[]}"
00000000000000000022_3,4,1.557577041856704,Prague,301.5762175980827,298.4103823700784,301.5762175980827,4,L5,2000,"{""type"":""MultiPoint"",""coordinates"":[]}"
00000000000000000022_4,5,0.0109402115270187,Prague,300.9248071320736,297.7303940121949,300.9248071320736,4,L5,2000,"{""type"":""MultiPoint"",""coordinates"":[]}"
00000000000000000036_0,1,72.61387671041976,Montreal,307.2982543062633,304.73918288608587,307.2982543062633,7,L5,2000,"{""type"":""MultiPoint"",""coordinates"":[]}"
00000000000000000036_1,2,6.223484998955166,Montreal,299.53883119786406,298.5195584843486,299.53883119786406,7,L5,2000,"{""type"":""MultiPoint"",""coordinates"":[]}"
00000000000000000036_2,3,2.324581056960206,Montreal,301.1419544654637,300.0177858251456,301.1419544654637,7,L5,2000,"{""type"":""MultiPoint"",""coordinates"":[]}"
00000000000000000036_3,4,9.819460280460468,Montreal,294.99358476217503,293.8665307694723,294.99358476217503,7,L5,2000,"{""type"":""MultiPoint"",""coordinates"":[]}"
00000000000000000036_4,5,9.018596953204398,Montreal,295.5872303687698,294.6707293157483,295.5872303687698,7,L5,2000,"{""type"":""MultiPoint"",""coordinates"":[]}"
00000000000000000039_0,1,86.73693159220166,Birmingham,307.77359564981134,302.1687825096156,307.77359564981134,10,L5,2000,"{""type"":""MultiPoint"",""coordinates"":[]}"
00000000000000000039_1,2,9.00136064182835,Birmingham,305.02329981043954,300.6115058341047,305.02329981043954,10,L5,2000,"{""type"":""MultiPoint"",""coordinates"":[]}"
00000000000000000039_2,3,3.3238555608168783,Birmingham,302.2919898721148,299.36390958586657,302.2919898721148,10,L5,2000,"{""type"":""MultiPoint"",""coordinates"":[]}"
00000000000000000039_3,4,0.9337539348015972,Birmingham,302.44779606006165,298.2798627240598,302.44779606006165,10,L5,2000,"{""type"":""MultiPoint"",""coordinates"":[]}"
00000000000000000039_4,5,0.0040982703515163,Birmingham,300.34768979087096,295.83401376806887,300.34768979087096,10,L5,2000,"{""type"":""MultiPoint"",""coordinates"":[]}"
0000000000000000003a_0,1,88.50153475391748,Manchester,297.3245306004016,297.31376721440745,297.3245306004016,3,L5,2000,"{""type"":""MultiPoint"",""coordinates"":[]}"
0000000000000000003a_1,2,9.805553686112136,Manchester,297.6740485044482,297.6499727583857,297.6740485044482,3,L5,2000,"{""type"":""MultiPoint"",""coordinates"":[]}"
0000000000000000003a_2,3,0.1482418598747813,Manchester,297.05317505763884,297.05317505763884,297.05317505763884,3,L5,2000,"{""type"":""MultiPoint"",""coordinates"":[]}"
0000000000000000003a_3,4,1.532607014082576,Manchester,297.29787372884806,297.2813107329623,297.29787372884806,3,L5,2000,"{""type"":""MultiPoint"",""coordinates"":[]}"
0000000000000000003a_4,5,0.0120626860130317,Manchester,295.62522758374075,295.62522758374075,295.62522758374075,3,L5,2000,"{""type"":""MultiPoint"",""coordinates"":[]}"
0000000000000000003b_0,1,83.41268177528008,Milan,308.762830896533,306.74791621832924,308.762830896533,10,L5,2000,"{""type"":""MultiPoint"",""coordinates"":[]}"
0000000000000000003b_1,2,2.8634881140234203,Milan,305.0104501422832,303.20805955199455,305.0104501422832,10,L5,2000,"{""type"":""MultiPoint"",""coordinates"":[]}"
0000000000000000003b_2,3,13.130588141439905,Milan,304.6034167357288,302.27134251415777,304.6034167357288,10,L5,2000,"{""type"":""MultiPoint"",""coordinates"":[]}"
0000000000000000003b_3,4,0.5925485006821893,Milan,302.4863274640676,301.29598937772755,302.4863274640676,10,L5,2000,"{""type"":""MultiPoint"",""coordinates"":[]}"
0000000000000000003c_0,1,95.3430215955796,Naples,314.73027773258747,309.7325368717013,314.73027773258747,10,L5,2000,"{""type"":""MultiPoint"",""coordinates"":[]}"
0000000000000000003c_1,2,3.718594572413149,Naples,311.44640129536765,304.9107399067673,311.44640129536765,10,L5,2000,"{""type"":""MultiPoint"",""coordinates"":[]}"
0000000000000000003c_2,3,0.3939860563627435,Naples,318.9694191286572,311.62129869722946,318.9694191286572,10,L5,2000,"{""type"":""MultiPoint"",""coordinates"":[]}"
0000000000000000003c_3,4,0.4320719966928831,Naples,308.01200430734815,303.382432104322,308.01200430734815,10,L5,2000,"{""type"":""MultiPoint"",""coordinates"":[]}"
0000000000000000003c_4,5,0.1123257789516106,Naples,305.68413700580714,300.88963880070185,305.68413700580714,10,L5,2000,"{""type"":""MultiPoint"",""coordinates"":[]}"
0000000000000000003d_0,1,85.44012081331958,Zurich,302.0135704294699,299.13938972503377,302.0135704294699,6,L5,2000,"{""type"":""MultiPoint"",""coordinates"":[]}"
0000000000000000003d_1,2,8.77229204640181,Zurich,297.08522344182313,294.38629929232286,297.08522344182313,6,L5,2000,"{""type"":""MultiPoint"",""coordinates"":[]}"
0000000000000000003d_2,3,0.8407353359572666,Zurich,301.46175584834026,297.23041658671343,301.46175584834026,6,L5,2000,"{""type"":""MultiPoint"",""coordinates"":[]}"
0000000000000000003d_3,4,4.943533872351116,Zurich,295.65255228140046,293.3161076649899,295.65255228140046,6,L5,2000,"{""type"":""MultiPoint"",""coordinates"":[]}"
0000000000000000003d_4,5,0.0033179319702158,Zurich,299.84068008019887,297.8353233799468,299.84068008019887,6,L5,2000,"{""type"":""MultiPoint"",""coordinates"":[]}"
0000000000000000003e_0,1,81.2252054093493,Geneva,301.49123764040723,301.49123764040723,301.49123764040723,6,L5,2000,"{""type"":""MultiPoint"",""coordinates"":[]}"
0000000000000000003e_1,2,2.6583976545140264,Geneva,299.40824128625127,299.40824128625127,299.40824128625127,6,L5,2000,"{""type"":""MultiPoint"",""coordinates"":[]}"
0000000000000000003e_2,3,0.040950720491794,Geneva,295.1650849476071,295.1650849476071,295.1650849476071,6,L5,2000,"{""type"":""MultiPoint"",""coordinates"":[]}"
0000000000000000003e_3,4,15.9730694144154,Geneva,292.61610045801734,292.61610045801734,292.61610045801734,6,L5,2000,"{""type"":""MultiPoint"",""coordinates"":[]}"
0000000000000000003e_4,5,0.1023768012294851,Geneva,293.79947665215155,293.79947665215155,293.79947665215155,6,L5,2000,"{""type"":""MultiPoint"",""coordinates"":[]}"
00000000000000000044_0,1,4.245454368498733,La Paz,299.1155285724076,297.64772130953065,299.1155285724076,7,L5,2000,"{""type"":""MultiPoint"",""coordinates"":[]}"
00000000000000000044_1,2,92.99732627959312,La Paz,293.73392606759046,293.1954434575697,293.73392606759046,7,L5,2000,"{""type"":""MultiPoint"",""coordinates"":[]}"
00000000000000000044_2,3,0.0052580935222319,La Paz,296.66402394952394,293.81238535600687,296.66402394952394,7,L5,2000,"{""type"":""MultiPoint"",""coordinates"":[]}"
00000000000000000044_3,4,1.2291810380665245,La Paz,279.3319108846768,279.21975903877774,279.3319108846768,7,L5,2000,"{""type"":""MultiPoint"",""coordinates"":[]}"
00000000000000000044_4,5,1.5227802203193674,La Paz,291.40005261675253,290.43277842796243,291.40005261675253,7,L5,2000,"{""type"":""MultiPoint"",""coordinates"":[]}"
00000000000000000045_0,1,78.58736928861421,Asuncion,310.9001676920069,310.2844365536926,310.9001676920069,5,L5,2000,"{""type"":""MultiPoint"",""coordinates"":[]}"
00000000000000000045_1,2,11.982519783182932,Asuncion,308.52558738636657,307.72623746633565,308.52558738636657,5,L5,2000,"{""type"":""MultiPoint"",""coordinates"":[]}"
00000000000000000045_2,4,9.416456978891736,Asuncion,305.8329452320085,304.9004376367851,305.8329452320085,5,L5,2000,"{""type"":""MultiPoint"",""coordinates"":[]}"
00000000000000000045_3,5,0.0136539493111346,Asuncion,306.55817597646046,305.7194749341336,306.55817597646046,5,L5,2000,"{""type"":""MultiPoint"",""coordinates"":[]}"
00000000000000000046_0,1,46.985928513220934,Montevideo,303.0578626851032,300.9266239928925,303.0578626851032,7,L5,2000,"{""type"":""MultiPoint"",""coordinates"":[]}"
00000000000000000046_1,2,48.51965940952727,Montevideo,303.5300327889754,300.4715660884284,303.5300327889754,7,L5,2000,"{""type"":""MultiPoint"",""coordinates"":[]}"
00000000000000000046_2,3,3.411435057999487,Montevideo,305.08138654535577,302.26262099712204,305.08138654535577,7,L5,2000,"{""type"":""MultiPoint"",""coordinates"":[]}"
00000000000000000046_3,4,0.8740557745729134,Montevideo,298.08932911889076,296.0476422940239,298.08932911889076,7,L5,2000,"{""type"":""MultiPoint"",""coordinates"":[]}"
00000000000000000046_4,5,0.2089212446793751,Montevideo,298.61469927424145,296.7606941724147,298.61469927424145,7,L5,2000,"{""type"":""MultiPoint"",""coordinates"":[]}"
0000000000000000004a_0,1,22.9993457512388,Fianarantsoa,298.1471694646034,298.1471694646034,298.1471694646034,2,L5,2000,"{""type"":""MultiPoint"",""coordinates"":[]}"
0000000000000000004a_1,2,71.84952407080621,Fianarantsoa,297.6890150255786,297.6890150255786,297.6890150255786,2,L5,2000,"{""type"":""MultiPoint"",""coordinates"":[]}"
00000000000000000007_0,1,80.48875297798439,London,308.37494511364395,301.59801366642466,308.37494511364395,7,L5,2000,"{""type"":""MultiPoint"",""coordinates"":[]}"
00000000000000000007_1,2,14.277489327294818,London,304.1244106569845,298.9400904624578,304.1244106569845,7,L5,2000,"{""type"":""MultiPoint"",""coordinates"":[]}"
00000000000000000007_2,3,3.0126730151351664,London,301.95736640370154,298.4609486383619,301.95736640370154,7,L5,2000,"{""type"":""MultiPoint"",""coordinates"":[]}"
00000000000000000007_3,4,2.2116760945359646,London,298.5488391485433,295.44021709205686,298.5488391485433,7,L5,2000,"{""type"":""MultiPoint"",""coordinates"":[]}"
00000000000000000007_4,5,0.0094085850496725,London,305.39559804843566,299.8258519730373,305.39559804843566,7,L5,2000,"{""type"":""MultiPoint"",""coordinates"":[]}"
00000000000000000013_0,1,84.53721565925503,Tehran,320.4972682671437,316.29503372784814,320.4972682671437,7,L5,2000,"{""type"":""MultiPoint"",""coordinates"":[]}"
00000000000000000013_1,2,10.120734720566947,Tehran,322.622465130255,318.37384653546275,322.622465130255,7,L5,2000,"{""type"":""MultiPoint"",""coordinates"":[]}"
00000000000000000013_2,3,1.3739596534264575,Tehran,319.13711667084755,314.28443000468167,319.13711667084755,7,L5,2000,"{""type"":""MultiPoint"",""coordinates"":[]}"
00000000000000000013_3,4,0.0530473315988902,Tehran,310.0868108326234,307.1339249832482,310.0868108326234,7,L5,2000,"{""type"":""MultiPoint"",""coordinates"":[]}"
00000000000000000013_4,5,3.915042635152678,Tehran,324.86734423358604,320.69270011820254,324.86734423358604,7,L5,2000,"{""type"":""MultiPoint"",""coordinates"":[]}"
00000000000000000015_0,1,10.36121569572799,Cairo,324.70612769917517,319.033387508387,324.70612769917517,14,L5,2000,"{""type"":""MultiPoint"",""coordinates"":[]}"
00000000000000000015_1,2,1.6643926412000831,Cairo,323.6180726868105,317.2130168414182,323.6180726868105,14,L5,2000,"{""type"":""MultiPoint"",""coordinates"":[]}"
00000000000000000015_2,3,0.2039024522589408,Cairo,317.39757861108967,312.5863971436691,317.39757861108967,14,L5,2000,"{""type"":""MultiPoint"",""coordinates"":[]}"
00000000000000000015_3,4,0.2825041417251264,Cairo,307.85392013709026,304.5875664592686,307.85392013709026,14,L5,2000,"{""type"":""MultiPoint"",""coordinates"":[]}"
00000000000000000015_4,5,87.48798506908786,Cairo,326.12355429575405,322.00396862481244,326.12355429575405,14,L5,2000,"{""type"":""MultiPoint"",""coordinates"":[]}"
00000000000000000026_0,1,46.50753129081882,Belgrade,314.0305534997071,308.29748059686705,314.0305534997071,9,L5,2000,"{""type"":""MultiPoint"",""coordinates"":[]}"
00000000000000000026_1,2,23.19213623687573,Belgrade,311.4852025172028,304.7942800914488,311.4852025172028,9,L5,2000,"{""type"":""MultiPoint"",""coordinates"":[]}"
00000000000000000026_2,3,23.24035142827507,Belgrade,315.89479408736133,310.0149644603431,315.89479408736133,9,L5,2000,"{""type"":""MultiPoint"",""coordinates"":[]}"
00000000000000000026_3,4,7.0586673136917355,Belgrade,300.12607272972326,296.97438909569735,300.12607272972326,9,L5,2000,"{""type"":""MultiPoint"",""coordinates"":[]}"
00000000000000000026_4,5,0.0013137303386489,Belgrade,307.2885755723325,303.7022619501312,307.2885755723325,9,L5,2000,"{""type"":""MultiPoint"",""coordinates"":[]}"
0000000000000000002f_0,1,81.66327768603958,Washington,307.2354955237457,305.415258924461,307.2354955237457,6,L5,2000,"{""type"":""MultiPoint"",""coordinates"":[]}"
0000000000000000002f_1,2,7.49740822199933,Washington,300.21644256260447,299.03348946302964,300.21644256260447,6,L5,2000,"{""type"":""MultiPoint"",""coordinates"":[]}"
0000000000000000002f_2,3,0.8048616453489352,Washington,304.41550804030277,302.4802730834027,304.41550804030277,6,L5,2000,"{""type"":""MultiPoint"",""coordinates"":[]}"
0000000000000000002f_3,4,5.558705723180643,Washington,300.67004272952715,298.5786577163587,300.67004272952715,6,L5,2000,"{""type"":""MultiPoint"",""coordinates"":[]}"
0000000000000000002f_4,5,4.475746723431511,Washington,299.6759762591523,298.5002689542003,299.6759762591523,6,L5,2000,"{""type"":""MultiPoint"",""coordinates"":[]}"
00000000000000000037_0,1,93.08047703718212,Guadalajara,306.86258145963484,304.65251886240327,306.86258145963484,4,L5,2000,"{""type"":""MultiPoint"",""coordinates"":[]}"
00000000000000000037_1,2,6.72644485887319,Guadalajara,301.09749750302376,298.20340282075483,301.09749750302376,4,L5,2000,"{""type"":""MultiPoint"",""coordinates"":[]}"
00000000000000000037_2,3,0.1219005279099449,Guadalajara,300.5369760122325,299.3543674562208,300.5369760122325,4,L5,2000,"{""type"":""MultiPoint"",""coordinates"":[]}"
00000000000000000037_3,4,0.0711775760347622,Guadalajara,299.2766615768936,297.58434354491436,299.2766615768936,4,L5,2000,"{""type"":""MultiPoint"",""coordinates"":[]}"
00000000000000000038_0,1,53.94027624094158,Monterrey,314.93733758631504,313.22520621437525,314.93733758631504,5,L5,2000,"{""type"":""MultiPoint"",""coordinates"":[]}"
00000000000000000038_1,2,45.9981584955467,Monterrey,306.8550857232511,305.5367437752914,306.8550857232511,5,L5,2000,"{""type"":""MultiPoint"",""coordinates"":[]}"
00000000000000000038_2,3,0.0067409366784605,Monterrey,314.1549376619669,310.7714474236146,314.1549376619669,5,L5,2000,"{""type"":""MultiPoint"",""coordinates"":[]}"
00000000000000000038_3,4,0.0470847328691136,Monterrey,305.4288795895451,304.1017886427213,305.4288795895451,5,L5,2000,"{""type"":""MultiPoint"",""coordinates"":[]}"
00000000000000000038_4,5,0.0077395939641584,Monterrey,311.9431753789583,308.92873909738915,311.9431753789583,5,L5,2000,"{""type"":""MultiPoint"",""coordinates"":[]}"
00000000000000000041_0,1,36.771038119918146,Oslo,293.2329682692788,293.1047192675415,293.2329682692788,6,L5,2000,"{""type"":""MultiPoint"",""coordinates"":[]}"
00000000000000000041_1,2,51.28589784594191,Oslo,289.3227479582851,288.90436709058855,289.3227479582851,6,L5,2000,"{""type"":""MultiPoint"",""coordinates"":[]}"
00000000000000000041_2,3,0.4999656886292117,Oslo,291.32515813377915,291.32515813377915,291.32515813377915,6,L5,2000,"{""type"":""MultiPoint"",""coordinates"":[]}"
00000000000000000041_3,4,6.522280607660449,Oslo,288.1746202174605,288.07626681506144,288.1746202174605,6,L5,2000,"{""type"":""MultiPoint"",""coordinates"":[]}"
00000000000000000041_4,5,4.920817737850287,Oslo,288.0207913897794,287.9875928915554,288.0207913897794,6,L5,2000,"{""type"":""MultiPoint"",""coordinates"":[]}"
00000000000000000060_0,1,99.70654711774962,Athens,315.4431946157877,312.5270148998186,315.4431946157877,8,L5,2005,"{""type"":""MultiPoint"",""coordinates"":[]}"
00000000000000000060_1,2,0.2825570900344235,Athens,313.89326784067185,310.04285524103807,313.89326784067185,8,L5,2005,"{""type"":""MultiPoint"",""coordinates"":[]}"
00000000000000000060_2,3,0.0108957922159605,Athens,317.9358710975011,310.2304313326276,317.9358710975011,8,L5,2005,"{""type"":""MultiPoint"",""coordinates"":[]}"
00000000000000000061_0,1,12.903466654292114,Brasília,302.61426256015466,299.080259647185,302.61426256015466,17,L5,2005,"{""type"":""MultiPoint"",""coordinates"":[]}"
00000000000000000061_1,2,70.96438895589183,Brasília,301.3815864470505,297.9186965002532,301.3815864470505,17,L5,2005,"{""type"":""MultiPoint"",""coordinates"":[]}"
00000000000000000061_2,3,15.023539755144164,Brasília,305.7684321999302,299.851056994598,305.7684321999302,17,L5,2005,"{""type"":""MultiPoint"",""coordinates"":[]}"
00000000000000000061_3,4,1.1084252990034735,Brasília,297.1645837427871,294.5670810056638,297.1645837427871,17,L5,2005,"{""type"":""MultiPoint"",""coordinates"":[]}"
00000000000000000061_4,5,0.0001793356684224381,Brasília,298.7832693561371,297.35020383829334,298.7832693561371,17,L5,2005,"{""type"":""MultiPoint"",""coordinates"":[]}"
00000000000000000062_0,1,33.91651898810169,Dhaka,305.4946143008031,303.36817549635947,305.4946143008031,6,L5,2005,"{""type"":""MultiPoint"",""coordinates"":[]}"
00000000000000000062_1,2,20.183215854013905,Dhaka,307.6104728184058,306.0925062669037,307.6104728184058,6,L5,2005,"{""type"":""MultiPoint"",""coordinates"":[]}"
00000000000000000062_2,3,39.704124273998616,Dhaka,308.4058356333549,306.95246295583473,308.4058356333549,6,L5,2005,"{""type"":""MultiPoint"",""coordinates"":[]}"
00000000000000000062_3,4,6.175772799000214,Dhaka,304.6500687555235,303.27624033474365,304.6500687555235,6,L5,2005,"{""type"":""MultiPoint"",""coordinates"":[]}"
00000000000000000062_4,5,0.0203680848855569,Dhaka,314.9691667479908,314.9013722870785,314.9691667479908,6,L5,2005,"{""type"":""MultiPoint"",""coordinates"":[]}"
00000000000000000021_0,1,52.667523019652165,Warsaw,304.9865024008597,300.7405733065628,304.98227231435794,15,L5,2005,"{""type"":""MultiPoint"",""coordinates"":[]}"
00000000000000000021_1,2,40.88368145960827,Warsaw,301.5396303170881,297.1767275375286,301.521573499233,15,L5,2005,"{""type"":""MultiPoint"",""coordinates"":[]}"
00000000000000000021_2,3,3.990878051423464,Warsaw,303.99414980090614,298.7383436144568,303.98569146474546,15,L5,2005,"{""type"":""MultiPoint"",""coordinates"":[]}"
00000000000000000021_3,4,2.4564222134738816,Warsaw,299.39054279824114,295.5901518401111,299.38998398011984,15,L5,2005,"{""type"":""MultiPoint"",""coordinates"":[]}"
00000000000000000021_4,5,0.0014952558422116,Warsaw,309.27231437241886,306.4858740787034,309.27231437241886,15,L5,2005,"{""type"":""MultiPoint"",""coordinates"":[]}"
00000000000000000018_0,1,24.91643877511236,Hà Nội,302.08440409394194,300.8832067296376,302.08440409394194,18,L5,2005,"{""type"":""MultiPoint"",""coordinates"":[]}"
00000000000000000018_1,2,26.029428472847027,Hà Nội,300.3134361432793,299.20782469356556,300.3134361432793,18,L5,2005,"{""type"":""MultiPoint"",""coordinates"":[]}"
00000000000000000018_2,3,40.3649933288009,Hà Nội,301.7744361882313,299.97341423055786,301.7744361882313,18,L5,2005,"{""type"":""MultiPoint"",""coordinates"":[]}"
00000000000000000018_3,4,8.680568006109977,Hà Nội,300.0098999950953,298.5084513871958,300.0098999950953,18,L5,2005,"{""type"":""MultiPoint"",""coordinates"":[]}"
00000000000000000018_4,5,0.008571417129728,Hà Nội,301.3539315864559,299.82550395787945,301.3539315864559,18,L5,2005,"{""type"":""MultiPoint"",""coordinates"":[]}"
00000000000000000040_0,1,62.97274089083819,Vienna,310.6272655563113,306.05305770318324,310.6238077068593,18,L5,2005,"{""type"":""MultiPoint"",""coordinates"":[]}"
00000000000000000040_1,2,24.3973157177269,Vienna,304.1199470819288,299.50341913991116,304.11881914135006,18,L5,2005,"{""type"":""MultiPoint"",""coordinates"":[]}"
00000000000000000040_2,3,8.810118600350831,Vienna,313.25642847843153,305.21956225117765,313.2236259932297,18,L5,2005,"{""type"":""MultiPoint"",""coordinates"":[]}"
00000000000000000040_3,4,3.816352001786964,Vienna,301.5063479317063,297.40469413105683,301.5063369390399,18,L5,2005,"{""type"":""MultiPoint"",""coordinates"":[]}"
00000000000000000040_4,5,0.0034727892970949,Vienna,305.86142538876055,302.0480242298642,305.86142538876055,18,L5,2005,"{""type"":""MultiPoint"",""coordinates"":[]}"
00000000000000000008_0,1,72.08001492736639,Berlin,306.33885713362736,302.9669206117107,306.33885713362736,18,L5,2005,"{""type"":""MultiPoint"",""coordinates"":[]}"
00000000000000000008_1,2,20.2565397258316,Berlin,300.79139243765985,298.1603547480931,300.79139243765985,18,L5,2005,"{""type"":""MultiPoint"",""coordinates"":[]}"
00000000000000000008_2,3,1.92478465986774,Berlin,304.086853391398,301.1891823821208,304.086853391398,18,L5,2005,"{""type"":""MultiPoint"",""coordinates"":[]}"
00000000000000000008_3,4,5.737059235148415,Berlin,297.1381470821033,295.6683113976736,297.1381470821033,18,L5,2005,"{""type"":""MultiPoint"",""coordinates"":[]}"
00000000000000000008_4,5,0.0016014517858507,Berlin,305.694062116941,302.7643916985143,305.694062116941,18,L5,2005,"{""type"":""MultiPoint"",""coordinates"":[]}"
0000000000000000000f_0,1,72.34540409141846,Seoul,305.20813983396135,304.8125638645406,305.20813983396135,9,L5,2005,"{""type"":""MultiPoint"",""coordinates"":[]}"
0000000000000000000f_1,2,20.71580246172011,Seoul,302.93912769430614,302.63899756991543,302.93912769430614,9,L5,2005,"{""type"":""MultiPoint"",""coordinates"":[]}"
0000000000000000000f_2,3,0.6513173677629712,Seoul,302.07658707848077,301.57271983686746,302.07658707848077,9,L5,2005,"{""type"":""MultiPoint"",""coordinates"":[]}"
0000000000000000000f_3,4,6.28113310173712,Seoul,300.900296474529,300.7134488807629,300.900296474529,9,L5,2005,"{""type"":""MultiPoint"",""coordinates"":[]}"
0000000000000000000f_4,5,0.0063429773613287,Seoul,302.93579465128363,302.5702122082271,302.93579465128363,9,L5,2005,"{""type"":""MultiPoint"",""coordinates"":[]}"
00000000000000000019_0,1,71.18786035756932,Bangkok,304.7284649845535,299.9711909477833,304.7284649845535,11,L5,2005,"{""type"":""MultiPoint"",""coordinates"":[]}"
00000000000000000019_1,2,10.402285286127029,Bangkok,302.3815157323613,297.69882108176637,302.3815157323613,11,L5,2005,"{""type"":""MultiPoint"",""coordinates"":[]}"
00000000000000000019_2,3,11.473805272437597,Bangkok,302.3556948954297,297.37840401140244,302.3556948954297,11,L5,2005,"{""type"":""MultiPoint"",""coordinates"":[]}"
00000000000000000019_3,4,6.599954581677582,Bangkok,300.6719662397011,297.6398938639121,300.6719662397011,11,L5,2005,"{""type"":""MultiPoint"",""coordinates"":[]}"
00000000000000000019_4,5,0.3360945021884728,Bangkok,299.58333385559985,297.7897519477654,299.58333385559985,11,L5,2005,"{""type"":""MultiPoint"",""coordinates"":[]}"
00000000000000000020_0,1,42.39626742574648,Kyiv,311.89143114976855,305.6980471165337,311.89143114976855,10,L5,2005,"{""type"":""MultiPoint"",""coordinates"":[]}"
00000000000000000020_1,2,50.61648736572296,Kyiv,306.3010139613351,300.3279358673601,306.3010139613351,10,L5,2005,"{""type"":""MultiPoint"",""coordinates"":[]}"
00000000000000000020_2,3,0.5260838783410455,Kyiv,311.02136728799655,304.25647717432105,311.02136728799655,10,L5,2005,"{""type"":""MultiPoint"",""coordinates"":[]}"
00000000000000000020_3,4,6.455574985507405,Kyiv,303.68836428403927,298.6417888978513,303.68836428403927,10,L5,2005,"{""type"":""MultiPoint"",""coordinates"":[]}"
00000000000000000020_4,5,0.0055863446821002,Kyiv,309.1923445740234,304.28229109694877,309.1923445740234,10,L5,2005,"{""type"":""MultiPoint"",""coordinates"":[]}"
00000000000000000024_0,1,77.82966658298412,Bucharest,304.6150257824596,302.7698988801034,304.6150257824596,5,L5,2005,"{""type"":""MultiPoint"",""coordinates"":[]}"
00000000000000000024_1,2,11.888290534027496,Bucharest,299.25513217162205,297.0860863720898,299.25513217162205,5,L5,2005,"{""type"":""MultiPoint"",""coordinates"":[]}"
00000000000000000024_2,3,6.87860801973981,Bucharest,300.42278868074646,298.2823634299389,300.42278868074646,5,L5,2005,"{""type"":""MultiPoint"",""coordinates"":[]}"
00000000000000000024_3,4,3.400478571469223,Bucharest,297.55808382040846,296.28212402060257,297.55808382040846,5,L5,2005,"{""type"":""MultiPoint"",""coordinates"":[]}"
00000000000000000024_4,5,0.0029562917793588,Bucharest,293.67727025380464,293.51523385184237,293.67727025380464,5,L5,2005,"{""type"":""MultiPoint"",""coordinates"":[]}"
00000000000000000027_0,1,42.70545786082775,Tbilisi,312.62146925145737,305.98493630084965,312.62146925145737,8,L5,2005,"{""type"":""MultiPoint"",""coordinates"":[]}"
00000000000000000027_1,2,50.96596994871662,Tbilisi,312.541196772657,305.0421126269155,312.541196772657,8,L5,2005,"{""type"":""MultiPoint"",""coordinates"":[]}"
00000000000000000027_2,3,3.5198684775517712,Tbilisi,315.9566642398918,307.4846688431966,315.9566642398918,8,L5,2005,"{""type"":""MultiPoint"",""coordinates"":[]}"
00000000000000000027_3,4,2.7971323871029656,Tbilisi,302.381960111088,298.4489700989296,302.381960111088,8,L5,2005,"{""type"":""MultiPoint"",""coordinates"":[]}"
00000000000000000027_4,5,0.0115713258008879,Tbilisi,313.81296666685506,307.2332484766055,313.81296666685506,8,L5,2005,"{""type"":""MultiPoint"",""coordinates"":[]}"
0000000000000000002a_0,1,2.5296800603854033,Ulaanbaatar,310.12208619863713,305.1641119980828,310.1220596526498,25,L5,2005,"{""type"":""MultiPoint"",""coordinates"":[]}"
0000000000000000002a_1,2,97.06821157760892,Ulaanbaatar,311.7387267635452,303.95917052041995,311.7348080808273,25,L5,2005,"{""type"":""MultiPoint"",""coordinates"":[]}"
0000000000000000002a_2,3,0.0776085740849442,Ulaanbaatar,317.87860281391073,307.43563141567415,317.87860281391073,25,L5,2005,"{""type"":""MultiPoint"",""coordinates"":[]}"
0000000000000000002a_3,4,0.1417777059210322,Ulaanbaatar,304.40779563245314,299.0983102717941,304.4070375260935,25,L5,2005,"{""type"":""MultiPoint"",""coordinates"":[]}"
0000000000000000002a_4,5,0.1827220819996955,Ulaanbaatar,316.0860254167166,312.80392421533054,316.0860254167166,25,L5,2005,"{""type"":""MultiPoint"",""coordinates"":[]}"
00000000000000000048_0,1,48.86848964323631,Dar es-Salaam,306.3931425383541,306.39228478027405,306.3931425383541,2,L5,2005,"{""type"":""MultiPoint"",""coordinates"":[]}"
00000000000000000048_1,2,49.62226848053064,Dar es-Salaam,306.97817816882497,306.97817816882497,306.97817816882497,2,L5,2005,"{""type"":""MultiPoint"",""coordinates"":[]}"
00000000000000000048_2,3,1.1651497158681408,Dar es-Salaam,307.65435417864825,307.65435417864825,307.65435417864825,2,L5,2005,"{""type"":""MultiPoint"",""coordinates"":[]}"
00000000000000000048_3,4,0.2910867160389694,Dar es-Salaam,303.6077466444582,303.6077466444582,303.6077466444582,2,L5,2005,"{""type"":""MultiPoint"",""coordinates"":[]}"
00000000000000000048_4,5,0.0530054443259416,Dar es-Salaam,303.0886365515491,303.0886365515491,303.0886365515491,2,L5,2005,"{""type"":""MultiPoint"",""coordinates"":[]}"
0000000000000000004b_0,1,41.27535805132872,Maputo,309.5109405662269,308.84959126822025,309.5109405662269,3,L5,2005,"{""type"":""MultiPoint"",""coordinates"":[]}"
0000000000000000004b_1,2,50.74484161329642,Maputo,308.72054740394105,307.575886964,308.72054740394105,3,L5,2005,"{""type"":""MultiPoint"",""coordinates"":[]}"
0000000000000000004b_2,3,0.594389903293629,Maputo,308.6986069277469,308.100806673992,308.6986069277469,3,L5,2005,"{""type"":""MultiPoint"",""coordinates"":[]}"
0000000000000000004b_3,4,4.283231214785572,Maputo,305.81389325821317,304.4972409315918,305.81389325821317,3,L5,2005,"{""type"":""MultiPoint"",""coordinates"":[]}"
0000000000000000004b_4,5,3.102179217295662,Maputo,303.5382706598347,303.12246086514017,303.5382706598347,3,L5,2005,"{""type"":""MultiPoint"",""coordinates"":[]}"
00000000000000000052_0,1,49.67044785334413,Sydney,318.74791578735653,309.97099649222355,318.12877268391435,36,L5,2005,"{""type"":""MultiPoint"",""coordinates"":[]}"
00000000000000000052_1,2,44.82044205853712,Sydney,314.12272965006747,305.5920225518131,313.34820058334066,36,L5,2005,"{""type"":""MultiPoint"",""coordinates"":[]}"
00000000000000000052_2,3,0.5353047673262556,Sydney,321.5658332439255,310.52551864891046,320.3841660244295,36,L5,2005,"{""type"":""MultiPoint"",""coordinates"":[]}"
00000000000000000052_3,4,1.5652338135737902,Sydney,308.05236362762656,302.131472705981,307.7644343372615,36,L5,2005,"{""type"":""MultiPoint"",""coordinates"":[]}"
00000000000000000052_4,5,3.4085715072187135,Sydney,303.63024852369676,298.7196809844066,303.5936652267642,36,L5,2005,"{""type"":""MultiPoint"",""coordinates"":[]}"
00000000000000000053_0,1,23.72985936253257,Hobart,303.1463388316893,299.27804674482866,303.1463388316893,11,L5,2005,"{""type"":""MultiPoint"",""coordinates"":[]}"
00000000000000000053_1,2,68.5055512648948,Hobart,301.29532881990815,297.06281774663273,301.29532881990815,11,L5,2005,"{""type"":""MultiPoint"",""coordinates"":[]}"
00000000000000000053_2,3,6.17319014858659,Hobart,317.0890989895567,311.3841091659866,317.0890989895567,11,L5,2005,"{""type"":""MultiPoint"",""coordinates"":[]}"
00000000000000000053_3,4,0.5884459774441915,Hobart,299.6448658927594,296.3937286402148,299.6448658927594,11,L5,2005,"{""type"":""MultiPoint"",""coordinates"":[]}"
00000000000000000053_4,5,1.0029532465418454,Hobart,290.4818958119005,287.54626900012704,290.4818958119005,11,L5,2005,"{""type"":""MultiPoint"",""coordinates"":[]}"
0000000000000000005e_0,1,24.99196178107717,Vientiane Capital,293.3410954709619,290.9865551628883,293.3410954709619,13,L5,2005,"{""type"":""MultiPoint"",""coordinates"":[]}"
0000000000000000005e_1,2,36.19606848174482,Vientiane Capital,292.83605869882456,290.80123246881806,292.83605869882456,13,L5,2005,"{""type"":""MultiPoint"",""coordinates"":[]}"
0000000000000000005e_2,3,32.10548450887065,Vientiane Capital,293.26534561993725,291.745352076775,293.26534561993725,13,L5,2005,"{""type"":""MultiPoint"",""coordinates"":[]}"
0000000000000000005e_3,4,6.669408294647683,Vientiane Capital,291.104782089174,289.0025041575343,291.104782089174,13,L5,2005,"{""type"":""MultiPoint"",""coordinates"":[]}"
0000000000000000005e_4,5,0.0370769336596755,Vientiane Capital,297.61816580500613,294.95104484459915,297.61816580500613,13,L5,2005,"{""type"":""MultiPoint"",""coordinates"":[]}"
00000000000000000025_0,1,45.42015281516901,Sofia,303.23833897951,301.13813786056414,303.23833897951,16,L5,2005,"{""type"":""MultiPoint"",""coordinates"":[]}"
00000000000000000025_1,2,43.42340509018065,Sofia,296.7838966460467,295.19228247667434,296.7838966460467,16,L5,2005,"{""type"":""MultiPoint"",""coordinates"":[]}"
00000000000000000025_2,3,10.542159175573898,Sofia,301.7545592322121,299.114572844261,301.7545592322121,16,L5,2005,"{""type"":""MultiPoint"",""coordinates"":[]}"
00000000000000000025_3,4,0.6128278875697953,Sofia,297.5258286604614,295.6309080331851,297.5258286604614,16,L5,2005,"{""type"":""MultiPoint"",""coordinates"":[]}"
00000000000000000025_4,5,0.0014550315066531,Sofia,301.8016126906253,298.4509659052652,301.8016126906253,16,L5,2005,"{""type"":""MultiPoint"",""coordinates"":[]}"
00000000000000000042_0,1,96.80988257681592,Buenos Aires,302.4020118834125,300.81600408536997,302.4020118834125,17,L5,2005,"{""type"":""MultiPoint"",""coordinates"":[]}"
00000000000000000042_1,2,1.9872082028356792,Buenos Aires,304.1339104349112,298.88299065764676,304.1339104349112,17,L5,2005,"{""type"":""MultiPoint"",""coordinates"":[]}"
00000000000000000042_2,4,1.022416804763952,Buenos Aires,301.9430953761806,297.6430853886074,301.9430953761806,17,L5,2005,"{""type"":""MultiPoint"",""coordinates"":[]}"
00000000000000000042_3,5,0.1804924155844527,Buenos Aires,300.4358518337807,296.1652887832287,300.4358518337807,17,L5,2005,"{""type"":""MultiPoint"",""coordinates"":[]}"
00000000000000000001_0,1,83.03989696266841,Los Angeles,319.3384122849924,313.802165469131,319.3364268020816,12,L5,2005,"{""type"":""MultiPoint"",""coordinates"":[]}"
00000000000000000001_1,2,13.083872187735787,Los Angeles,314.3663032512367,306.89946572158794,314.36618784798725,12,L5,2005,"{""type"":""MultiPoint"",""coordinates"":[]}"
00000000000000000001_2,3,0.1694945089981507,Los Angeles,314.98254210131296,309.57328989517555,314.9815574782672,12,L5,2005,"{""type"":""MultiPoint"",""coordinates"":[]}"
00000000000000000001_3,4,0.6835544587720667,Los Angeles,306.0253035722635,302.32559648342897,306.02506740849856,12,L5,2005,"{""type"":""MultiPoint"",""coordinates"":[]}"
00000000000000000001_4,5,3.023181881825591,Los Angeles,298.3155352113721,295.56375168550835,298.31546515168634,12,L5,2005,"{""type"":""MultiPoint"",""coordinates"":[]}"
00000000000000000002_0,1,90.15756918466312,Chicago,314.4590777474099,310.12561739604627,314.4590777474099,10,L5,2005,"{""type"":""MultiPoint"",""coordinates"":[]}"
00000000000000000002_1,2,4.973960491409278,Chicago,310.7585213691587,306.6920918235601,310.7585213691587,10,L5,2005,"{""type"":""MultiPoint"",""coordinates"":[]}"
00000000000000000002_2,3,1.1493629669614165,Chicago,312.66426616764426,307.82582250205746,312.66426616764426,10,L5,2005,"{""type"":""MultiPoint"",""coordinates"":[]}"
00000000000000000002_3,4,3.691686124678691,Chicago,304.8844957973594,301.4625972432191,304.8844957973594,10,L5,2005,"{""type"":""MultiPoint"",""coordinates"":[]}"
00000000000000000002_4,5,0.0274212322874966,Chicago,308.31369817243615,304.0346718237816,308.31369817243615,10,L5,2005,"{""type"":""MultiPoint"",""coordinates"":[]}"
00000000000000000005_0,1,56.79886141652189,Madrid,315.6154617528246,314.5191452401324,315.6154617528246,4,L5,2005,"{""type"":""MultiPoint"",""coordinates"":[]}"
00000000000000000005_1,2,39.595473258970074,Madrid,319.0245796294402,317.27971579807337,319.0245796294402,4,L5,2005,"{""type"":""MultiPoint"",""coordinates"":[]}"
00000000000000000005_2,3,3.1407132760137775,Madrid,320.6396248003456,319.49761507325604,320.6396248003456,4,L5,2005,"{""type"":""MultiPoint"",""coordinates"":[]}"
00000000000000000005_3,4,0.3212663269902974,Madrid,304.181689799136,302.9235213819663,304.181689799136,4,L5,2005,"{""type"":""MultiPoint"",""coordinates"":[]}"
00000000000000000005_4,5,0.1436857215039718,Madrid,314.58560557221375,313.0821202645482,314.58560557221375,4,L5,2005,"{""type"":""MultiPoint"",""coordinates"":[]}"
00000000000000000009_0,1,54.3566898998766,Rome,316.36718460636615,313.6388254854218,316.36718460636615,7,L5,2005,"{""type"":""MultiPoint"",""coordinates"":[]}"
00000000000000000009_1,2,16.038583953500545,Rome,310.89407125019704,309.57479420159984,310.89407125019704,7,L5,2005,"{""type"":""MultiPoint"",""coordinates"":[]}"
00000000000000000009_2,3,28.98034322018839,Rome,318.7462044133895,316.0617907459327,318.7462044133895,7,L5,2005,"{""type"":""MultiPoint"",""coordinates"":[]}"
00000000000000000009_3,4,0.6015738295240711,Rome,304.770571809983,303.9866466429652,304.770571809983,7,L5,2005,"{""type"":""MultiPoint"",""coordinates"":[]}"
00000000000000000009_4,5,0.0228090969103967,Rome,303.9102842073789,303.8019241787556,303.9102842073789,7,L5,2005,"{""type"":""MultiPoint"",""coordinates"":[]}"
00000000000000000017_0,1,82.02189762758424,Casablanca,315.5293173243642,311.66005208915135,315.5293173243642,4,L5,2005,"{""type"":""MultiPoint"",""coordinates"":[]}"
00000000000000000017_1,2,2.9727953237183007,Casablanca,316.0516871415918,312.0973704318419,316.0516871415918,4,L5,2005,"{""type"":""MultiPoint"",""coordinates"":[]}"
00000000000000000017_2,3,14.088354002401038,Casablanca,319.6782773168506,315.16005329991447,319.6782773168506,4,L5,2005,"{""type"":""MultiPoint"",""coordinates"":[]}"
00000000000000000017_3,4,0.5777589285341141,Casablanca,305.33398234592556,302.49108098523374,305.33398234592556,4,L5,2005,"{""type"":""MultiPoint"",""coordinates"":[]}"
00000000000000000017_4,5,0.3391941177623143,Casablanca,304.56031801377355,301.8470651594198,304.56031801377355,4,L5,2005,"{""type"":""MultiPoint"",""coordinates"":[]}"
00000000000000000023_0,1,71.60065891123553,Budapest,308.43349618636256,304.4331378560095,308.43349618636256,9,L5,2005,"{""type"":""MultiPoint"",""coordinates"":[]}"
00000000000000000023_1,2,18.71153973856866,Budapest,304.04540898246927,300.4829803060946,304.04540898246927,9,L5,2005,"{""type"":""MultiPoint"",""coordinates"":[]}"
00000000000000000023_2,3,6.518627125347294,Budapest,307.91172355872953,302.2354326292845,307.91172355872953,9,L5,2005,"{""type"":""MultiPoint"",""coordinates"":[]}"
00000000000000000023_3,4,3.166283181261191,Budapest,299.99698687537096,296.1006442315392,299.99698687537096,9,L5,2005,"{""type"":""MultiPoint"",""coordinates"":[]}"
00000000000000000023_4,5,0.0028910435873276,Budapest,309.8113424780247,306.2134957136857,309.8113424780247,9,L5,2005,"{""type"":""MultiPoint"",""coordinates"":[]}"
0000000000000000002c_0,1,66.47056778336663,Seattle,310.1950810004752,306.09200139924866,310.1950810004752,11,L5,2005,"{""type"":""MultiPoint"",""coordinates"":[]}"
0000000000000000002c_1,2,4.385892648609369,Seattle,304.3798750393102,300.3891244255753,304.3798750393102,11,L5,2005,"{""type"":""MultiPoint"",""coordinates"":[]}"
0000000000000000002c_2,3,0.0057986334326479,Seattle,308.80293355733255,305.2309236587503,308.80293355733255,11,L5,2005,"{""type"":""MultiPoint"",""coordinates"":[]}"
0000000000000000002c_3,4,15.012015050758857,Seattle,299.2720125304694,296.74426994414955,299.2720125304694,11,L5,2005,"{""type"":""MultiPoint"",""coordinates"":[]}"
0000000000000000002c_4,5,14.125725883832487,Seattle,292.0266714990551,289.6843695629538,292.0266714990551,11,L5,2005,"{""type"":""MultiPoint"",""coordinates"":[]}"
0000000000000000002d_0,1,79.08954667562315,Vancouver,311.46252152223644,305.53182760434356,311.46252152223644,15,L5,2005,"{""type"":""MultiPoint"",""coordinates"":[]}"
0000000000000000002d_1,2,6.086818953602079,Vancouver,303.2507931489155,299.16250342379436,303.2507931489155,15,L5,2005,"{""type"":""MultiPoint"",""coordinates"":[]}"
0000000000000000002d_2,3,0.017201516337275,Vancouver,307.0543608586607,301.85779498466167,307.0543608586607,15,L5,2005,"{""type"":""MultiPoint"",""coordinates"":[]}"
0000000000000000002d_3,4,1.8243152472655575,Vancouver,302.8239877487431,299.3583635043095,302.8239877487431,15,L5,2005,"{""type"":""MultiPoint"",""coordinates"":[]}"
0000000000000000002d_4,5,12.98211760717194,Vancouver,294.43693731634704,291.64357384663487,294.43693731634704,15,L5,2005,"{""type"":""MultiPoint"",""coordinates"":[]}"
00000000000000000030_0,1,54.717833433999694,Boston,306.7416864754612,306.7190724717317,306.7416864754612,14,L5,2005,"{""type"":""MultiPoint"",""coordinates"":[]}"
00000000000000000030_1,2,5.826056128782562,Boston,305.5698313232988,305.55135749162525,305.5698313232988,14,L5,2005,"{""type"":""MultiPoint"",""coordinates"":[]}"
00000000000000000030_2,3,0.4001060729896383,Boston,303.19579864021154,303.11580094526045,303.19579864021154,14,L5,2005,"{""type"":""MultiPoint"",""coordinates"":[]}"
00000000000000000030_3,4,4.646619937358031,Boston,300.625460223067,300.56969673791,300.625460223067,14,L5,2005,"{""type"":""MultiPoint"",""coordinates"":[]}"
00000000000000000030_4,5,34.40938442687006,Boston,294.691015877678,294.3045431583307,294.691015877678,14,L5,2005,"{""type"":""MultiPoint"",""coordinates"":[]}"
00000000000000000031_0,1,74.95605191967225,Houston,317.89089122189506,313.0596198255487,317.866797216529,17,L5,2005,"{""type"":""MultiPoint"",""coordinates"":[]}"
00000000000000000031_1,2,20.329111313412454,Houston,312.19253207081414,308.4647480536967,312.1638675486459,17,L5,2005,"{""type"":""MultiPoint"",""coordinates"":[]}"
00000000000000000031_2,3,0.0954419092506735,Houston,316.5902719092782,311.3013343791503,316.5497473940768,17,L5,2005,"{""type"":""MultiPoint"",""coordinates"":[]}"
00000000000000000031_3,4,3.9790767046321376,Houston,307.7981570996216,304.77209385904763,307.7963984620401,17,L5,2005,"{""type"":""MultiPoint"",""coordinates"":[]}"
00000000000000000031_4,5,0.6403181530324806,Houston,307.7225897355107,306.3173655998431,307.7221178139472,17,L5,2005,"{""type"":""MultiPoint"",""coordinates"":[]}"
00000000000000000032_0,1,70.21867400970554,Dallas,317.9764629821668,315.20938756038737,317.97076522657323,16,L5,2005,"{""type"":""MultiPoint"",""coordinates"":[]}"
00000000000000000032_1,2,17.929314225427557,Dallas,314.9922240621194,311.428898295481,314.972773320087,16,L5,2005,"{""type"":""MultiPoint"",""coordinates"":[]}"
00000000000000000032_2,3,0.8345633579128908,Dallas,318.2601423172292,313.19699945322714,318.189132058341,16,L5,2005,"{""type"":""MultiPoint"",""coordinates"":[]}"
00000000000000000032_3,4,11.016315301181884,Dallas,307.3540686410562,305.29948952658555,307.35217413582507,16,L5,2005,"{""type"":""MultiPoint"",""coordinates"":[]}"
00000000000000000032_4,5,0.0011331057721207,Dallas,317.3361427116685,314.461488010791,317.3361427116685,16,L5,2005,"{""type"":""MultiPoint"",""coordinates"":[]}"
00000000000000000033_0,1,89.28170689898026,Atlanta,309.41013028246795,308.46296831213317,309.41013028246795,7,L5,2005,"{""type"":""MultiPoint"",""coordinates"":[]}"
00000000000000000033_1,2,10.043926686750977,Atlanta,305.8933460844813,305.1969524953309,305.8933460844813,7,L5,2005,"{""type"":""MultiPoint"",""coordinates"":[]}"
00000000000000000033_2,3,0.0811673779205681,Atlanta,308.61249191773743,307.71032359248886,308.61249191773743,7,L5,2005,"{""type"":""MultiPoint"",""coordinates"":[]}"
00000000000000000033_3,4,0.5897844723550234,Atlanta,306.0479029657911,305.5203443132787,306.0479029657911,7,L5,2005,"{""type"":""MultiPoint"",""coordinates"":[]}"
00000000000000000033_4,5,0.0034145639931766,Atlanta,308.3803974313392,307.9893188369844,308.3803974313392,7,L5,2005,"{""type"":""MultiPoint"",""coordinates"":[]}"
00000000000000000034_0,1,85.05672563593178,Philadelphia,316.48442485384646,311.1083574908026,316.48442485384646,5,L5,2005,"{""type"":""MultiPoint"",""coordinates"":[]}"
00000000000000000034_1,2,7.995698144833183,Philadelphia,311.4781976258531,306.2397820247482,311.4781976258531,5,L5,2005,"{""type"":""MultiPoint"",""coordinates"":[]}"
00000000000000000034_2,3,1.1612587660014897,Philadelphia,312.5035688237735,307.0785805869995,312.5035688237735,5,L5,2005,"{""type"":""MultiPoint"",""coordinates"":[]}"
00000000000000000034_3,4,5.777182784329986,Philadelphia,308.33295905155467,302.7099746817286,308.33295905155467,5,L5,2005,"{""type"":""MultiPoint"",""coordinates"":[]}"
00000000000000000034_4,5,0.0091346689035627,Philadelphia,313.1483303498555,308.5865860054815,313.1483303498555,5,L5,2005,"{""type"":""MultiPoint"",""coordinates"":[]}"
00000000000000000035_0,1,63.0664533832498,Phoenix,326.57709509876145,319.9471969496867,326.5702354161002,16,L5,2005,"{""type"":""MultiPoint"",""coordinates"":[]}"
00000000000000000035_1,2,33.015594249538935,Phoenix,327.6517154113077,320.62643897548077,327.64696885682065,16,L5,2005,"{""type"":""MultiPoint"",""coordinates"":[]}"
00000000000000000035_2,3,3.222938864850537,Phoenix,322.2408381141938,314.99539382346467,322.24049203101595,16,L5,2005,"{""type"":""MultiPoint"",""coordinates"":[]}"
00000000000000000035_3,4,0.1344787607005951,Phoenix,316.4233756217544,311.60842243565264,316.42278423939047,16,L5,2005,"{""type"":""MultiPoint"",""coordinates"":[]}"
00000000000000000035_4,5,0.5605347416601358,Phoenix,327.44797696323883,320.94572794272875,327.43888180721376,16,L5,2005,"{""type"":""MultiPoint"",""coordinates"":[]}"
0000000000000000004e_0,1,38.17298359231315,Gaborone,314.52753545355625,313.54690842893586,314.52753545355625,2,L5,2005,"{""type"":""MultiPoint"",""coordinates"":[]}"
0000000000000000004e_1,2,56.05806530405201,Gaborone,312.9903125187395,312.23281181887415,312.9903125187395,2,L5,2005,"{""type"":""MultiPoint"",""coordinates"":[]}"
0000000000000000004e_2,3,0.1201641571421898,Gaborone,313.32534372935584,312.9327138614293,313.32534372935584,2,L5,2005,"{""type"":""MultiPoint"",""coordinates"":[]}"
0000000000000000004e_3,4,3.49357075337433,Gaborone,301.7498917113982,301.63821751076614,301.7498917113982,2,L5,2005,"{""type"":""MultiPoint"",""coordinates"":[]}"
0000000000000000004e_4,5,2.155216193118307,Gaborone,310.0356327880197,309.3913672585507,310.0356327880197,2,L5,2005,"{""type"":""MultiPoint"",""coordinates"":[]}"
00000000000000000058_0,1,55.583369040953635,Special capital Region of Jakarta,304.1292444388157,303.440474654965,304.1292444388157,22,L5,2005,"{""type"":""MultiPoint"",""coordinates"":[]}"
00000000000000000058_1,2,4.30105724846848,Special capital Region of Jakarta,299.83385284383263,298.24892650395805,299.83385284383263,22,L5,2005,"{""type"":""MultiPoint"",""coordinates"":[]}"
00000000000000000058_2,3,1.486485356649717,Special capital Region of Jakarta,294.062435324536,293.63860569895803,294.062435324536,22,L5,2005,"{""type"":""MultiPoint"",""coordinates"":[]}"
00000000000000000058_3,4,2.999067722460115,Special capital Region of Jakarta,297.07392857927266,295.58396264653584,297.07392857927266,22,L5,2005,"{""type"":""MultiPoint"",""coordinates"":[]}"
00000000000000000058_4,5,35.63002063146805,Special capital Region of Jakarta,294.4926119275971,290.52874771980396,294.4926119275971,22,L5,2005,"{""type"":""MultiPoint"",""coordinates"":[]}"
00000000000000000000_0,1,66.74172916251449,New York,317.7170510946014,310.8653208281472,317.7170510946014,15,L5,2005,"{""type"":""MultiPoint"",""coordinates"":[]}"
00000000000000000000_1,2,7.566850081646967,New York,313.5161958680711,306.21521377132507,313.5161958680711,15,L5,2005,"{""type"":""MultiPoint"",""coordinates"":[]}"
00000000000000000000_2,3,0.5675963955544199,New York,314.8458149112838,307.1109092004019,314.8458149112838,15,L5,2005,"{""type"":""MultiPoint"",""coordinates"":[]}"
00000000000000000000_3,4,5.069584661488637,New York,309.78875478445053,302.81372092763985,309.78875478445053,15,L5,2005,"{""type"":""MultiPoint"",""coordinates"":[]}"
00000000000000000000_4,5,20.054239698795485,New York,305.7846050445917,298.3983936333683,305.7846050445917,15,L5,2005,"{""type"":""MultiPoint"",""coordinates"":[]}"
00000000000000000014_0,1,45.75900760322896,Baghdad,328.4322815119109,324.1558376608904,328.4322815119109,7,L5,2005,"{""type"":""MultiPoint"",""coordinates"":[]}"
00000000000000000014_1,2,34.1337237309743,Baghdad,328.89105307478997,323.9338875197174,328.89105307478997,7,L5,2005,"{""type"":""MultiPoint"",""coordinates"":[]}"
00000000000000000014_2,3,7.714039881407167,Baghdad,328.7102605405114,323.40300988903306,328.7102605405114,7,L5,2005,"{""type"":""MultiPoint"",""coordinates"":[]}"
00000000000000000014_3,4,2.4021658884852197,Baghdad,314.2151338446638,310.31182769183727,314.2151338446638,7,L5,2005,"{""type"":""MultiPoint"",""coordinates"":[]}"
00000000000000000014_4,5,9.991062895904369,Baghdad,331.14865260946317,326.2916614576349,331.14865260946317,7,L5,2005,"{""type"":""MultiPoint"",""coordinates"":[]}"
00000000000000000028_0,1,4.194296450056368,Baku City,313.7897508636551,313.7897508636551,313.7897508636551,1,L5,2005,"{""type"":""MultiPoint"",""coordinates"":[]}"
00000000000000000028_1,2,12.473590600394374,Baku City,318.41547107401414,318.41547107401414,318.41547107401414,1,L5,2005,"{""type"":""MultiPoint"",""coordinates"":[]}"
00000000000000000028_2,3,0.0877289577655544,Baku City,311.60201548354354,311.60201548354354,311.60201548354354,1,L5,2005,"{""type"":""MultiPoint"",""coordinates"":[]}"
00000000000000000028_3,4,81.61662597307928,Baku City,300.5775082112377,300.5775082112377,300.5775082112377,1,L5,2005,"{""type"":""MultiPoint"",""coordinates"":[]}"
00000000000000000028_4,5,1.6277580187044147,Baku City,316.53430568889326,316.53430568889326,316.53430568889326,1,L5,2005,"{""type"":""MultiPoint"",""coordinates"":[]}"
0000000000000000001a_0,1,48.38078787615407,Manila,317.5926312363722,311.95150053927614,317.5926312363722,5,L5,2005,"{""type"":""MultiPoint"",""coordinates"":[]}"
0000000000000000001a_1,2,14.562133632208942,Manila,317.16026420465477,311.58815263051554,317.16026420465477,5,L5,2005,"{""type"":""MultiPoint"",""coordinates"":[]}"
0000000000000000001a_2,3,0.0042512862502732,Manila,312.7885469746643,306.5400174605063,312.7885469746643,5,L5,2005,"{""type"":""MultiPoint"",""coordinates"":[]}"
0000000000000000001a_3,4,6.259327127529807,Manila,312.1456757620172,307.0652704189236,312.1456757620172,5,L5,2005,"{""type"":""MultiPoint"",""coordinates"":[]}"
0000000000000000001a_4,5,30.793500077856898,Manila,306.0493790859542,301.05148935907044,306.0493790859542,5,L5,2005,"{""type"":""MultiPoint"",""coordinates"":[]}"
00000000000000000003_0,1,88.10320941155915,Toronto,313.49523736147563,309.8076499190279,313.45095611846216,16,L5,2005,"{""type"":""MultiPoint"",""coordinates"":[]}"
00000000000000000003_1,2,5.081979080166812,Toronto,308.22078973597775,304.16649002924095,308.1808947257276,16,L5,2005,"{""type"":""MultiPoint"",""coordinates"":[]}"
00000000000000000003_2,3,1.7900394509626754,Toronto,311.00643891573947,306.3083083330264,310.9420006345266,16,L5,2005,"{""type"":""MultiPoint"",""coordinates"":[]}"
00000000000000000003_3,4,5.0219434349348075,Toronto,300.56997060393337,296.2554411279173,300.4878104419839,16,L5,2005,"{""type"":""MultiPoint"",""coordinates"":[]}"
00000000000000000003_4,5,0.0028286223765603,Toronto,307.94302969172566,304.8088148505588,307.92269454954544,16,L5,2005,"{""type"":""MultiPoint"",""coordinates"":[]}"
0000000000000000002b_0,1,53.22231249757908,San Francisco,313.612254780354,309.71379078619987,313.612254780354,17,L5,2005,"{""type"":""MultiPoint"",""coordinates"":[]}"
0000000000000000002b_1,2,3.193927931118267,San Francisco,307.6950081914139,304.75250586477074,307.6950081914139,17,L5,2005,"{""type"":""MultiPoint"",""coordinates"":[]}"
0000000000000000002b_2,3,0.1563038963419727,San Francisco,305.1345143764614,302.3624281533602,305.1345143764614,17,L5,2005,"{""type"":""MultiPoint"",""coordinates"":[]}"
0000000000000000002b_3,4,3.1415070384427946,San Francisco,302.3556571493811,300.4144739977488,302.3556571493811,17,L5,2005,"{""type"":""MultiPoint"",""coordinates"":[]}"
0000000000000000002b_4,5,40.28594863651789,San Francisco,292.32152618670534,290.95073770291754,292.32152618670534,17,L5,2005,"{""type"":""MultiPoint"",""coordinates"":[]}"
00000000000000000054_0,1,75.61132431948172,City of Georgetown,310.9134642634159,308.2751815295164,310.9134642634159,4,L5,2005,"{""type"":""MultiPoint"",""coordinates"":[]}"
00000000000000000054_1,2,19.37376464485093,City of Georgetown,307.908890024592,305.73838374440516,307.908890024592,4,L5,2005,"{""type"":""MultiPoint"",""coordinates"":[]}"
00000000000000000054_2,3,4.770227460133265,City of Georgetown,307.9082203416697,305.7356238920625,307.9082203416697,4,L5,2005,"{""type"":""MultiPoint"",""coordinates"":[]}"
00000000000000000054_3,4,0.103931654078982,City of Georgetown,307.26596197102873,304.4565060232507,307.26596197102873,4,L5,2005,"{""type"":""MultiPoint"",""coordinates"":[]}"
00000000000000000054_4,5,0.1407519214550994,City of Georgetown,307.74152044031257,305.00005975043535,307.74152044031257,4,L5,2005,"{""type"":""MultiPoint"",""coordinates"":[]}"
00000000000000000059_0,1,78.39813070620482,Bandung City,309.55445607794564,303.15143114612385,309.55445607794564,8,L5,2005,"{""type"":""MultiPoint"",""coordinates"":[]}"
00000000000000000059_1,2,10.988129965241358,Bandung City,306.84815870737947,300.94006095506245,306.84815870737947,8,L5,2005,"{""type"":""MultiPoint"",""coordinates"":[]}"
00000000000000000059_2,3,10.380512852508994,Bandung City,301.1547112948215,297.476719970942,301.1547112948215,8,L5,2005,"{""type"":""MultiPoint"",""coordinates"":[]}"
00000000000000000059_3,4,0.2273849849980929,Bandung City,303.8116771339163,300.6050884884724,303.8116771339163,8,L5,2005,"{""type"":""MultiPoint"",""coordinates"":[]}"
00000000000000000059_4,5,0.0058414910467331,Bandung City,304.9220892955559,300.5269365091668,304.9220892955559,8,L5,2005,"{""type"":""MultiPoint"",""coordinates"":[]}"
0000000000000000005b_0,1,74.10906573645234,City of Medan,308.9769257005751,305.6605612962904,308.9769257005751,12,L5,2005,"{""type"":""MultiPoint"",""coordinates"":[]}"
0000000000000000005b_1,2,18.485123366863274,City of Medan,305.1943243529989,300.0983447687697,305.1943243529989,12,L5,2005,"{""type"":""MultiPoint"",""coordinates"":[]}"
0000000000000000005b_2,3,1.793996423223192,City of Medan,306.82434973102056,304.10677151385704,306.82434973102056,12,L5,2005,"{""type"":""MultiPoint"",""coordinates"":[]}"
0000000000000000005b_3,4,5.4848251479950445,City of Medan,304.5611332681069,297.97354252273163,304.5611332681069,12,L5,2005,"{""type"":""MultiPoint"",""coordinates"":[]}"
0000000000000000005b_4,5,0.1269893254661588,City of Medan,304.2478027874541,296.9568500903401,304.2478027874541,12,L5,2005,"{""type"":""MultiPoint"",""coordinates"":[]}"
0000000000000000001b_0,1,96.5198852686426,Kathmandu Metropolitan City,302.30063502583886,302.30063502583886,302.30063502583886,2,L5,2005,"{""type"":""MultiPoint"",""coordinates"":[]}"
0000000000000000001b_1,2,2.64673554241627,Kathmandu Metropolitan City,301.04251594708614,301.04251594708614,301.04251594708614,2,L5,2005,"{""type"":""MultiPoint"",""coordinates"":[]}"
0000000000000000001b_2,3,0.7999745799072717,Kathmandu Metropolitan City,301.8258931866796,301.8258931866796,301.8258931866796,2,L5,2005,"{""type"":""MultiPoint"",""coordinates"":[]}"
0000000000000000001b_3,4,0.0334046090338346,Kathmandu Metropolitan City,303.1626576297478,303.1626576297478,303.1626576297478,2,L5,2005,"{""type"":""MultiPoint"",""coordinates"":[]}"
0000000000000000002e_0,1,94.3845422320864,Lisbon,311.1171685469614,309.108391615015,311.1171685469614,3,L5,2005,"{""type"":""MultiPoint"",""coordinates"":[]}"
0000000000000000002e_1,2,3.732830280799809,Lisbon,309.16910844053336,306.85530384964636,309.16910844053336,3,L5,2005,"{""type"":""MultiPoint"",""coordinates"":[]}"
0000000000000000002e_2,3,0.5524264505307588,Lisbon,316.1641349399767,313.8158673597978,316.1641349399767,3,L5,2005,"{""type"":""MultiPoint"",""coordinates"":[]}"
0000000000000000002e_3,4,0.6122718311726848,Lisbon,303.67026928450855,302.6982105131478,303.67026928450855,3,L5,2005,"{""type"":""MultiPoint"",""coordinates"":[]}"
0000000000000000002e_4,5,0.7179292054103696,Lisbon,302.01117719233866,301.0522409585235,302.01117719233866,3,L5,2005,"{""type"":""MultiPoint"",""coordinates"":[]}"
0000000000000000003f_0,1,87.81007144609718,Brussels,315.99273184592704,306.63436892908476,315.99273184592704,12,L5,2005,"{""type"":""MultiPoint"",""coordinates"":[]}"
0000000000000000003f_1,2,8.371136143832606,Brussels,315.8281774892046,306.57779774120394,315.8281774892046,12,L5,2005,"{""type"":""MultiPoint"",""coordinates"":[]}"
0000000000000000003f_2,3,0.2021728315884117,Brussels,316.61058580351585,305.55997561757334,316.61058580351585,12,L5,2005,"{""type"":""MultiPoint"",""coordinates"":[]}"
0000000000000000003f_3,4,3.5388545680937793,Brussels,313.7286674777113,305.15612110651983,313.7286674777113,12,L5,2005,"{""type"":""MultiPoint"",""coordinates"":[]}"
0000000000000000003f_4,5,0.0777650103880125,Brussels,318.66785324764385,308.32457079405,318.66785324764385,12,L5,2005,"{""type"":""MultiPoint"",""coordinates"":[]}"
00000000000000000050_0,1,53.253484067494526,Adelaide,309.8247142677756,305.84028291498925,309.82416570583575,21,L5,2005,"{""type"":""MultiPoint"",""coordinates"":[]}"
00000000000000000050_1,2,32.35925019524801,Adelaide,308.3981156994545,304.0679867952884,308.3948230725697,21,L5,2005,"{""type"":""MultiPoint"",""coordinates"":[]}"
00000000000000000050_2,3,9.758924536593064,Adelaide,313.19788821435685,308.62333521396664,313.1948758223817,21,L5,2005,"{""type"":""MultiPoint"",""coordinates"":[]}"
00000000000000000050_3,4,2.9484908924210624,Adelaide,299.67484339242276,296.6634708832398,299.6712224734947,21,L5,2005,"{""type"":""MultiPoint"",""coordinates"":[]}"
00000000000000000050_4,5,1.6798503082433351,Adelaide,299.8086029445883,296.26264350832474,299.7519162545626,21,L5,2005,"{""type"":""MultiPoint"",""coordinates"":[]}"
00000000000000000051_0,1,32.29923847986855,Melbourne,318.87298259947625,306.90210917767854,318.7520718230253,40,L5,2005,"{""type"":""MultiPoint"",""coordinates"":[]}"
00000000000000000051_1,2,64.09020578485664,Melbourne,309.88827671731383,300.0980638628491,309.8423753925465,40,L5,2005,"{""type"":""MultiPoint"",""coordinates"":[]}"
00000000000000000051_2,3,2.5791051857393836,Melbourne,320.2622289951302,307.9879126064314,320.068058474793,40,L5,2005,"{""type"":""MultiPoint"",""coordinates"":[]}"
00000000000000000051_3,4,1.0005621110077003,Melbourne,306.4481792162523,298.2595441378675,306.16244906816337,40,L5,2005,"{""type"":""MultiPoint"",""coordinates"":[]}"
00000000000000000051_4,5,0.030888438527717,Melbourne,307.0087858452638,299.02901227891664,306.7781319925765,40,L5,2005,"{""type"":""MultiPoint"",""coordinates"":[]}"
