system:index,baseline_year,city,delta_LST,delta_max_LST,delta_top10_LST,final_year,max_LST_2000,max_LST_2020,mean_LST_2000,mean_LST_2020,n_images_2000,n_images_2020,n_pixels,sensor_2000,sensor_2020,top10_LST_2000,top10_LST_2020,transition,transition_area_pct,transition_code,.geo,error
00000000000000000060_0,2000.0,Athens,-2.649496511849236,-2.8380696066066093,-3.3982926251778736,2020.0,315.1446182852468,312.3065486786402,310.00160088047176,307.3521043686225,14.0,17.0,61.0,L5,L8,315.1446182852468,311.7463256600689,veg→imp,0.1099990983680461,201.0,"{""type"":""MultiPoint"",""coordinates"":[]}",
00000000000000000060_1,2000.0,Athens,-1.7765588888259458,-2.999959353571967,-3.3204003031708567,2020.0,316.92432738072205,313.9243680271501,311.9405556297898,310.16399674096385,14.0,17.0,55242.0,L5,L8,316.9196401752028,313.59923987203194,imp→imp,99.61590478766568,101.0,"{""type"":""MultiPoint"",""coordinates"":[]}",
00000000000000000060_2,2000.0,Athens,-2.126160934716154,-2.7205066524173276,-3.447350674037807,2020.0,315.2825509314856,312.5620442790683,309.9449890094065,307.8188280746904,14.0,17.0,146.0,L5,L8,315.2825509314856,311.8352002574478,veg→veg,0.2632765305202416,202.0,"{""type"":""MultiPoint"",""coordinates"":[]}",
00000000000000000060_3,2000.0,Athens,-4.235906257598572,-6.048296489880329,-6.049424949399452,2020.0,322.55976676782024,316.5114702779399,317.60500094568675,313.3690946880882,14.0,17.0,6.0,L5,L8,322.55976676782024,316.5103418184208,crop→crop,0.0108195834460373,303.0,"{""type"":""MultiPoint"",""coordinates"":[]}",
00000000000000000008_0,2000.0,Berlin,-3.4404387629230655,-2.426121389069408,-2.431566538618654,2020.0,305.59308327251244,303.16696188344304,300.8032820005735,297.36284323765045,12.0,27.0,80025.0,L5,L8,305.59308327251244,303.1615167338938,veg→imp,4.9297939435456195,201.0,"{""type"":""MultiPoint"",""coordinates"":[]}",
00000000000000000008_1,2000.0,Berlin,-2.410418882704448,-2.007326222409461,-2.010782664403962,2020.0,311.3825449547349,309.37521873232544,304.04109412396025,301.6306752412558,12.0,27.0,1379.0,L5,L8,311.3825449547349,309.37176229033093,veg→crop,0.0849507759843725,203.0,"{""type"":""MultiPoint"",""coordinates"":[]}",
00000000000000000008_2,2000.0,Berlin,-2.2504085352279617,-0.8751171737661139,-0.8813500803760803,2020.0,300.70011853395766,299.82500136019155,297.0692042595052,294.81879572427727,12.0,27.0,666.0,L5,L8,300.70011853395766,299.8187684535816,veg→wat,0.0410277134195736,204.0,"{""type"":""MultiPoint"",""coordinates"":[]}",
00000000000000000008_3,2000.0,Berlin,-2.8515297930944143,-0.8885367504371402,-0.8893473134820056,2020.0,299.3606182862863,298.47208153584916,297.2338603558173,294.38233056272287,12.0,27.0,9.0,L5,L8,299.3606182862863,298.4712709728043,veg→bare,0.0005544285597239685,205.0,"{""type"":""MultiPoint"",""coordinates"":[]}",
00000000000000000008_4,2000.0,Berlin,0.0798878688483455,1.0519334056524483,1.0399075084608285,2020.0,308.7130176637802,309.76495106943264,302.295674001534,302.37556187038234,12.0,27.0,3414.0,L5,L8,308.7130176637802,309.752925172241,crop→imp,0.210313233655292,301.0,"{""type"":""MultiPoint"",""coordinates"":[]}",
00000000000000000008_5,2000.0,Berlin,-0.393314843090593,0.9309703137280394,0.9198273385086396,2020.0,308.8256223250354,309.75659263876344,302.522955179391,302.1296403363004,12.0,27.0,8885.0,L5,L8,308.8256223250354,309.74544966354404,crop→veg,0.5473441947941623,302.0,"{""type"":""MultiPoint"",""coordinates"":[]}",
00000000000000000008_6,2000.0,Berlin,-3.5204440172534532,-1.2115313178028373,-1.2115313178028373,2020.0,308.9637813717993,307.7522500539965,304.6909420502558,301.17049803300233,12.0,27.0,4.0,L5,L8,308.9637813717993,307.7522500539965,crop→wat,0.00024641269321065267,304.0,"{""type"":""MultiPoint"",""coordinates"":[]}",
00000000000000000008_7,2000.0,Berlin,-2.8837700361308407,-1.8820466907500872,-1.8929473803303267,2020.0,303.72865460412476,301.84660791337467,300.2796514740193,297.3958814378885,12.0,27.0,15571.0,L5,L8,303.72865460412476,301.83570722379443,wat→imp,0.9592230114957684,401.0,"{""type"":""MultiPoint"",""coordinates"":[]}",
00000000000000000008_8,2000.0,Berlin,-3.3880516701779015,-1.204461335933388,-1.2056988857885926,2020.0,300.2787134248507,299.0742520889173,297.3931008319197,294.0050491617418,12.0,27.0,750.0,L5,L8,300.2787134248507,299.0730145390621,wat→veg,0.0462023799769973,402.0,"{""type"":""MultiPoint"",""coordinates"":[]}",
00000000000000000008_9,2000.0,Berlin,-7.604428115142923,-8.231119956066095,-8.231119956066095,2020.0,306.1826530617285,297.9515331056624,301.93642747263084,294.3319993574879,12.0,27.0,4.0,L5,L8,306.1826530617285,297.9515331056624,wat→crop,0.00024641269321065267,403.0,"{""type"":""MultiPoint"",""coordinates"":[]}",
00000000000000000008_10,2000.0,Berlin,-3.385975876854104,-5.709808581405468,-5.709808581405468,2020.0,299.60638550095257,293.8965769195471,296.30735342709386,292.92137755023975,12.0,27.0,10.0,L5,L8,299.60638550095257,293.8965769195471,wat→bare,0.0006160317330266316,405.0,"{""type"":""MultiPoint"",""coordinates"":[]}",
00000000000000000008_11,2000.0,Berlin,-1.3722253509995426,0.4467702185301618,0.4465955364870524,2020.0,308.3533807791399,308.8001509976701,304.35046700551163,302.9782416545121,12.0,27.0,54.0,L5,L8,308.3533807791399,308.79997631562696,bare→imp,0.0033265713583438,501.0,"{""type"":""MultiPoint"",""coordinates"":[]}",
00000000000000000008_12,2000.0,Berlin,-6.91955691830816,1.1182208021685938,1.1182208021685938,2020.0,297.34273147277815,298.46095227494675,295.75057212730457,288.8310152089964,12.0,27.0,1.0,L5,L8,297.34273147277815,298.46095227494675,bare→veg,6.160317330266317e-05,502.0,"{""type"":""MultiPoint"",""coordinates"":[]}",
00000000000000000008_13,2000.0,Berlin,-0.3494555190881101,0.461984120516604,0.461357566796039,2020.0,299.5597126535102,300.0216967740268,296.96861154392377,296.61915602483566,12.0,27.0,46.0,L5,L8,299.5597126535102,300.0210702203062,bare→wat,0.0028337459719225,504.0,"{""type"":""MultiPoint"",""coordinates"":[]}",
00000000000000000008_14,2000.0,Berlin,-2.826398266569811,-2.2118364883577897,-2.21862664385435,2020.0,308.72070362790794,306.50886713955015,303.43975099679784,300.61335273022803,12.0,27.0,1145403.0,L5,L8,308.72070362790794,306.5020769840536,imp→imp,70.56045951039029,101.0,"{""type"":""MultiPoint"",""coordinates"":[]}",
00000000000000000008_15,2000.0,Berlin,-4.131684626952392,-2.5792727316272703,-2.5855677980540577,2020.0,303.6471889804186,301.06791624879133,298.80769147306046,294.67600684610807,12.0,27.0,264481.0,L5,L8,303.6471889804186,301.06162118236455,veg→veg,16.292868878261658,202.0,"{""type"":""MultiPoint"",""coordinates"":[]}",
00000000000000000008_16,2000.0,Berlin,1.6858502114404246,4.19450388835395,4.170013024235516,2020.0,307.8454468404107,312.03995072876467,300.84969468232333,302.53554489376376,12.0,27.0,24877.0,L5,L8,307.8454468404107,312.01545986464623,crop→crop,1.5325021422503515,303.0,"{""type"":""MultiPoint"",""coordinates"":[]}",
00000000000000000008_17,2000.0,Berlin,-3.346401470307285,-0.5496101052286804,-0.5561858412970082,2020.0,297.0173490501556,296.4677389449269,295.2242888013725,291.8778873310652,12.0,27.0,77714.0,L5,L8,297.0173490501556,296.4611632088586,wat→wat,4.787429010043166,404.0,"{""type"":""MultiPoint"",""coordinates"":[]}",
00000000000000000022_0,2000.0,Prague,-2.041589683616735,-0.8794390621255843,-0.8794390621255843,2020.0,307.7497995905827,306.8703605284571,304.1105188333012,302.0689291496845,4.0,11.0,345.0,L5,L8,307.7497995905827,306.8703605284571,imp→veg,0.0401333123942138,102.0,"{""type"":""MultiPoint"",""coordinates"":[]}",
00000000000000000022_1,2000.0,Prague,-3.800407154131449,-2.4130067205257433,-2.4130067205257433,2020.0,310.52809700210986,308.1150902815841,305.80583220311365,302.0054250489822,4.0,11.0,56.0,L5,L8,310.52809700210986,308.1150902815841,imp→crop,0.006514392736452,103.0,"{""type"":""MultiPoint"",""coordinates"":[]}",
00000000000000000022_2,2000.0,Prague,-4.929180958146787,0.3791708021300337,0.3791708021300337,2020.0,309.516015415428,309.89518621755803,307.9085637231457,302.9793827649989,4.0,11.0,2.0,L5,L8,309.516015415428,309.89518621755803,imp→wat,0.0002326568834447178,104.0,"{""type"":""MultiPoint"",""coordinates"":[]}",
00000000000000000022_3,2000.0,Prague,-1.9114254149183123,-1.211788459161994,-1.211788459161994,2020.0,306.9676888869251,305.7559004277631,302.98692539313134,301.07549997821303,4.0,11.0,15804.0,L5,L8,306.9676888869251,305.7559004277631,veg→imp,1.83845469298016,201.0,"{""type"":""MultiPoint"",""coordinates"":[]}",
00000000000000000022_4,2000.0,Prague,-3.058107567804086,-0.7863008379510461,-0.7863008379510461,2020.0,308.52995863244615,307.7436577944951,304.26665414893154,301.20854658112745,4.0,11.0,4067.0,L5,L8,308.52995863244615,307.7436577944951,veg→crop,0.4731077724848337,203.0,"{""type"":""MultiPoint"",""coordinates"":[]}",
00000000000000000022_5,2000.0,Prague,-1.117763642803311,-1.3288278013135368,-1.3288278013135368,2020.0,302.9594731138573,301.6306453125438,299.2281014469351,298.1103378041318,4.0,11.0,341.0,L5,L8,302.9594731138573,301.6306453125438,veg→wat,0.0396679986273243,204.0,"{""type"":""MultiPoint"",""coordinates"":[]}",
00000000000000000022_6,2000.0,Prague,-1.1475869337032236,-0.4267378024960635,-0.4267378024960635,2020.0,305.92510119012957,305.4983633876335,303.08221221721703,301.9346252835138,4.0,11.0,7.0,L5,L8,305.92510119012957,305.4983633876335,veg→bare,0.0008142990920565124,205.0,"{""type"":""MultiPoint"",""coordinates"":[]}",
00000000000000000022_7,2000.0,Prague,-2.1465632708818134,-3.0317740062619123,-3.0317740062619123,2020.0,311.54835142413486,308.51657741787295,304.7990537614962,302.6524904906144,4.0,11.0,16522.0,L5,L8,311.54835142413486,308.51657741787295,crop→imp,1.921978514136814,301.0,"{""type"":""MultiPoint"",""coordinates"":[]}",
00000000000000000022_8,2000.0,Prague,-3.092919707423846,-3.0628653653585047,-3.0628653653585047,2020.0,309.96429177151396,306.90142640615545,304.16491018079563,301.0719904733718,4.0,11.0,15093.0,L5,L8,309.96429177151396,306.90142640615545,crop→veg,1.755745170915563,302.0,"{""type"":""MultiPoint"",""coordinates"":[]}",
00000000000000000022_9,2000.0,Prague,-1.7358052031748343,-2.2022093766974535,-2.2022093766974535,2020.0,306.136862600388,303.93465322369053,301.6828791176653,299.9470739144905,4.0,11.0,144.0,L5,L8,306.136862600388,303.93465322369053,crop→wat,0.0167512956080196,304.0,"{""type"":""MultiPoint"",""coordinates"":[]}",
00000000000000000022_10,2000.0,Prague,-0.846412542100893,-0.3463821745024802,-0.3463821745024802,2020.0,311.4450095328311,311.0986273583286,308.4448279288663,307.5984153867654,4.0,11.0,27.0,L5,L8,311.4450095328311,311.0986273583286,crop→bare,0.0031408679265036,305.0,"{""type"":""MultiPoint"",""coordinates"":[]}",
00000000000000000022_11,2000.0,Prague,-0.3467629817115494,-0.1354648852331479,-0.1354648852331479,2020.0,303.20511752981076,303.0696526445776,300.0287524270035,299.68198944529195,4.0,11.0,4016.0,L5,L8,303.20511752981076,303.0696526445776,wat→imp,0.4671750219569934,401.0,"{""type"":""MultiPoint"",""coordinates"":[]}",
00000000000000000022_12,2000.0,Prague,-1.094307400716275,-0.6310455535844426,-0.6310455535844426,2020.0,303.37917764010183,302.7481320865174,299.88530056584335,298.7909931651271,4.0,11.0,234.0,L5,L8,303.37917764010183,302.7481320865174,wat→veg,0.0272208553630319,402.0,"{""type"":""MultiPoint"",""coordinates"":[]}",
00000000000000000022_13,2000.0,Prague,-1.3855427113151109,-1.1114441917966928,-1.1114441917966928,2020.0,304.461384040485,303.3499398486883,300.45278802414197,299.06724531282686,4.0,11.0,115.0,L5,L8,304.461384040485,303.3499398486883,wat→crop,0.0133777707980712,403.0,"{""type"":""MultiPoint"",""coordinates"":[]}",
00000000000000000022_14,2000.0,Prague,-0.5211592139482946,1.4056928860487687,1.4056928860487687,2020.0,303.0970814175777,304.5027743036265,300.70443831986074,300.18327910591245,4.0,11.0,16.0,L5,L8,303.0970814175777,304.5027743036265,wat→bare,0.0018612550675577,405.0,"{""type"":""MultiPoint"",""coordinates"":[]}",
00000000000000000022_15,2000.0,Prague,0.2715515756124773,0.0875065003199893,0.0875065003199893,2020.0,302.6354396357681,302.72294613608807,299.4016179041602,299.6731694797727,4.0,11.0,27.0,L5,L8,302.6354396357681,302.72294613608807,bare→imp,0.0031408679265036,501.0,"{""type"":""MultiPoint"",""coordinates"":[]}",
00000000000000000022_16,2000.0,Prague,-1.9824585295005477,-1.4952123913928972,-1.4952123913928972,2020.0,313.2732669230876,311.7780545316947,310.6563376627944,308.67387913329384,4.0,11.0,2.0,L5,L8,313.2732669230876,311.7780545316947,bare→veg,0.0002326568834447178,502.0,"{""type"":""MultiPoint"",""coordinates"":[]}",
00000000000000000022_17,2000.0,Prague,-0.8400782457583773,-1.7555934153052704,-1.7555934153052704,2020.0,299.464227444735,297.70863402942973,296.2544084172392,295.4143301714808,4.0,11.0,61.0,L5,L8,299.464227444735,297.70863402942973,bare→wat,0.0070960349450638,504.0,"{""type"":""MultiPoint"",""coordinates"":[]}",
00000000000000000022_18,2000.0,Prague,-1.7516800663673848,-0.4691058219768251,-0.4691058219768251,2020.0,309.10135890613,308.63225308415315,305.1898418955545,303.4381618291871,4.0,11.0,519637.0,L5,L8,309.10135890613,308.63225308415315,imp→imp,60.44856247128142,101.0,"{""type"":""MultiPoint"",""coordinates"":[]}",
00000000000000000022_19,2000.0,Prague,-2.562205747441851,-2.342999472313352,-2.342999472313352,2020.0,305.469841809212,303.1268423368987,301.3554290427488,298.793223295307,4.0,11.0,117948.0,L5,L8,305.469841809212,303.1268423368987,veg→veg,13.720707044268789,202.0,"{""type"":""MultiPoint"",""coordinates"":[]}",
00000000000000000022_20,2000.0,Prague,-3.7899325711670144,-3.313280953748688,-3.313280953748688,2020.0,311.621946062965,308.3086651092163,304.5949202904301,300.80498771926307,4.0,11.0,156189.0,L5,L8,311.621946062965,308.3086651092163,crop→crop,18.169222984173516,303.0,"{""type"":""MultiPoint"",""coordinates"":[]}",
00000000000000000022_21,2000.0,Prague,-0.969079566276548,-1.2418312112475292,-1.2418312112475292,2020.0,300.7590418503967,299.5172106391492,297.6026601212306,296.63358055495405,4.0,11.0,8980.0,L5,L8,300.7590418503967,299.5172106391492,wat→wat,1.044629406666783,404.0,"{""type"":""MultiPoint"",""coordinates"":[]}",
00000000000000000022_22,2000.0,Prague,-1.8099462202437735,-0.9713891862861032,-0.9713891862861032,2020.0,312.8793871599432,311.9079979736571,310.41526491015964,308.60531868991586,4.0,11.0,2.0,L5,L8,312.8793871599432,311.9079979736571,bare→bare,0.0002326568834447178,505.0,"{""type"":""MultiPoint"",""coordinates"":[]}",
0000000000000000000f_0,2000.0,Seoul,0.0059804306757769,-1.5567556443934905,-1.5567556443934905,2020.0,307.8783036423193,306.3215479979258,306.11635427525636,306.12233470593213,6.0,6.0,87255.0,L5,L8,307.8783036423193,306.3215479979258,veg→imp,10.258378763492376,201.0,"{""type"":""MultiPoint"",""coordinates"":[]}",
0000000000000000000f_1,2000.0,Seoul,2.871025167262814,1.1270733063747116,1.1270733063747116,2020.0,307.66541219083877,308.7924854972135,305.52018918268425,308.39121434994706,6.0,6.0,215.0,L5,L8,307.66541219083877,308.7924854972135,veg→crop,0.025277077922765,203.0,"{""type"":""MultiPoint"",""coordinates"":[]}",
0000000000000000000f_2,2000.0,Seoul,0.0913894720267194,-2.200014479416552,-2.200014479416552,2020.0,305.099875399381,302.89986091996445,302.7072854907663,302.79867496279303,6.0,6.0,230.0,L5,L8,305.099875399381,302.89986091996445,veg→wat,0.0270405949871439,204.0,"{""type"":""MultiPoint"",""coordinates"":[]}",
0000000000000000000f_3,2000.0,Seoul,-0.8224100363907496,-2.722212543293381,-2.722212543293381,2020.0,304.92049989065936,302.198287347366,303.0206973837567,302.198287347366,6.0,6.0,2.0,L5,L8,304.92049989065936,302.198287347366,veg→bare,0.00023513560858386053,205.0,"{""type"":""MultiPoint"",""coordinates"":[]}",
0000000000000000000f_4,2000.0,Seoul,4.4535961659813665,3.301970773653182,3.301970773653182,2020.0,302.9989677791261,306.30093855277926,301.6854593422278,306.13905550820914,6.0,6.0,4277.0,L5,L8,302.9989677791261,306.30093855277926,crop→imp,0.5028374989565858,301.0,"{""type"":""MultiPoint"",""coordinates"":[]}",
0000000000000000000f_5,2000.0,Seoul,0.4760135628416719,-0.8734599185769412,-0.8734599185769412,2020.0,306.2600581653723,305.38659824679536,304.37741549323067,304.85342905607234,6.0,6.0,834.0,L5,L8,306.2600581653723,305.38659824679536,crop→veg,0.0980515487794698,302.0,"{""type"":""MultiPoint"",""coordinates"":[]}",
0000000000000000000f_6,2000.0,Seoul,0.0328204747245308,-1.4423615663749274,-1.4423615663749274,2020.0,305.93149873955423,304.4891371731793,304.45631669845477,304.4891371731793,6.0,6.0,31.0,L5,L8,305.93149873955423,304.4891371731793,crop→wat,0.0036446019330498,304.0,"{""type"":""MultiPoint"",""coordinates"":[]}",
0000000000000000000f_7,2000.0,Seoul,-2.6563180627572365,-4.39017287754416,-4.39017287754416,2020.0,306.42435486800696,302.0341819904628,304.69050005322003,302.0341819904628,6.0,6.0,2.0,L5,L8,306.42435486800696,302.0341819904628,crop→bare,0.00023513560858386053,305.0,"{""type"":""MultiPoint"",""coordinates"":[]}",
0000000000000000000f_8,2000.0,Seoul,0.4056211111785046,-1.1905185158918812,-1.1905185158918812,2020.0,306.2688222044841,305.0783036885922,304.5445116832592,304.9501327944377,6.0,6.0,13967.0,L5,L8,306.2688222044841,305.0783036885922,wat→imp,1.64206952254539,401.0,"{""type"":""MultiPoint"",""coordinates"":[]}",
0000000000000000000f_9,2000.0,Seoul,0.5522688386709547,-0.0854233010042548,-0.0854233010042548,2020.0,302.80272675472696,302.7173034537227,301.4673239609514,302.01959279962233,6.0,6.0,115.0,L5,L8,302.80272675472696,302.7173034537227,wat→veg,0.0135202974935719,402.0,"{""type"":""MultiPoint"",""coordinates"":[]}",
0000000000000000000f_10,2000.0,Seoul,0.2734003722687248,-0.7465348112741026,-0.7465348112741026,2020.0,303.3199250054438,302.5733901941697,301.4862280004897,301.7596283727584,6.0,6.0,6.0,L5,L8,303.3199250054438,302.5733901941697,wat→bare,0.0007054068257515816,405.0,"{""type"":""MultiPoint"",""coordinates"":[]}",
0000000000000000000f_11,2000.0,Seoul,0.1707279177334726,-0.8448355990348091,-0.8448355990348091,2020.0,305.4716933626671,304.6268577636323,304.45612984589883,304.6268577636323,6.0,6.0,70.0,L5,L8,305.4716933626671,304.6268577636323,bare→imp,0.0082297463004351,501.0,"{""type"":""MultiPoint"",""coordinates"":[]}",
0000000000000000000f_12,2000.0,Seoul,-0.4621771206224139,-1.765264530247407,-1.765264530247407,2020.0,304.8278363199429,303.0625717896955,303.5247489103179,303.0625717896955,6.0,6.0,6.0,L5,L8,304.8278363199429,303.0625717896955,bare→wat,0.0007054068257515816,504.0,"{""type"":""MultiPoint"",""coordinates"":[]}",
0000000000000000000f_13,2000.0,Seoul,0.6594859537014486,-1.1424384715110705,-1.1424384715110705,2020.0,308.85747387914387,307.7150354076328,306.7951394427984,307.45462539649986,6.0,6.0,596303.0,L5,L8,308.85747387914387,307.7150354076328,imp→imp,70.10603440269088,101.0,"{""type"":""MultiPoint"",""coordinates"":[]}",
0000000000000000000f_14,2000.0,Seoul,-0.2405390009529924,-1.267361431327231,-1.267361431327231,2020.0,302.64546531917057,301.37810388784334,301.2055590395646,300.9650200386116,6.0,6.0,110135.0,L5,L8,302.64546531917057,301.37810388784334,veg→veg,12.94833012569174,202.0,"{""type"":""MultiPoint"",""coordinates"":[]}",
0000000000000000000f_15,2000.0,Seoul,3.207744236054566,1.9209844493888113,1.9209844493888113,2020.0,302.43266633711596,304.3536507865048,301.01404132323137,304.22178555928593,6.0,6.0,2336.0,L5,L8,302.43266633711596,304.3536507865048,crop→crop,0.2746383908259491,303.0,"{""type"":""MultiPoint"",""coordinates"":[]}",
0000000000000000000f_16,2000.0,Seoul,1.3662528591624437,-0.0479845475909996,-0.0479845475909996,2020.0,300.4538109829265,300.4058264353355,298.8173980810939,300.18365094025637,6.0,6.0,34786.0,L5,L8,300.4538109829265,300.4058264353355,wat→wat,4.089713640099086,404.0,"{""type"":""MultiPoint"",""coordinates"":[]}",
0000000000000000000f_17,2000.0,Seoul,2.1872877451722843,0.9036252134491178,0.9036252134491178,2020.0,302.4020279455893,303.3056531590384,301.1183654138661,303.3056531590384,6.0,6.0,3.0,L5,L8,302.4020279455893,303.3056531590384,bare→bare,0.0003527034128757908,505.0,"{""type"":""MultiPoint"",""coordinates"":[]}",
00000000000000000010_0,,Delhi,,,,,,,,,,,,,,,,NO_DATA,,,"{""type"":""MultiPoint"",""coordinates"":[]}",Insufficient LST imagery
00000000000000000019_0,2000.0,Bangkok,2.1042029706867424,6.229568224415573,6.229568224415573,2020.0,297.0244146243566,303.2539828487722,297.0244146243566,299.12861759504335,8.0,12.0,97653.0,L5,L8,297.0244146243566,303.2539828487722,veg→imp,5.399226383464334,201.0,"{""type"":""MultiPoint"",""coordinates"":[]}",
00000000000000000019_1,2000.0,Bangkok,-2.664953961402489,0.1539838937104605,0.1539838937104605,2020.0,298.764171562695,298.9181554564055,298.764171562695,296.09921760129254,8.0,12.0,21243.0,L5,L8,298.764171562695,298.9181554564055,veg→crop,1.1745237326444946,203.0,"{""type"":""MultiPoint"",""coordinates"":[]}",
00000000000000000019_2,2000.0,Bangkok,-0.2250761263281901,3.611309518171822,3.611309518171822,2020.0,297.0707243706822,300.68203388885405,297.0707243706822,296.84564824435404,8.0,12.0,6813.0,L5,L8,297.0707243706822,300.68203388885405,veg→wat,0.3766902127998372,204.0,"{""type"":""MultiPoint"",""coordinates"":[]}",
00000000000000000019_3,2000.0,Bangkok,-3.4959530480430203,1.447142895876084,1.447142895876084,2020.0,300.48435014879766,301.93149304467374,300.48435014879766,296.98839710075464,8.0,12.0,61.0,L5,L8,300.48435014879766,301.93149304467374,veg→bare,0.0033726850111243,205.0,"{""type"":""MultiPoint"",""coordinates"":[]}",
00000000000000000019_4,2000.0,Bangkok,-1.474096966168986,1.3405452197526415,1.3405452197526415,2020.0,298.87864412001096,300.2191893397636,298.87864412001096,297.404547153842,8.0,12.0,48948.0,L5,L8,298.87864412001096,300.2191893397636,crop→imp,2.706330916795308,301.0,"{""type"":""MultiPoint"",""coordinates"":[]}",
00000000000000000019_5,2000.0,Bangkok,-2.885369710221539,-0.2051081187761383,-0.2051081187761383,2020.0,299.09413472083617,298.88902660206,299.09413472083617,296.2087650106146,8.0,12.0,9268.0,L5,L8,299.09413472083617,298.88902660206,crop→veg,0.5124269620180377,302.0,"{""type"":""MultiPoint"",""coordinates"":[]}",
00000000000000000019_6,2000.0,Bangkok,-3.3979548731437035,-0.9134343596152804,-0.9134343596152804,2020.0,299.34843496463094,298.43500060501566,299.34843496463094,295.95048009148724,8.0,12.0,1364.0,L5,L8,299.34843496463094,298.43500060501566,crop→wat,0.0754154484454686,304.0,"{""type"":""MultiPoint"",""coordinates"":[]}",
00000000000000000019_7,2000.0,Bangkok,,,,2020.0,,299.39326281829415,,296.69907508889867,8.0,12.0,4.0,L5,L8,,299.39326281829415,crop→bare,0.00022115967286061191,305.0,"{""type"":""MultiPoint"",""coordinates"":[]}",
00000000000000000019_8,2000.0,Bangkok,11.83212516264024,16.15651246895925,16.15651246895925,2020.0,287.64183300443455,303.7983454733938,287.64183300443455,299.4739581670748,8.0,12.0,30795.0,L5,L8,287.64183300443455,303.7983454733938,wat→imp,1.7026530314356358,401.0,"{""type"":""MultiPoint"",""coordinates"":[]}",
00000000000000000019_9,2000.0,Bangkok,-2.0115183367976215,1.618551503784886,1.618551503784886,2020.0,298.5213665885184,300.1399180923033,298.5213665885184,296.50984825172077,8.0,12.0,11092.0,L5,L8,298.5213665885184,300.1399180923033,wat→veg,0.6132757728424768,402.0,"{""type"":""MultiPoint"",""coordinates"":[]}",
00000000000000000019_10,2000.0,Bangkok,-3.037914034972914,-0.9780140588271138,-0.9780140588271138,2020.0,299.5996502295815,298.6216361707544,299.5996502295815,296.5617361946086,8.0,12.0,2868.0,L5,L8,299.5996502295815,298.6216361707544,wat→crop,0.1585714854410587,403.0,"{""type"":""MultiPoint"",""coordinates"":[]}",
00000000000000000019_11,2000.0,Bangkok,-1.81709066932558,2.114811541724407,2.114811541724407,2020.0,299.29689047616637,301.4117020178908,299.29689047616637,297.4797998068408,8.0,12.0,181.0,L5,L8,299.29689047616637,301.4117020178908,wat→bare,0.0100074751969426,405.0,"{""type"":""MultiPoint"",""coordinates"":[]}",
00000000000000000019_12,2000.0,Bangkok,,,,2020.0,,306.32835232530135,,300.8218305584531,8.0,12.0,122.0,L5,L8,,306.32835232530135,bare→imp,0.0067453700222486,501.0,"{""type"":""MultiPoint"",""coordinates"":[]}",
00000000000000000019_13,2000.0,Bangkok,,,,2020.0,,303.5216610942859,,300.10684978383676,8.0,12.0,19.0,L5,L8,,303.5216610942859,bare→veg,0.0010505084460879,502.0,"{""type"":""MultiPoint"",""coordinates"":[]}",
00000000000000000019_14,2000.0,Bangkok,,,,2020.0,,305.9466003338103,,305.94372391778035,8.0,12.0,2.0,L5,L8,,305.9466003338103,bare→crop,0.00011057983643030596,503.0,"{""type"":""MultiPoint"",""coordinates"":[]}",
00000000000000000019_15,2000.0,Bangkok,,,,2020.0,,303.08315122073515,,297.5843218279277,8.0,12.0,63.0,L5,L8,,303.08315122073515,bare→wat,0.0034832648475546,504.0,"{""type"":""MultiPoint"",""coordinates"":[]}",
00000000000000000019_16,2000.0,Bangkok,12.1441463870093,15.680924114655395,15.680924114655395,2020.0,290.21304161288816,305.89396572754356,290.21304161288816,302.35718799989746,8.0,12.0,1234626.0,L5,L8,290.21304161288816,305.89396572754356,imp→imp,68.26237056630146,101.0,"{""type"":""MultiPoint"",""coordinates"":[]}",
00000000000000000019_17,2000.0,Bangkok,-1.6165642771715625,2.10249115023214,2.10249115023214,2020.0,298.0415617426381,300.14405289287026,298.0415617426381,296.42499746546656,8.0,12.0,102341.0,L5,L8,298.0415617426381,300.14405289287026,veg→veg,5.658425520056971,202.0,"{""type"":""MultiPoint"",""coordinates"":[]}",
00000000000000000019_18,2000.0,Bangkok,-3.59454902251116,-1.3562440505385212,-1.3562440505385212,2020.0,299.1286081284211,297.77236407788257,299.1286081284211,295.53405910590993,8.0,12.0,160232.0,L5,L8,299.1286081284211,297.77236407788257,crop→crop,8.859214175450392,303.0,"{""type"":""MultiPoint"",""coordinates"":[]}",
00000000000000000019_19,2000.0,Bangkok,11.025434709528495,14.694401603730398,14.694401603730398,2020.0,286.052598531041,300.7470001347714,286.052598531041,297.0780332405695,8.0,12.0,75401.0,L5,L8,286.052598531041,300.7470001347714,wat→wat,4.168915123340749,404.0,"{""type"":""MultiPoint"",""coordinates"":[]}",
00000000000000000019_20,2000.0,Bangkok,,,,2020.0,,297.43665368608123,,296.72621360875644,8.0,12.0,5552.0,L5,L8,,297.43665368608123,bare→bare,0.3069696259305293,505.0,"{""type"":""MultiPoint"",""coordinates"":[]}",
0000000000000000001f_0,2000.0,Doha,2.4287314628574563,4.430178033319805,4.635911645325336,2020.0,320.578440351481,325.0086183848008,317.7402210153967,320.16895247825414,21.0,24.0,272.0,L5,L8,320.16189287862363,324.79780452394897,veg→imp,0.1041080580402423,201.0,"{""type"":""MultiPoint"",""coordinates"":[]}",
0000000000000000001f_1,2000.0,Doha,0.4765300965196388,2.33592323936864,2.200596898532524,2020.0,316.2287212139029,318.5646444532715,314.71290501888365,315.1894351154033,21.0,24.0,7.0,L5,L8,316.14419190081645,318.344788799349,veg→wat,0.0026792514936827,204.0,"{""type"":""MultiPoint"",""coordinates"":[]}",
0000000000000000001f_2,2000.0,Doha,2.9022951683008387,4.4403481717898785,4.427739518337944,2020.0,320.84376513401384,325.2841133058037,317.9750724633848,320.8773676316856,21.0,24.0,41.0,L5,L8,320.6597871833063,325.08752670164426,veg→bare,0.015692758748713,205.0,"{""type"":""MultiPoint"",""coordinates"":[]}",
0000000000000000001f_3,2000.0,Doha,-0.1815148882878361,0.9624901082172528,1.0572518486135891,2020.0,322.36956458518,323.33205469339725,319.4203387773861,319.2388238890983,21.0,24.0,13.0,L5,L8,322.18146579914037,323.23871764775396,crop→imp,0.0049757527739821,301.0,"{""type"":""MultiPoint"",""coordinates"":[]}",
0000000000000000001f_4,2000.0,Doha,,,,2020.0,,,,,21.0,24.0,1.0,L5,L8,,,crop→veg,0.000382750213383244,302.0,"{""type"":""MultiPoint"",""coordinates"":[]}",
0000000000000000001f_5,2000.0,Doha,12.45536677688915,14.109872985861386,13.995023719723008,2020.0,311.86750799685507,325.97738098271645,308.63558269264473,321.0909494695339,21.0,24.0,11747.0,L5,L8,311.7888450832454,325.7838688029684,wat→imp,4.496166756612967,401.0,"{""type"":""MultiPoint"",""coordinates"":[]}",
0000000000000000001f_6,2000.0,Doha,10.489756454573978,11.685131781159214,11.469086441742888,2020.0,310.8824104614772,322.5675422426364,307.3660025706898,317.85575902526375,21.0,24.0,42.0,L5,L8,310.84320951452025,322.31229595626314,wat→veg,0.0160755089620962,402.0,"{""type"":""MultiPoint"",""coordinates"":[]}",
0000000000000000001f_7,2000.0,Doha,13.568609636182146,15.18650366363812,14.979549066477432,2020.0,311.98252903646454,327.16903270010266,308.7147896810158,322.28339931719796,21.0,24.0,6620.0,L5,L8,311.9187747974329,326.8983238639103,wat→bare,2.533806412597075,405.0,"{""type"":""MultiPoint"",""coordinates"":[]}",
0000000000000000001f_8,2000.0,Doha,2.7229014386377344,4.643772841478665,4.842221383516858,2020.0,323.71446133941083,328.3582341808895,320.67552058309826,323.398422021736,21.0,24.0,72875.0,L5,L8,323.2748379098209,328.1170592933378,bare→imp,27.892921800303903,501.0,"{""type"":""MultiPoint"",""coordinates"":[]}",
0000000000000000001f_9,2000.0,Doha,-0.1003029413398621,2.2238043558311915,2.1460732663535964,2020.0,321.61045092866317,323.83425528449436,319.4635745121741,319.36327157083423,21.0,24.0,277.0,L5,L8,321.4455492703413,323.5916225366949,bare→veg,0.1060218091071585,502.0,"{""type"":""MultiPoint"",""coordinates"":[]}",
0000000000000000001f_10,2000.0,Doha,-3.6628959947104818,-2.0048823410382397,-2.091752585126642,2020.0,325.23550608671854,323.2306237456803,322.1863348943863,318.5234388996758,21.0,24.0,63.0,L5,L8,325.0373890391635,322.94563645403684,bare→crop,0.0241132634431443,503.0,"{""type"":""MultiPoint"",""coordinates"":[]}",
0000000000000000001f_11,2000.0,Doha,-0.3744976204506542,1.1890559446665634,1.226022607669961,2020.0,317.6308779264337,318.81993387110026,315.0480265033954,314.67352888294477,21.0,24.0,289.0,L5,L8,317.34959635299276,318.5756189606627,bare→wat,0.1106148116677575,504.0,"{""type"":""MultiPoint"",""coordinates"":[]}",
0000000000000000001f_12,2000.0,Doha,2.93775930674201,4.612451777473439,4.9330433153608055,2020.0,324.209868804154,328.8223205816274,320.81592957040306,323.75368887714507,21.0,24.0,131143.0,L5,L8,323.6559918178996,328.5890351332604,imp→imp,50.195011233718766,101.0,"{""type"":""MultiPoint"",""coordinates"":[]}",
0000000000000000001f_13,2000.0,Doha,2.2489866401480185,4.849015510360232,4.849196869242007,2020.0,319.9002684909159,324.7492840012761,318.12218542822893,320.37117206837695,21.0,24.0,40.0,L5,L8,319.7470344968533,324.5962313660953,veg→veg,0.0153100085353297,202.0,"{""type"":""MultiPoint"",""coordinates"":[]}",
0000000000000000001f_14,2000.0,Doha,2.8649088981962905,4.779969950307873,4.688860222533322,2020.0,313.87114520682917,318.65111515713704,311.52786411503337,314.39277301322966,21.0,24.0,740.0,L5,L8,313.69330720839844,318.38216743093176,wat→wat,0.2832351579036005,404.0,"{""type"":""MultiPoint"",""coordinates"":[]}",
0000000000000000001f_15,2000.0,Doha,2.1768120974860494,4.04765526997727,4.185501848628974,2020.0,322.62068741930744,326.6683426892847,319.77775478136743,321.9545668788535,21.0,24.0,37097.0,L5,L8,322.26161039641886,326.44711224504783,bare→bare,14.1988846658782,505.0,"{""type"":""MultiPoint"",""coordinates"":[]}",
00000000000000000020_0,2000.0,Kyiv,2.706198782663705,6.543674883661538,6.543674883661538,2020.0,300.6073850015017,307.15105988516325,299.39064611087804,302.09684489354174,7.0,15.0,68744.0,L5,L8,300.6073850015017,307.15105988516325,veg→imp,4.803225254243801,201.0,"{""type"":""MultiPoint"",""coordinates"":[]}",
00000000000000000020_1,2000.0,Kyiv,3.4313079615290576,6.636163482808797,6.636163482808797,2020.0,298.84621528321594,305.48237876602474,297.82603000533607,301.2573379668651,7.0,15.0,2075.0,L5,L8,298.84621528321594,305.48237876602474,veg→crop,0.144982724347665,203.0,"{""type"":""MultiPoint"",""coordinates"":[]}",
00000000000000000020_2,2000.0,Kyiv,-2.2848776159719932,-0.975292232480399,-0.975292232480399,2020.0,299.8579024441585,298.8826102116781,299.2326885588026,296.9478109428306,7.0,15.0,3715.0,L5,L8,299.8579024441585,298.8826102116781,veg→wat,0.259571479976663,204.0,"{""type"":""MultiPoint"",""coordinates"":[]}",
00000000000000000020_3,2000.0,Kyiv,-2.7227425929882543,1.2252702905700517,1.2252702905700517,2020.0,298.37398294330114,299.5992532338712,298.37398294330114,295.6512403503129,7.0,15.0,3.0,L5,L8,298.37398294330114,299.5992532338712,veg→bare,0.00020961357737011815,205.0,"{""type"":""MultiPoint"",""coordinates"":[]}",
00000000000000000020_4,2000.0,Kyiv,3.6788221652569746,7.284364923243629,7.284364923243629,2020.0,301.755504259347,309.0398691825906,299.83641145577377,303.51523362103075,7.0,15.0,2580.0,L5,L8,301.755504259347,309.0398691825906,crop→imp,0.1802676765383016,301.0,"{""type"":""MultiPoint"",""coordinates"":[]}",
00000000000000000020_5,2000.0,Kyiv,2.110235292494792,5.243659389378536,5.243659389378536,2020.0,301.06449048611125,306.3081498754898,299.2011865193715,301.3114218118663,7.0,15.0,9300.0,L5,L8,301.06449048611125,306.3081498754898,crop→veg,0.6498020898473664,302.0,"{""type"":""MultiPoint"",""coordinates"":[]}",
00000000000000000020_6,2000.0,Kyiv,-5.837058840404154,-5.594466217778233,-5.594466217778233,2020.0,303.0101766370355,297.41571041925727,302.78858674115656,296.9515279007524,7.0,15.0,113.0,L5,L8,303.0101766370355,297.41571041925727,crop→wat,0.0078954447476077,304.0,"{""type"":""MultiPoint"",""coordinates"":[]}",
00000000000000000020_7,2000.0,Kyiv,2.736633146576139,5.758474404225467,5.758474404225467,2020.0,298.6826095398874,304.44108394411285,297.82761271205464,300.5642458586308,7.0,15.0,10955.0,L5,L8,298.6826095398874,304.44108394411285,wat→imp,0.7654389133632149,401.0,"{""type"":""MultiPoint"",""coordinates"":[]}",
00000000000000000020_8,2000.0,Kyiv,0.6015155045752181,3.0344636164776944,3.0344636164776944,2020.0,298.40571520588145,301.44017882235914,297.581124528199,298.1826400327742,7.0,15.0,2698.0,L5,L8,298.40571520588145,301.44017882235914,wat→veg,0.1885124772481929,402.0,"{""type"":""MultiPoint"",""coordinates"":[]}",
00000000000000000020_9,2000.0,Kyiv,1.9844004443380072,5.983341787352288,5.983341787352288,2020.0,301.4571365635533,307.4404783509056,299.48002117025305,301.46442161459106,7.0,15.0,1.0,L5,L8,301.4571365635533,307.4404783509056,wat→crop,6.987119245670606e-05,403.0,"{""type"":""MultiPoint"",""coordinates"":[]}",
00000000000000000020_10,2000.0,Kyiv,-0.5807667409922033,0.810144609808674,0.810144609808674,2020.0,297.95946152034315,298.76960613015183,297.34502078215235,296.76425404116014,7.0,15.0,13.0,L5,L8,297.95946152034315,298.76960613015183,wat→bare,0.0009083255019371788,405.0,"{""type"":""MultiPoint"",""coordinates"":[]}",
00000000000000000020_11,2000.0,Kyiv,3.392751079650509,6.517557946913598,6.517557946913598,2020.0,299.63296446014283,306.1505224070564,298.34598520987555,301.73873628952606,7.0,15.0,60.0,L5,L8,299.63296446014283,306.1505224070564,bare→imp,0.0041922715474023,501.0,"{""type"":""MultiPoint"",""coordinates"":[]}",
00000000000000000020_12,2000.0,Kyiv,-4.366362471896707,-4.368455804819803,-4.368455804819803,2020.0,298.8284899711077,294.46003416628787,298.2392599032616,293.8728974313649,7.0,15.0,2.0,L5,L8,298.8284899711077,294.46003416628787,bare→veg,0.00013974238491341212,502.0,"{""type"":""MultiPoint"",""coordinates"":[]}",
00000000000000000020_13,2000.0,Kyiv,-2.3040506412207833,-1.0087799885253048,-1.0087799885253048,2020.0,298.8363014913233,297.827521502798,298.45894627556265,296.15489563434187,7.0,15.0,20.0,L5,L8,298.8363014913233,297.827521502798,bare→wat,0.0013974238491341,504.0,"{""type"":""MultiPoint"",""coordinates"":[]}",
00000000000000000020_14,2000.0,Kyiv,3.6247723722547103,8.395059256415493,8.395054452745171,2020.0,302.1765816187577,310.5716408751732,300.8376651579348,304.4624375301895,7.0,15.0,577890.0,L5,L8,302.1765816187577,310.5716360715029,imp→imp,40.377863408805865,101.0,"{""type"":""MultiPoint"",""coordinates"":[]}",
00000000000000000020_15,2000.0,Kyiv,0.6953982430903238,3.5342895834180013,3.5342895834180013,2020.0,297.8558829267561,301.3901725101741,296.68837161450335,297.3837698575937,7.0,15.0,670564.0,L5,L8,297.8558829267561,301.3901725101741,veg→veg,46.85310629853864,202.0,"{""type"":""MultiPoint"",""coordinates"":[]}",
00000000000000000020_16,2000.0,Kyiv,3.8851875637850526,6.626680258199144,6.626680258199144,2020.0,300.95582248559316,307.5825027437923,299.39952797213436,303.2847155359194,7.0,15.0,2518.0,L5,L8,300.95582248559316,307.5825027437923,crop→crop,0.1759356626059858,303.0,"{""type"":""MultiPoint"",""coordinates"":[]}",
00000000000000000020_17,2000.0,Kyiv,0.5683359536450894,2.6713261853047925,2.6713261853047925,2020.0,295.7744174022663,298.4457435875711,295.15261762536716,295.72095357901225,7.0,15.0,79954.0,L5,L8,295.7744174022663,298.4457435875711,wat→wat,5.586481321683476,404.0,"{""type"":""MultiPoint"",""coordinates"":[]}",
00000000000000000024_0,2000.0,Bucharest,-0.3344920036136614,2.42637465012524,2.251960747970827,2020.0,312.0934413727279,314.51981602285315,308.3033334474358,307.96884144382216,7.0,11.0,14622.0,L5,L8,312.0934413727279,314.34540212069874,veg→imp,3.93469620604009,201.0,"{""type"":""MultiPoint"",""coordinates"":[]}",
00000000000000000024_1,2000.0,Bucharest,-0.9125521235367842,4.065124192645214,3.9744179991947135,2020.0,313.9306410731704,317.99576526581563,309.95030179690497,309.0377496733682,7.0,11.0,4704.0,L5,L8,313.9306410731704,317.90505907236513,veg→crop,1.265819378553726,203.0,"{""type"":""MultiPoint"",""coordinates"":[]}",
00000000000000000024_2,2000.0,Bucharest,-1.2487884405610998,1.217170820736328,1.0070253317835522,2020.0,307.5425822802622,308.7597531009985,304.47525309247493,303.22646465191383,7.0,11.0,173.0,L5,L8,307.5425822802622,308.54960761204575,veg→wat,0.0465533062265719,204.0,"{""type"":""MultiPoint"",""coordinates"":[]}",
00000000000000000024_3,2000.0,Bucharest,-1.9826452003145505,1.334026519865688,1.0442284311558865,2020.0,306.45442172842434,307.78844824829,304.2166014875976,302.23395628728304,7.0,11.0,2.0,L5,L8,306.45442172842434,307.4986501595802,veg→bare,0.0005381885112898494,205.0,"{""type"":""MultiPoint"",""coordinates"":[]}",
00000000000000000024_4,2000.0,Bucharest,-1.7622837194624594,0.991457675798472,0.8397527905856919,2020.0,313.78359972993377,314.77505740573224,310.0876028592807,308.32531913981825,7.0,11.0,13154.0,L5,L8,313.78359972993377,314.62335252051946,crop→imp,3.53966583875334,301.0,"{""type"":""MultiPoint"",""coordinates"":[]}",
00000000000000000024_5,2000.0,Bucharest,-4.069292613747962,-0.8438784194675009,-0.9721971509802644,2020.0,313.6292873171093,312.7854088976418,310.27980324389256,306.2105106301446,7.0,11.0,13678.0,L5,L8,313.6292873171093,312.657090166129,crop→veg,3.68067122871128,302.0,"{""type"":""MultiPoint"",""coordinates"":[]}",
00000000000000000024_6,2000.0,Bucharest,-0.2829743176646389,2.824262777990384,2.824262777990384,2020.0,307.9947454919052,310.81900826989556,304.6863225615585,304.40334824389384,7.0,11.0,21.0,L5,L8,307.9947454919052,310.81900826989556,crop→wat,0.0056509793685434,304.0,"{""type"":""MultiPoint"",""coordinates"":[]}",
00000000000000000024_7,2000.0,Bucharest,1.1896265979458462,3.5856060278634914,3.425439918112204,2020.0,306.03316481803057,309.61877084589406,303.0155043777295,304.20513097567533,7.0,11.0,2609.0,L5,L8,306.03316481803057,309.4586047361428,wat→imp,0.7020669129776087,401.0,"{""type"":""MultiPoint"",""coordinates"":[]}",
00000000000000000024_8,2000.0,Bucharest,0.9883464676718744,3.755456242732123,3.466931472364194,2020.0,305.58388386705786,309.33934010979,302.717623340102,303.7059698077739,7.0,11.0,265.0,L5,L8,305.58388386705786,309.05081533942206,wat→veg,0.071309977745905,402.0,"{""type"":""MultiPoint"",""coordinates"":[]}",
00000000000000000024_9,2000.0,Bucharest,3.951020023037188,9.847332960007236,9.803413101422224,2020.0,305.7020083843216,315.5493413443288,303.9853078695586,307.9363278925958,7.0,11.0,10.0,L5,L8,305.7020083843216,315.5054214857438,wat→crop,0.0026909425564492,403.0,"{""type"":""MultiPoint"",""coordinates"":[]}",
00000000000000000024_10,2000.0,Bucharest,1.4861613742418172,2.8123709450116507,2.5398905984843623,2020.0,305.1342050933189,307.94657603833053,301.7672927982501,303.2534541724919,7.0,11.0,11.0,L5,L8,305.1342050933189,307.67409569180325,wat→bare,0.0029600368120941,405.0,"{""type"":""MultiPoint"",""coordinates"":[]}",
00000000000000000024_11,2000.0,Bucharest,-0.1876145263688613,2.2852096434120313,2.2852096434120313,2020.0,308.2948133373097,310.5800229807217,306.1371405561741,305.9495260298052,7.0,11.0,1.0,L5,L8,308.2948133373097,310.5800229807217,bare→imp,0.0002690942556449247,501.0,"{""type"":""MultiPoint"",""coordinates"":[]}",
00000000000000000024_12,2000.0,Bucharest,1.6573456036362586,4.321528144342892,3.755014467524404,2020.0,303.83385554956504,308.15538369390794,301.25185135362653,302.9091969572628,7.0,11.0,9.0,L5,L8,303.83385554956504,307.58887001708945,bare→veg,0.0024218483008043,502.0,"{""type"":""MultiPoint"",""coordinates"":[]}",
00000000000000000024_13,2000.0,Bucharest,-0.3152877048561322,2.7969612633074803,2.4022464935425205,2020.0,304.21194292053497,307.00890418384245,301.66855674611423,301.3532690412581,7.0,11.0,4.0,L5,L8,304.21194292053497,306.6141894140775,bare→wat,0.0010763770225796,504.0,"{""type"":""MultiPoint"",""coordinates"":[]}",
00000000000000000024_14,2000.0,Bucharest,0.6699495415984416,2.7285479471851772,2.5384847441688976,2020.0,313.5475314183032,316.2760793654884,309.278389293879,309.94833883547744,7.0,11.0,280469.0,L5,L8,313.5475314183032,316.0860161624721,imp→imp,75.4725967864764,101.0,"{""type"":""MultiPoint"",""coordinates"":[]}",
00000000000000000024_15,2000.0,Bucharest,-1.2450717875509554,1.872406207366339,1.682976505429508,2020.0,307.76189136116255,309.6342975685289,304.6988912476691,303.45381946011815,7.0,11.0,24402.0,L5,L8,307.76189136116255,309.44486786659206,veg→veg,6.566438026247454,202.0,"{""type"":""MultiPoint"",""coordinates"":[]}",
00000000000000000024_16,2000.0,Bucharest,-2.130302351643593,1.8427975495606577,1.7473580174898302,2020.0,314.77833631718556,316.6211338667462,310.51515143280477,308.3848490811612,7.0,11.0,7855.0,L5,L8,314.77833631718556,316.5256943346754,crop→crop,2.113735378090884,303.0,"{""type"":""MultiPoint"",""coordinates"":[]}",
00000000000000000024_17,2000.0,Bucharest,0.5561524441218353,3.0890151589019297,2.9830667089132703,2020.0,303.27041378275635,306.3594289416583,300.6655457280875,301.22169817220936,7.0,11.0,9627.0,L5,L8,303.27041378275635,306.2534804916696,wat→wat,2.5905703990936906,404.0,"{""type"":""MultiPoint"",""coordinates"":[]}",
00000000000000000024_18,2000.0,Bucharest,-1.3932755388636906,0.6271276722762877,0.6271276722762877,2020.0,306.72827164147776,307.35539931375405,304.2819645882583,302.8886890493946,7.0,11.0,1.0,L5,L8,306.72827164147776,307.35539931375405,bare→bare,0.0002690942556449247,505.0,"{""type"":""MultiPoint"",""coordinates"":[]}",
00000000000000000027_0,2000.0,Tbilisi,-2.9387357913937535,-3.9622119503358135,-3.8781562865186174,2020.0,314.89203885123374,310.9298269008979,310.75717275335967,307.8184369619659,12.0,11.0,56693.0,L5,L8,314.79517029606274,310.9170140095441,veg→imp,7.544571030859376,201.0,"{""type"":""MultiPoint"",""coordinates"":[]}",
00000000000000000027_1,2000.0,Tbilisi,-0.4859008317028497,-1.976992387290636,-1.6357371422652136,2020.0,317.44211086268496,315.4651184753943,311.2481748074079,310.76227397570506,12.0,11.0,11558.0,L5,L8,317.0704925065836,315.4347553643184,veg→crop,1.5381114418829955,203.0,"{""type"":""MultiPoint"",""coordinates"":[]}",
00000000000000000027_2,2000.0,Tbilisi,-1.418011736460869,-2.72131770345419,-2.6163422429535785,2020.0,308.8400080899786,306.1186903865244,304.53973590665345,303.1217241701926,12.0,11.0,674.0,L5,L8,308.7309451117298,306.1146028687762,veg→wat,0.0896943339530315,204.0,"{""type"":""MultiPoint"",""coordinates"":[]}",
00000000000000000027_3,2000.0,Tbilisi,-1.7581206082073777,-4.665043092989549,-4.333710213711697,2020.0,319.5910202816061,314.92597718861657,312.4472318771886,310.6891112689812,12.0,11.0,123.0,L5,L8,319.25968740232827,314.92597718861657,veg→bare,0.0163685505581941,205.0,"{""type"":""MultiPoint"",""coordinates"":[]}",
00000000000000000027_4,2000.0,Tbilisi,-3.802309094983968,-5.178958879962863,-5.094958978056127,2020.0,318.6139036776813,313.43494479771846,313.59889430577647,309.7965852107925,12.0,11.0,4969.0,L5,L8,318.5265567556743,313.43159777761815,crop→imp,0.6612628270216824,301.0,"{""type"":""MultiPoint"",""coordinates"":[]}",
00000000000000000027_5,2000.0,Tbilisi,-3.141537939921875,-3.459348107529138,-3.3796606972937298,2020.0,319.1952171279938,315.7358690204647,314.6605688660782,311.51903092615635,12.0,11.0,19187.0,L5,L8,319.0905421456108,315.7108814483171,crop→veg,2.5533608094314793,302.0,"{""type"":""MultiPoint"",""coordinates"":[]}",
00000000000000000027_6,2000.0,Tbilisi,-6.400522873146599,-8.659823261181884,-8.659823261181884,2020.0,310.3859749465635,301.72615168538164,306.5276029304065,300.1270800572599,12.0,11.0,154.0,L5,L8,310.3859749465635,301.72615168538164,crop→wat,0.0204939576094463,304.0,"{""type"":""MultiPoint"",""coordinates"":[]}",
00000000000000000027_7,2000.0,Tbilisi,0.7329904807810408,-0.1749236801600773,-0.1651138885193859,2020.0,307.3894383735939,307.21451469343384,304.1261161405317,304.8591066213127,12.0,11.0,2103.0,L5,L8,307.3796285819532,307.21451469343384,wat→imp,0.2798622912510762,401.0,"{""type"":""MultiPoint"",""coordinates"":[]}",
00000000000000000027_8,2000.0,Tbilisi,0.1119413485684504,-1.0935425783647474,-0.9763654883399226,2020.0,308.09372230895707,307.0001797305923,303.4034792998084,303.51542064837685,12.0,11.0,389.0,L5,L8,307.9542471155475,306.9778816272076,wat→veg,0.0517672046108743,402.0,"{""type"":""MultiPoint"",""coordinates"":[]}",
00000000000000000027_9,2000.0,Tbilisi,3.397853689605256,3.797654601807608,4.04257131376778,2020.0,303.7436894677126,307.5413440695202,299.37747307255694,302.7753267621622,12.0,11.0,31.0,L5,L8,303.4179905304951,307.4605618442629,wat→crop,0.0041254070512521,403.0,"{""type"":""MultiPoint"",""coordinates"":[]}",
00000000000000000027_10,2000.0,Tbilisi,-2.5953583873780985,-2.995477239944705,-2.995477239944705,2020.0,307.65113379983563,304.65565655989093,303.6681337924895,301.07277540511143,12.0,11.0,8.0,L5,L8,307.65113379983563,304.65565655989093,wat→bare,0.0010646211745166,405.0,"{""type"":""MultiPoint"",""coordinates"":[]}",
00000000000000000027_11,2000.0,Tbilisi,1.601907627474361,0.4587362580629133,1.1225303883203424,2020.0,312.52280708028417,312.9815433383471,307.40650019422065,309.008407821695,12.0,11.0,33.0,L5,L8,311.85901295002674,312.9815433383471,bare→imp,0.0043915623448813,501.0,"{""type"":""MultiPoint"",""coordinates"":[]}",
00000000000000000027_12,2000.0,Tbilisi,-1.6484821267309826,-2.179511182726742,-2.179511182726742,2020.0,306.86278186463215,304.6832706819054,302.79920749278153,301.15072536605055,12.0,11.0,3.0,L5,L8,306.86278186463215,304.6832706819054,bare→veg,0.0003992329404437607,502.0,"{""type"":""MultiPoint"",""coordinates"":[]}",
00000000000000000027_13,2000.0,Tbilisi,-0.1320816885404951,-1.2628914441606298,-1.2628914441606298,2020.0,307.5738043357169,306.31091289155626,304.3461777400402,304.2140960514997,12.0,11.0,38.0,L5,L8,307.5738043357169,306.31091289155626,bare→wat,0.0050569505789543,504.0,"{""type"":""MultiPoint"",""coordinates"":[]}",
00000000000000000027_14,2000.0,Tbilisi,-0.923720166141095,-1.979677842390231,-1.8828920284908008,2020.0,312.70855889153995,310.7288810491497,308.84710643188026,307.92338626573917,12.0,11.0,299374.0,L5,L8,312.60377435388125,310.72088232539045,imp→imp,39.83998743747014,101.0,"{""type"":""MultiPoint"",""coordinates"":[]}",
00000000000000000027_15,2000.0,Tbilisi,-2.71136605796346,-3.370124125192035,-3.2144930740500968,2020.0,313.5618001368135,310.19167601162144,309.3368097236336,306.62544366567016,12.0,11.0,324991.0,L5,L8,313.3873164953543,310.1728234213042,veg→veg,43.24903751591941,202.0,"{""type"":""MultiPoint"",""coordinates"":[]}",
00000000000000000027_16,2000.0,Tbilisi,-3.3061419620784704,-3.797048849968462,-3.712946138520635,2020.0,319.05190637792435,315.2548575279559,314.0678067800735,310.76166481799504,12.0,11.0,12428.0,L5,L8,318.94078464937945,315.2278385108588,crop→crop,1.653888994611686,303.0,"{""type"":""MultiPoint"",""coordinates"":[]}",
00000000000000000027_17,2000.0,Tbilisi,1.1009998154383993,0.3872388029145668,0.408491136875682,2020.0,300.5365356616133,300.92377446452787,297.12073702189485,298.22173683733325,12.0,11.0,18673.0,L5,L8,300.5151808331739,300.92367197004955,wat→wat,2.4849588989687814,404.0,"{""type"":""MultiPoint"",""coordinates"":[]}",
00000000000000000027_18,2000.0,Tbilisi,1.1209665234791828,-1.145707956142985,0.3116040544109069,2020.0,316.4408981436136,315.2951901874706,309.84856080468955,310.96952732816874,12.0,11.0,12.0,L5,L8,314.9835861330597,315.2951901874706,bare→bare,0.001596931761775,505.0,"{""type"":""MultiPoint"",""coordinates"":[]}",
0000000000000000002a_0,2000.0,Ulaanbaatar,-7.582323020085596,-11.090710062323524,-10.978813616494564,2020.0,319.3240554587376,308.23334539641405,311.01323360657165,303.43091058648605,24.0,25.0,396939.0,L5,L8,319.2121569737746,308.23334335728003,veg→imp,5.060188528000784,201.0,"{""type"":""MultiPoint"",""coordinates"":[]}",
0000000000000000002a_1,2000.0,Ulaanbaatar,-6.8427599500203655,-5.388416001086682,-5.123809893794032,2020.0,323.78967099819386,318.4012549971072,310.9680253728004,304.12526542278005,24.0,25.0,22068.0,L5,L8,323.5250648909012,318.4012549971072,veg→crop,0.2813234286273742,203.0,"{""type"":""MultiPoint"",""coordinates"":[]}",
0000000000000000002a_2,2000.0,Ulaanbaatar,-6.617155922314339,-6.165240945148241,-6.1301765478486345,2020.0,312.4928563947301,306.32761544958186,304.494730373934,297.87757445161964,24.0,25.0,8343.0,L5,L8,312.4577919974305,306.32761544958186,veg→wat,0.1063567774623066,204.0,"{""type"":""MultiPoint"",""coordinates"":[]}",
0000000000000000002a_3,2000.0,Ulaanbaatar,-6.872056834068076,-11.125261112314206,-11.123537857913677,2020.0,324.3024592318133,313.1771981194991,311.85849567302733,304.98643883895926,24.0,25.0,6163.0,L5,L8,324.3007359774128,313.1771981194991,veg→bare,0.0785660816852685,205.0,"{""type"":""MultiPoint"",""coordinates"":[]}",
0000000000000000002a_4,2000.0,Ulaanbaatar,-10.812763124461242,-14.632198553468015,-14.565594091494916,2020.0,319.50050170788364,304.8683031544156,311.03183721618404,300.2190740917228,24.0,25.0,99.0,L5,L8,319.43389724591054,304.8683031544156,crop→imp,0.0012620545329939,301.0,"{""type"":""MultiPoint"",""coordinates"":[]}",
0000000000000000002a_5,2000.0,Ulaanbaatar,-4.6754410409290585,-5.0679518065114735,-4.537881321367365,2020.0,324.0518136669613,318.98386186044985,309.946169259061,305.2707282181319,24.0,25.0,4283.0,L5,L8,323.5217431818172,318.98386186044985,crop→veg,0.0545997935839697,302.0,"{""type"":""MultiPoint"",""coordinates"":[]}",
0000000000000000002a_6,2000.0,Ulaanbaatar,-9.298761782463204,-3.725706251015424,-3.725706251015424,2020.0,322.91706155608074,319.1913553050653,312.3311168432293,303.0323550607661,24.0,25.0,1.0,L5,L8,322.91706155608074,319.1913553050653,crop→wat,1.2748025585797272e-05,304.0,"{""type"":""MultiPoint"",""coordinates"":[]}",
0000000000000000002a_7,2000.0,Ulaanbaatar,-3.9415495802116425,-5.402830675796508,-5.402830675796508,2020.0,309.4641035135415,304.061272837745,304.04645380499164,300.10490422478,24.0,25.0,592.0,L5,L8,309.4641035135415,304.061272837745,wat→imp,0.0075468311467919,401.0,"{""type"":""MultiPoint"",""coordinates"":[]}",
0000000000000000002a_8,2000.0,Ulaanbaatar,0.6713502460443692,3.7198628094092214,3.720277462846752,2020.0,303.9365454116546,307.6564082210638,299.2588495015952,299.93019974763956,24.0,25.0,3596.0,L5,L8,303.9361307582171,307.6564082210638,wat→veg,0.0458419000065269,402.0,"{""type"":""MultiPoint"",""coordinates"":[]}",
0000000000000000002a_9,2000.0,Ulaanbaatar,-6.517067858699136,-4.614811432421391,-4.614811432421391,2020.0,322.47112349561945,317.85631206319806,309.466454303253,302.94938644455385,24.0,25.0,4.0,L5,L8,322.47112349561945,317.85631206319806,wat→crop,5.099210234318909e-05,403.0,"{""type"":""MultiPoint"",""coordinates"":[]}",
0000000000000000002a_10,2000.0,Ulaanbaatar,14.85562128000754,20.005749353151657,20.005749353151657,2020.0,299.70375446529357,319.7095038184452,298.2648370968326,313.12045837684013,24.0,25.0,249.0,L5,L8,299.70375446529357,319.7095038184452,wat→bare,0.0031742583708635,405.0,"{""type"":""MultiPoint"",""coordinates"":[]}",
0000000000000000002a_11,2000.0,Ulaanbaatar,-6.1577842483710015,-10.969077329550828,-10.96806496637879,2020.0,318.07694962114346,307.1078722915926,311.555845416949,305.398061168578,24.0,25.0,3961.0,L5,L8,318.0759372579714,307.1078722915926,bare→imp,0.0504949293453429,501.0,"{""type"":""MultiPoint"",""coordinates"":[]}",
0000000000000000002a_12,2000.0,Ulaanbaatar,-4.235533943493351,-8.79780806371025,-8.79780806371025,2020.0,316.53474239769724,307.736934333987,307.6591873378155,303.4236533943222,24.0,25.0,470.0,L5,L8,316.53474239769724,307.736934333987,bare→veg,0.0059915720253247,502.0,"{""type"":""MultiPoint"",""coordinates"":[]}",
0000000000000000002a_13,2000.0,Ulaanbaatar,-7.202830221690363,-11.951277593622931,-11.924277717407904,2020.0,317.2026757466686,305.25139815304567,305.7563150397776,298.5534848180872,24.0,25.0,152.0,L5,L8,317.1756758704536,305.25139815304567,bare→wat,0.0019376998890411,504.0,"{""type"":""MultiPoint"",""coordinates"":[]}",
0000000000000000002a_14,2000.0,Ulaanbaatar,-6.913334091374566,-10.476813287574316,-10.396285669319695,2020.0,317.9226513868174,307.4458380992431,310.13372668863013,303.22039259725557,24.0,25.0,157213.0,L5,L8,317.8421137574928,307.44582808817313,imp→imp,2.0041553464199464,101.0,"{""type"":""MultiPoint"",""coordinates"":[]}",
0000000000000000002a_15,2000.0,Ulaanbaatar,-6.210144068425677,-6.887303675439341,-6.779338078065393,2020.0,315.70824087511227,308.8209371996729,307.13525382607435,300.92510975764867,24.0,25.0,7220845.0,L5,L8,315.60026933154563,308.82093125348024,veg→veg,92.05151681107633,202.0,"{""type"":""MultiPoint"",""coordinates"":[]}",
0000000000000000002a_16,2000.0,Ulaanbaatar,-5.925886055129752,-4.243622422530564,-3.870489805288344,2020.0,323.9481311106754,319.7045086881448,310.3540942317934,304.42820817666365,24.0,25.0,2646.0,L5,L8,323.57499849343316,319.7045086881448,crop→crop,0.0337312757000195,303.0,"{""type"":""MultiPoint"",""coordinates"":[]}",
0000000000000000002a_17,2000.0,Ulaanbaatar,-4.200876665995395,-4.151267725164644,-4.149616040851299,2020.0,307.55038570567194,303.3991179805073,301.09564270075936,296.89476603476396,24.0,25.0,6156.0,L5,L8,307.5487340213586,303.3991179805073,wat→wat,0.078476845506168,404.0,"{""type"":""MultiPoint"",""coordinates"":[]}",
0000000000000000002a_18,2000.0,Ulaanbaatar,-5.855758078662916,-8.775015935666602,-8.775015935666602,2020.0,320.62476012745367,311.84974419178707,310.213990390335,304.3582323116721,24.0,25.0,10572.0,L5,L8,320.62476012745367,311.84974419178707,bare→bare,0.1347721264930487,505.0,"{""type"":""MultiPoint"",""coordinates"":[]}",
00000000000000000048_0,2000.0,Dar es-Salaam,,,,2020.0,,304.2580468179869,,300.4542848031433,1.0,21.0,243578.0,L5,L8,,304.2534315397063,veg→imp,13.204228119848407,201.0,"{""type"":""MultiPoint"",""coordinates"":[]}",
00000000000000000048_1,2000.0,Dar es-Salaam,,,,2020.0,,304.4224543050882,,300.4139543114604,1.0,21.0,26758.0,L5,L8,,304.42194331062217,veg→crop,1.450536321141087,203.0,"{""type"":""MultiPoint"",""coordinates"":[]}",
00000000000000000048_2,2000.0,Dar es-Salaam,,,,2020.0,,302.54705843016035,,299.42035774605677,1.0,21.0,1614.0,L5,L8,,302.5469818169789,veg→wat,0.0874940437372641,204.0,"{""type"":""MultiPoint"",""coordinates"":[]}",
00000000000000000048_3,2000.0,Dar es-Salaam,,,,2020.0,,302.0157250299496,,298.5804142246089,1.0,21.0,51.0,L5,L8,,302.0157250299496,veg→bare,0.0027646816794302,205.0,"{""type"":""MultiPoint"",""coordinates"":[]}",
00000000000000000048_4,2000.0,Dar es-Salaam,,,,2020.0,,305.7020489115159,,300.51201671111784,1.0,21.0,4546.0,L5,L8,,305.688882595716,crop→imp,0.2464361355821579,301.0,"{""type"":""MultiPoint"",""coordinates"":[]}",
00000000000000000048_5,2000.0,Dar es-Salaam,,,,2020.0,,305.20600574310566,,299.28753588169593,1.0,21.0,3988.0,L5,L8,,305.2057457201803,crop→veg,0.2161872654425089,302.0,"{""type"":""MultiPoint"",""coordinates"":[]}",
00000000000000000048_6,2000.0,Dar es-Salaam,,,,2020.0,,,,,1.0,21.0,1.0,L5,L8,,,crop→wat,5.420944469471138e-05,304.0,"{""type"":""MultiPoint"",""coordinates"":[]}",
00000000000000000048_7,2000.0,Dar es-Salaam,,,,2020.0,,304.2536255017955,,301.2520282652401,1.0,21.0,1016.0,L5,L8,,304.25361249931836,wat→imp,0.0550767958098267,401.0,"{""type"":""MultiPoint"",""coordinates"":[]}",
00000000000000000048_8,2000.0,Dar es-Salaam,,,,2020.0,,301.21571907613554,,298.1180521461305,1.0,21.0,1474.0,L5,L8,,301.2153178323725,wat→veg,0.0799047214800045,402.0,"{""type"":""MultiPoint"",""coordinates"":[]}",
00000000000000000048_9,2000.0,Dar es-Salaam,,,,2020.0,,,,,1.0,21.0,2.0,L5,L8,,,wat→crop,0.00010841888938942276,403.0,"{""type"":""MultiPoint"",""coordinates"":[]}",
00000000000000000048_10,2000.0,Dar es-Salaam,,,,2020.0,,301.8469394572428,,298.69063125721914,1.0,21.0,67.0,L5,L8,,301.84596656019863,wat→bare,0.0036320327945456,405.0,"{""type"":""MultiPoint"",""coordinates"":[]}",
00000000000000000048_11,2000.0,Dar es-Salaam,,,,2020.0,,301.5568362099838,,298.6215139635378,1.0,21.0,8.0,L5,L8,,301.5568362099838,bare→imp,0.00043367555755769105,501.0,"{""type"":""MultiPoint"",""coordinates"":[]}",
00000000000000000048_12,2000.0,Dar es-Salaam,,,,2020.0,,305.79101863004047,,301.51058967983437,1.0,21.0,3.0,L5,L8,,305.79101863004047,bare→veg,0.00016262833408413414,502.0,"{""type"":""MultiPoint"",""coordinates"":[]}",
00000000000000000048_13,2000.0,Dar es-Salaam,,,,2020.0,,302.02529679998355,,298.9747674045076,1.0,21.0,20.0,L5,L8,,302.02529679998355,bare→wat,0.0010841888938942,504.0,"{""type"":""MultiPoint"",""coordinates"":[]}",
00000000000000000048_14,2000.0,Dar es-Salaam,,,,2020.0,,305.33496133196155,,301.72628961964506,1.0,21.0,844102.0,L5,L8,,305.33210540041125,imp→imp,45.75830068569526,101.0,"{""type"":""MultiPoint"",""coordinates"":[]}",
00000000000000000048_15,2000.0,Dar es-Salaam,,,,2020.0,,303.55549347292265,,300.02877299586106,1.0,21.0,695971.0,L5,L8,,303.5550881368125,veg→veg,37.72820143362298,202.0,"{""type"":""MultiPoint"",""coordinates"":[]}",
00000000000000000048_16,2000.0,Dar es-Salaam,,,,2020.0,,305.54806084969624,,300.2341414849471,1.0,21.0,12236.0,L5,L8,,305.5478073826785,crop→crop,0.6633067652844884,303.0,"{""type"":""MultiPoint"",""coordinates"":[]}",
00000000000000000048_17,2000.0,Dar es-Salaam,,,,2020.0,,301.07099133940113,,297.9832583740464,1.0,21.0,4314.0,L5,L8,,301.0706239271213,wat→wat,0.2338595444129849,404.0,"{""type"":""MultiPoint"",""coordinates"":[]}",
00000000000000000048_18,2000.0,Dar es-Salaam,,,,2020.0,,301.21457009194813,,298.2475046730348,1.0,21.0,4948.0,L5,L8,,301.2145603938644,bare→bare,0.2682283323494319,505.0,"{""type"":""MultiPoint"",""coordinates"":[]}",
00000000000000000061_0,2000.0,Brasília,-3.09414460890207,-1.8123423703277128,-1.8123423703277128,2020.0,305.4429471069832,303.63060473665547,303.7281923679801,300.63404775907804,5.0,15.0,456168.0,L5,L8,305.4429471069832,303.63060473665547,veg→imp,6.825281046397063,201.0,"{""type"":""MultiPoint"",""coordinates"":[]}",
00000000000000000061_1,2000.0,Brasília,-4.6245946942337355,-3.984749689852549,-3.984749689852549,2020.0,306.7189568953859,302.7342072055333,304.5802277722851,299.9556330780514,5.0,15.0,319290.0,L5,L8,306.7189568953859,302.7342072055333,veg→crop,4.777283775504021,203.0,"{""type"":""MultiPoint"",""coordinates"":[]}",
00000000000000000061_2,2000.0,Brasília,-5.473721626917552,-6.271337899580487,-6.271337899580487,2020.0,303.3371551377451,297.06581723816464,300.72446561154663,295.2507439846291,5.0,15.0,5665.0,L5,L8,303.3371551377451,297.06581723816464,veg→wat,0.0847609151186391,204.0,"{""type"":""MultiPoint"",""coordinates"":[]}",
00000000000000000061_3,2000.0,Brasília,-0.2345734070594858,1.2796607885904905,1.2796607885904905,2020.0,299.7344275600778,301.0140883486683,299.28090553999874,299.04633213293926,5.0,15.0,7.0,L5,L8,299.7344275600778,301.0140883486683,veg→bare,0.00010473546440078972,205.0,"{""type"":""MultiPoint"",""coordinates"":[]}",
00000000000000000061_4,2000.0,Brasília,-3.3959362604496732,-3.3023746577745214,-3.3023746577745214,2020.0,305.4519785677858,302.14960391001125,303.1421479848398,299.74621172439015,5.0,15.0,31395.0,L5,L8,305.4519785677858,302.14960391001125,crop→imp,0.4697385578375418,301.0,"{""type"":""MultiPoint"",""coordinates"":[]}",
00000000000000000061_5,2000.0,Brasília,-4.284700309270022,-4.166526910954872,-4.166526910954872,2020.0,305.5821392900626,301.41561237910776,303.3559671510489,299.0712668417789,5.0,15.0,37057.0,L5,L8,305.5821392900626,301.41561237910776,crop→veg,0.5544545863285806,302.0,"{""type"":""MultiPoint"",""coordinates"":[]}",
00000000000000000061_6,2000.0,Brasília,-10.82631938086672,-14.852793316560792,-14.852793316560792,2020.0,306.49508867816803,291.64229536160724,301.38503503717425,290.5587156563075,5.0,15.0,210.0,L5,L8,306.49508867816803,291.64229536160724,crop→wat,0.0031420639320236,304.0,"{""type"":""MultiPoint"",""coordinates"":[]}",
00000000000000000061_7,2000.0,Brasília,-0.0713386324059683,1.231389575397543,1.231389575397543,2020.0,300.51300643965016,301.7443960150477,299.9060524433926,299.8347138109866,5.0,15.0,1275.0,L5,L8,300.51300643965016,301.7443960150477,wat→imp,0.0190768167301438,401.0,"{""type"":""MultiPoint"",""coordinates"":[]}",
00000000000000000061_8,2000.0,Brasília,-1.6727026822822495,0.3357941032009535,0.3357941032009535,2020.0,300.07130338682686,300.4070974900278,299.1755810950274,297.50287841274513,5.0,15.0,1254.0,L5,L8,300.07130338682686,300.4070974900278,wat→veg,0.0187626103369414,402.0,"{""type"":""MultiPoint"",""coordinates"":[]}",
00000000000000000061_9,2000.0,Brasília,13.248647718375594,13.248647718375594,13.248647718375594,2020.0,293.5695900507105,306.81823776908607,293.5695900507105,306.81823776908607,5.0,15.0,8.0,L5,L8,293.5695900507105,306.81823776908607,wat→crop,0.00011969767360090252,403.0,"{""type"":""MultiPoint"",""coordinates"":[]}",
00000000000000000061_10,2000.0,Brasília,-1.0011982690397758,0.0334420663215837,0.0334420663215837,2020.0,298.21957442870945,298.25301649503103,297.807148821281,296.8059505522412,5.0,15.0,8.0,L5,L8,298.21957442870945,298.25301649503103,wat→bare,0.00011969767360090252,405.0,"{""type"":""MultiPoint"",""coordinates"":[]}",
00000000000000000061_11,2000.0,Brasília,-2.112016490998826,-0.9070222258380908,-0.9070222258380908,2020.0,300.42233044739794,299.51530822155985,299.7016378084418,297.58962131744295,5.0,15.0,20.0,L5,L8,300.42233044739794,299.51530822155985,bare→wat,0.0002992441840022563,504.0,"{""type"":""MultiPoint"",""coordinates"":[]}",
00000000000000000061_12,2000.0,Brasília,-2.971946293619567,-1.4864290508554632,-1.4864290508554632,2020.0,306.0622517130672,304.57582266221175,304.57094093006265,301.5989946364431,5.0,15.0,767448.0,L5,L8,306.0622517130672,304.57582266221175,imp→imp,11.482717526208178,101.0,"{""type"":""MultiPoint"",""coordinates"":[]}",
00000000000000000061_13,2000.0,Brasília,-3.721054274481844,-2.753534773992726,-2.753534773992726,2020.0,304.14756563577834,301.3940308617856,302.6215665899842,298.90051231550234,5.0,15.0,4188621.0,L5,L8,304.14756563577834,301.3940308617856,veg→veg,62.671023661985735,202.0,"{""type"":""MultiPoint"",""coordinates"":[]}",
00000000000000000061_14,2000.0,Brasília,-3.0125079767025795,-2.9219889563013908,-2.9219889563013908,2020.0,305.3395119455147,302.4175229892133,302.794566646613,299.78205866991044,5.0,15.0,805797.0,L5,L8,305.3395119455147,302.4175229892133,crop→crop,12.056503286823306,303.0,"{""type"":""MultiPoint"",""coordinates"":[]}",
00000000000000000061_15,2000.0,Brasília,-1.1924663638645256,-0.3796913680278067,-0.3796913680278067,2020.0,297.4057042180461,297.0260128500183,297.0155323851862,295.82306602132167,5.0,15.0,69282.0,L5,L8,297.4057042180461,297.0260128500183,wat→wat,1.036611777802216,404.0,"{""type"":""MultiPoint"",""coordinates"":[]}",
0000000000000000004b_0,2000.0,Maputo,5.607922580504862,10.948965150568313,10.940421032473978,2020.0,304.48341610183456,315.4323812524029,304.36383927679356,309.9717618572984,3.0,15.0,65396.0,L5,L8,304.48341610183456,315.42383713430854,veg→imp,15.902690977710554,201.0,"{""type"":""MultiPoint"",""coordinates"":[]}",
0000000000000000004b_1,2000.0,Maputo,7.096481646023108,13.586054899037038,13.57565909135934,2020.0,303.572110354828,317.15816525386504,302.8304438410767,309.9269254870998,3.0,15.0,12264.0,L5,L8,303.572110354828,317.14776944618734,veg→crop,2.98230170271335,203.0,"{""type"":""MultiPoint"",""coordinates"":[]}",
0000000000000000004b_2,2000.0,Maputo,1.6973423102564311,5.5267787993279285,5.524621231863591,2020.0,304.3105995864898,309.8373783858177,304.0953397841497,305.79268209440613,3.0,15.0,760.0,L5,L8,304.3105995864898,309.8352208183534,veg→wat,0.1848132170631234,204.0,"{""type"":""MultiPoint"",""coordinates"":[]}",
0000000000000000004b_3,2000.0,Maputo,2.688297207042069,8.608430393241179,8.482912517090142,2020.0,310.73067676428576,319.33910715752694,310.73067676428576,313.41897397132783,3.0,15.0,41.0,L5,L8,310.73067676428576,319.2135892813759,veg→bare,0.0099701867099842,205.0,"{""type"":""MultiPoint"",""coordinates"":[]}",
0000000000000000004b_4,2000.0,Maputo,4.9331077688719915,10.654384116250014,10.644117559612823,2020.0,304.9033889021531,315.5577730184031,304.8433358056468,309.7764435745188,3.0,15.0,1216.0,L5,L8,304.9033889021531,315.5475064617659,crop→imp,0.2957011473009975,301.0,"{""type"":""MultiPoint"",""coordinates"":[]}",
0000000000000000004b_5,2000.0,Maputo,2.8923351613447608,7.929256647826321,7.914323283074282,2020.0,302.85622619847106,310.7854828462974,302.8016032860221,305.69393844736686,3.0,15.0,711.0,L5,L8,302.85622619847106,310.77054948154534,crop→veg,0.1728976280682641,302.0,"{""type"":""MultiPoint"",""coordinates"":[]}",
0000000000000000004b_6,2000.0,Maputo,4.9216967607599145,10.196779094039584,10.185874415029955,2020.0,303.07384895105497,313.27062804509455,303.07088802681074,307.99258478757065,3.0,15.0,1611.0,L5,L8,303.07384895105497,313.2597233660849,wat→imp,0.3917553851166998,401.0,"{""type"":""MultiPoint"",""coordinates"":[]}",
0000000000000000004b_7,2000.0,Maputo,2.734754655055667,6.675985040031492,6.670918566575892,2020.0,305.6520205920102,312.3280056320417,305.15233888873547,307.88709354379114,3.0,15.0,4993.0,L5,L8,305.6520205920102,312.3229391585861,wat→veg,1.214174201047599,402.0,"{""type"":""MultiPoint"",""coordinates"":[]}",
0000000000000000004b_8,2000.0,Maputo,3.426534735993812,10.341630612747052,10.341630612747052,2020.0,303.41913994411055,313.7607705568576,303.41913994411055,306.84567468010437,3.0,15.0,44.0,L5,L8,303.41913994411055,313.7607705568576,wat→crop,0.0106997125668124,403.0,"{""type"":""MultiPoint"",""coordinates"":[]}",
0000000000000000004b_9,2000.0,Maputo,0.1747605749006879,4.570122635999496,4.570122635999496,2020.0,303.4032112147796,307.9733338507791,303.4032112147796,303.5779717896803,3.0,15.0,10.0,L5,L8,303.4032112147796,307.9733338507791,wat→bare,0.0024317528560937,405.0,"{""type"":""MultiPoint"",""coordinates"":[]}",
0000000000000000004b_10,2000.0,Maputo,2.1373457133740317,6.577837362769742,6.577837362769742,2020.0,305.0768980713713,311.65473543414106,305.0768980713713,307.21424378474535,3.0,15.0,9.0,L5,L8,305.0768980713713,311.65473543414106,bare→imp,0.0021885775704843,501.0,"{""type"":""MultiPoint"",""coordinates"":[]}",
0000000000000000004b_11,2000.0,Maputo,0.7578498758969658,5.2516008578334095,5.2516008578334095,2020.0,303.88852182386836,309.14012268170177,303.88852182386836,304.6463716997653,3.0,15.0,23.0,L5,L8,303.88852182386836,309.14012268170177,bare→veg,0.0055930315690155,502.0,"{""type"":""MultiPoint"",""coordinates"":[]}",
0000000000000000004b_12,2000.0,Maputo,0.0680086654207912,4.586981000115088,4.586981000115088,2020.0,304.08846701890013,308.6754480190152,304.08846701890013,304.1564756843209,3.0,15.0,13.0,L5,L8,304.08846701890013,308.6754480190152,bare→wat,0.0031612787129218,504.0,"{""type"":""MultiPoint"",""coordinates"":[]}",
0000000000000000004b_13,2000.0,Maputo,4.911261238572081,10.078411688724202,10.071912063472666,2020.0,305.7761734660145,315.8545851547387,305.716437371309,310.62769860988107,3.0,15.0,139701.0,L5,L8,305.7761734660145,315.84808552948715,imp→imp,33.97183057491501,101.0,"{""type"":""MultiPoint"",""coordinates"":[]}",
0000000000000000004b_14,2000.0,Maputo,4.784662469297359,9.59152163013323,9.574595991652018,2020.0,303.3749283393346,312.9664499694678,303.2118464811142,307.99650895041157,3.0,15.0,151314.0,L5,L8,303.3749283393346,312.9495243309866,veg→veg,36.79582516669666,202.0,"{""type"":""MultiPoint"",""coordinates"":[]}",
0000000000000000004b_15,2000.0,Maputo,4.2929038842494265,9.856483003625216,9.852743303754949,2020.0,304.0830943587584,313.9395773623836,303.71909767460227,308.0120015588517,3.0,15.0,1289.0,L5,L8,304.0830943587584,313.93583766251334,crop→crop,0.3134529431504817,303.0,"{""type"":""MultiPoint"",""coordinates"":[]}",
0000000000000000004b_16,2000.0,Maputo,-0.3374285326520976,3.660134282091122,3.658199980171617,2020.0,302.7131595155456,306.37329379763673,302.5225950781886,302.1851665455365,3.0,15.0,15977.0,L5,L8,302.7131595155456,306.37135949571723,wat→wat,3.8852115381809513,404.0,"{""type"":""MultiPoint"",""coordinates"":[]}",
0000000000000000004b_17,2000.0,Maputo,-0.0588713283446509,4.174701818133315,4.1730597671228224,2020.0,301.4158316953447,305.590533513478,301.3478131428682,301.2889418145235,3.0,15.0,15854.0,L5,L8,301.4158316953447,305.58889146246753,bare→bare,3.855300978050999,505.0,"{""type"":""MultiPoint"",""coordinates"":[]}",
0000000000000000004e_0,2000.0,Gaborone,8.946677529385113,15.88732148343729,15.88732148343729,2020.0,300.43372494068035,316.32104642411764,300.43372494068035,309.38040247006546,2.0,9.0,24377.0,L5,L8,300.43372494068035,316.32104642411764,veg→imp,7.67516033865539,201.0,"{""type"":""MultiPoint"",""coordinates"":[]}",
0000000000000000004e_1,2000.0,Gaborone,6.373789946067689,12.604926926686346,12.604926926686346,2020.0,300.14294563715913,312.7478725638455,300.14294563715913,306.5167355832268,2.0,9.0,533.0,L5,L8,300.14294563715913,312.7478725638455,veg→crop,0.1678164031875671,203.0,"{""type"":""MultiPoint"",""coordinates"":[]}",
0000000000000000004e_2,2000.0,Gaborone,1.9781390281086717,6.6169284283491265,6.6169284283491265,2020.0,301.49576100499405,308.1126894333432,301.49576100499405,303.4739000331027,2.0,9.0,196.0,L5,L8,301.49576100499405,308.1126894333432,veg→wat,0.0617110976074355,204.0,"{""type"":""MultiPoint"",""coordinates"":[]}",
0000000000000000004e_3,2000.0,Gaborone,,,,2020.0,,313.94314491651215,,309.12119588966584,2.0,9.0,8.0,L5,L8,,313.94314491651215,veg→bare,0.0025188203105075,205.0,"{""type"":""MultiPoint"",""coordinates"":[]}",
0000000000000000004e_4,2000.0,Gaborone,6.573002168158325,15.745622219202346,15.745622219202346,2020.0,300.11952823644145,315.8651504556438,300.11952823644145,306.6925304045998,2.0,9.0,36.0,L5,L8,300.11952823644145,315.8651504556438,crop→imp,0.011334691397284,301.0,"{""type"":""MultiPoint"",""coordinates"":[]}",
0000000000000000004e_5,2000.0,Gaborone,,,,2020.0,,317.7789242346951,,310.8895275202901,2.0,9.0,777.0,L5,L8,,317.7789242346951,crop→veg,0.2446404226580481,302.0,"{""type"":""MultiPoint"",""coordinates"":[]}",
0000000000000000004e_6,2000.0,Gaborone,5.530789260582139,10.087342037166252,10.087342037166252,2020.0,300.05182513162055,310.1391671687868,300.05182513162055,305.5826143922027,2.0,9.0,162.0,L5,L8,300.05182513162055,310.1391671687868,wat→imp,0.0510061112877783,401.0,"{""type"":""MultiPoint"",""coordinates"":[]}",
0000000000000000004e_7,2000.0,Gaborone,8.17478591672375,13.667337381694496,13.667337381694496,2020.0,298.05036562391376,311.71770300560826,298.05036562391376,306.2251515406375,2.0,9.0,3358.0,L5,L8,298.05036562391376,311.71770300560826,wat→veg,1.0572748253355542,402.0,"{""type"":""MultiPoint"",""coordinates"":[]}",
0000000000000000004e_8,2000.0,Gaborone,9.415417465292592,15.160178700851304,15.160178700851304,2020.0,297.71082079603184,312.87099949688314,297.71082079603184,307.12623826132443,2.0,9.0,59.0,L5,L8,297.71082079603184,312.87099949688314,wat→crop,0.0185762997899933,403.0,"{""type"":""MultiPoint"",""coordinates"":[]}",
0000000000000000004e_9,2000.0,Gaborone,4.42572466806979,8.803813834065068,8.803813834065068,2020.0,298.4134643927346,307.2172782267997,298.4134643927346,302.8391890608044,2.0,9.0,217.0,L5,L8,298.4134643927346,307.2172782267997,wat→bare,0.0683230009225179,405.0,"{""type"":""MultiPoint"",""coordinates"":[]}",
0000000000000000004e_10,2000.0,Gaborone,,,,2020.0,,316.2020214791647,,310.9330229266502,2.0,9.0,41.0,L5,L8,,316.2020214791647,bare→imp,0.0129089540913513,501.0,"{""type"":""MultiPoint"",""coordinates"":[]}",
0000000000000000004e_11,2000.0,Gaborone,8.036355158106176,14.486893999329538,14.486893999329538,2020.0,301.97727768260756,316.4641716819371,301.97727768260756,310.01363284071374,2.0,9.0,112299.0,L5,L8,301.97727768260756,316.4641716819371,imp→imp,35.35762525621126,101.0,"{""type"":""MultiPoint"",""coordinates"":[]}",
0000000000000000004e_12,2000.0,Gaborone,6.556332610385539,14.374518829819522,14.374518829819522,2020.0,300.4923123757424,314.86683120556194,300.4923123757424,307.04864498612795,2.0,9.0,156943.0,L5,L8,300.4923123757424,314.86683120556194,veg→veg,49.413901998998774,202.0,"{""type"":""MultiPoint"",""coordinates"":[]}",
0000000000000000004e_13,2000.0,Gaborone,7.022836806105886,13.718183696939946,13.718183696939946,2020.0,300.25001093680544,313.9681946337454,300.25001093680544,307.2728477429113,2.0,9.0,248.0,L5,L8,300.25001093680544,313.9681946337454,crop→crop,0.0780834296257347,303.0,"{""type"":""MultiPoint"",""coordinates"":[]}",
0000000000000000004e_14,2000.0,Gaborone,1.7804149039758386,3.993810720678937,3.993810720678937,2020.0,297.63344129788226,301.6272520185612,297.63344129788226,299.4138562018581,2.0,9.0,18285.0,L5,L8,297.63344129788226,301.6272520185612,wat→wat,5.757078672203873,404.0,"{""type"":""MultiPoint"",""coordinates"":[]}",
0000000000000000004e_15,2000.0,Gaborone,,,,2020.0,,314.25705475174897,,309.3069433154012,2.0,9.0,70.0,L5,L8,,314.25705475174897,bare→bare,0.0220396777169412,505.0,"{""type"":""MultiPoint"",""coordinates"":[]}",
00000000000000000058_0,2000.0,Special capital Region of Jakarta,8.108886086203654,6.365518880202103,6.365518880202103,2020.0,300.167406631022,306.5329255112241,297.21456377029523,305.3234498564989,24.0,30.0,38595.0,L5,L8,300.167406631022,306.5329255112241,veg→imp,3.340815074048459,201.0,"{""type"":""MultiPoint"",""coordinates"":[]}",
00000000000000000058_1,2000.0,Special capital Region of Jakarta,7.118586067133435,4.254505177055137,4.254505177055137,2020.0,299.8214560285601,304.0759612056152,296.38862812876334,303.5072141958968,24.0,30.0,1728.0,L5,L8,299.8214560285601,304.0759612056152,veg→crop,0.1495771070852632,203.0,"{""type"":""MultiPoint"",""coordinates"":[]}",
00000000000000000058_2,2000.0,Special capital Region of Jakarta,9.151623826529658,6.96548425071677,6.96548425071677,2020.0,297.50741909704465,304.4729033477614,294.79807535253957,303.9496991790692,24.0,30.0,1842.0,L5,L8,297.50741909704465,304.4729033477614,veg→wat,0.1594450412332494,204.0,"{""type"":""MultiPoint"",""coordinates"":[]}",
00000000000000000058_3,2000.0,Special capital Region of Jakarta,9.571095276258744,8.86377566066102,8.86377566066102,2020.0,295.71186525795576,304.5756409186168,294.28208125694687,303.8531765332056,24.0,30.0,28.0,L5,L8,295.71186525795576,304.5756409186168,veg→bare,0.0024237031240667,205.0,"{""type"":""MultiPoint"",""coordinates"":[]}",
00000000000000000058_4,2000.0,Special capital Region of Jakarta,9.075843157149508,5.885996274393278,5.885996274393278,2020.0,300.2646160972123,306.1506123716056,296.6145027257625,305.690345882912,24.0,30.0,9351.0,L5,L8,300.2646160972123,306.1506123716056,crop→imp,0.8094302826124402,301.0,"{""type"":""MultiPoint"",""coordinates"":[]}",
00000000000000000058_5,2000.0,Special capital Region of Jakarta,8.06303351394024,5.1793683255677365,5.1793683255677365,2020.0,300.12586173235024,305.305230057918,296.84213522288997,304.9051687368302,24.0,30.0,2043.0,L5,L8,300.12586173235024,305.305230057918,crop→veg,0.1768437672310144,302.0,"{""type"":""MultiPoint"",""coordinates"":[]}",
00000000000000000058_6,2000.0,Special capital Region of Jakarta,7.580906016755932,5.289466504839311,5.289466504839311,2020.0,300.073856803802,305.3633233086413,297.38878676067753,304.96969277743347,24.0,30.0,700.0,L5,L8,300.073856803802,305.3633233086413,crop→wat,0.0605925781016691,304.0,"{""type"":""MultiPoint"",""coordinates"":[]}",
00000000000000000058_7,2000.0,Special capital Region of Jakarta,7.394702632646329,5.157961763992603,5.157961763992603,2020.0,299.4772275621367,304.6351893261293,297.240486693483,304.6351893261293,24.0,30.0,13.0,L5,L8,299.4772275621367,304.6351893261293,crop→bare,0.0011252907361738,305.0,"{""type"":""MultiPoint"",""coordinates"":[]}",
00000000000000000058_8,2000.0,Special capital Region of Jakarta,8.321770517449067,7.318703533113876,7.318703533113876,2020.0,298.63425176048264,305.9529552935965,295.8741907436928,304.19596126114186,24.0,30.0,15571.0,L5,L8,298.63425176048264,305.9529552935965,wat→imp,1.3478386194587004,401.0,"{""type"":""MultiPoint"",""coordinates"":[]}",
00000000000000000058_9,2000.0,Special capital Region of Jakarta,6.436713943355585,7.729769048403966,7.729769048403966,2020.0,298.17575975743614,305.9055288058401,296.2922076181397,302.72892156149527,24.0,30.0,5408.0,L5,L8,298.17575975743614,305.9055288058401,wat→veg,0.4681209462483239,402.0,"{""type"":""MultiPoint"",""coordinates"":[]}",
00000000000000000058_10,2000.0,Special capital Region of Jakarta,5.400052400279037,3.149888063923754,3.149888063923754,2020.0,297.9176726175466,301.06756068147035,295.0313683759347,300.4314207762137,24.0,30.0,535.0,L5,L8,297.9176726175466,301.06756068147035,wat→crop,0.0463100418348471,403.0,"{""type"":""MultiPoint"",""coordinates"":[]}",
00000000000000000058_11,2000.0,Special capital Region of Jakarta,8.847768654469235,6.813530356490389,6.813530356490389,2020.0,296.47109769033744,303.28462804682783,293.7758632875077,302.62363194197695,24.0,30.0,257.0,L5,L8,296.47109769033744,303.28462804682783,wat→bare,0.0222461322458985,405.0,"{""type"":""MultiPoint"",""coordinates"":[]}",
00000000000000000058_12,2000.0,Special capital Region of Jakarta,10.87480781675157,11.251897921680552,11.251897921680552,2020.0,296.691684263545,307.9435821852256,295.91081950461546,306.78562732136703,24.0,30.0,572.0,L5,L8,296.691684263545,307.9435821852256,bare→imp,0.0495127923916496,501.0,"{""type"":""MultiPoint"",""coordinates"":[]}",
00000000000000000058_13,2000.0,Special capital Region of Jakarta,5.05507901663924,2.7086218689247517,2.7086218689247517,2020.0,298.0128465892731,300.7214684581979,295.5729778792151,300.62805689585434,24.0,30.0,33.0,L5,L8,298.0128465892731,300.7214684581979,bare→veg,0.0028565072533644,502.0,"{""type"":""MultiPoint"",""coordinates"":[]}",
00000000000000000058_14,2000.0,Special capital Region of Jakarta,-2.710064151497818,-7.103231645920744,-7.103231645920744,2020.0,299.9899588284666,292.8867271825459,295.5967913340437,292.8867271825459,24.0,30.0,7.0,L5,L8,299.9899588284666,292.8867271825459,bare→crop,0.0006059257810166915,503.0,"{""type"":""MultiPoint"",""coordinates"":[]}",
00000000000000000058_15,2000.0,Special capital Region of Jakarta,4.484455523335669,2.8448034704100564,2.8448034704100564,2020.0,296.4097838109997,299.2545872814098,294.567212334788,299.05166785812366,24.0,30.0,154.0,L5,L8,296.4097838109997,299.2545872814098,bare→wat,0.0133303671823672,504.0,"{""type"":""MultiPoint"",""coordinates"":[]}",
00000000000000000058_16,2000.0,Special capital Region of Jakarta,9.55167092812195,7.446273574289876,7.446273574289876,2020.0,300.9387751368983,308.3850487111882,297.8033608880306,307.3550318161526,24.0,30.0,628819.0,L5,L8,300.9387751368983,308.3850487111882,imp→imp,54.431091956162135,101.0,"{""type"":""MultiPoint"",""coordinates"":[]}",
00000000000000000058_17,2000.0,Special capital Region of Jakarta,7.62535673375379,5.246598223623607,5.246598223623607,2020.0,298.8189783414799,304.0655765651035,295.2125862131733,302.8379429469271,24.0,30.0,17623.0,L5,L8,298.8189783414799,304.0655765651035,veg→veg,1.5254614341224506,202.0,"{""type"":""MultiPoint"",""coordinates"":[]}",
00000000000000000058_18,2000.0,Special capital Region of Jakarta,8.301051547763393,5.116551760102311,5.116551760102311,2020.0,299.5671681143727,304.683719874475,296.3022133823968,304.6032649301602,24.0,30.0,7852.0,L5,L8,299.5671681143727,304.683719874475,crop→crop,0.6796756046490088,303.0,"{""type"":""MultiPoint"",""coordinates"":[]}",
00000000000000000058_19,2000.0,Special capital Region of Jakarta,6.138371363240253,4.323964611353404,4.323964611353404,2020.0,296.94810976142134,301.27207437277474,294.4891529259772,300.62752428921743,24.0,30.0,12493.0,L5,L8,296.94810976142134,301.27207437277474,wat→wat,1.0814043974630754,404.0,"{""type"":""MultiPoint"",""coordinates"":[]}",
00000000000000000058_20,2000.0,Special capital Region of Jakarta,7.740410646298528,5.814682602711343,5.814682602711343,2020.0,295.5349255618505,301.34960816456186,291.9766601730856,299.7170708193841,24.0,30.0,411633.0,L5,L8,295.5349255618505,301.34960816456186,bare→bare,35.63129243103483,505.0,"{""type"":""MultiPoint"",""coordinates"":[]}",
00000000000000000000_0,2000.0,New York,1.8736454848671544,5.4249120383080935,5.424705285743357,2020.0,305.95049614463136,311.37540818293945,304.8910450961434,306.76469058101054,7.0,15.0,36332.0,L5,L8,305.95049614463136,311.3752014303747,veg→imp,2.434304857621441,201.0,"{""type"":""MultiPoint"",""coordinates"":[]}",
00000000000000000000_1,2000.0,New York,1.3670441470392234,4.510460178688163,4.5104246432904915,2020.0,305.02025281260387,309.53071299129203,303.5896999353055,304.9567440823447,7.0,15.0,5334.0,L5,L8,305.02025281260387,309.53067745589436,veg→crop,0.3573869346733668,203.0,"{""type"":""MultiPoint"",""coordinates"":[]}",
00000000000000000000_2,2000.0,New York,0.578575465431129,2.29991066520563,2.299870547967828,2020.0,301.23331047457026,303.5332211397759,300.0049830378192,300.58355850325034,7.0,15.0,3423.0,L5,L8,301.23331047457026,303.5331810225381,veg→wat,0.2293467336683417,204.0,"{""type"":""MultiPoint"",""coordinates"":[]}",
00000000000000000000_3,2000.0,New York,0.4573473946128388,2.541852581771934,2.541852581771934,2020.0,302.22029063014577,304.7621432119177,300.99222939931684,301.4495767939297,7.0,15.0,8.0,L5,L8,302.22029063014577,304.7621432119177,veg→bare,0.0005360134003350084,205.0,"{""type"":""MultiPoint"",""coordinates"":[]}",
00000000000000000000_4,2000.0,New York,2.7786885187121015,6.800902725382343,6.800783944837519,2020.0,304.3616285249963,311.16253125037866,302.9981369661496,305.7768254848617,7.0,15.0,983.0,L5,L8,304.3616285249963,311.16241246983384,crop→imp,0.0658626465661641,301.0,"{""type"":""MultiPoint"",""coordinates"":[]}",
00000000000000000000_5,2000.0,New York,1.6756042475819868,3.94075683274275,3.940611766144798,2020.0,303.2378901058112,307.1786469385539,301.385456146642,303.061060394224,7.0,15.0,987.0,L5,L8,303.2378901058112,307.178501871956,crop→veg,0.0661306532663316,302.0,"{""type"":""MultiPoint"",""coordinates"":[]}",
00000000000000000000_6,2000.0,New York,3.317670059808961,4.198074734515615,4.198074734515615,2020.0,300.9919526179155,305.1900273524311,298.2992906834709,301.61696074327983,7.0,15.0,1.0,L5,L8,300.9919526179155,305.1900273524311,crop→wat,6.700167504187605e-05,304.0,"{""type"":""MultiPoint"",""coordinates"":[]}",
00000000000000000000_7,2000.0,New York,1.9357342319181612,4.887011616986285,4.886705547703514,2020.0,303.9649869848569,308.8519986018432,302.9714436057042,304.9071778376224,7.0,15.0,27913.0,L5,L8,303.9649869848569,308.85169253256043,wat→imp,1.870217755443886,401.0,"{""type"":""MultiPoint"",""coordinates"":[]}",
00000000000000000000_8,2000.0,New York,3.2226105480076512,5.390568182840241,5.390492198749939,2020.0,300.5616966575443,305.95226484038454,299.27851562599113,302.5011261739988,7.0,15.0,1854.0,L5,L8,300.5616966575443,305.95218885629424,wat→veg,0.1242211055276382,402.0,"{""type"":""MultiPoint"",""coordinates"":[]}",
00000000000000000000_9,2000.0,New York,0.5214679442826196,2.6658588693189245,2.6658588693189245,2020.0,300.40435598325587,303.0702148525748,299.5457106763898,300.0671786206724,7.0,15.0,12.0,L5,L8,300.40435598325587,303.0702148525748,wat→bare,0.0008040201005025126,405.0,"{""type"":""MultiPoint"",""coordinates"":[]}",
00000000000000000000_10,2000.0,New York,2.179119102472612,5.410973653524195,5.410973653524195,2020.0,305.21855641266205,310.62953006618625,304.2464180425137,306.4255371449863,7.0,15.0,253.0,L5,L8,305.21855641266205,310.62953006618625,bare→imp,0.0169514237855946,501.0,"{""type"":""MultiPoint"",""coordinates"":[]}",
00000000000000000000_11,2000.0,New York,-4.428558583568304,-2.495723626788674,-2.495723626788674,2020.0,304.61411916979927,302.1183955430106,303.91595286895586,299.48739428538755,7.0,15.0,102.0,L5,L8,304.61411916979927,302.1183955430106,bare→wat,0.0068341708542713,504.0,"{""type"":""MultiPoint"",""coordinates"":[]}",
00000000000000000000_12,2000.0,New York,1.5223807288246576,6.1747262737828805,6.174554946802459,2020.0,307.3461466647493,313.5208729385322,306.543740975666,308.0661217044907,7.0,15.0,990556.0,L5,L8,307.3461466647493,313.5207016115518,imp→imp,66.36891122278057,101.0,"{""type"":""MultiPoint"",""coordinates"":[]}",
00000000000000000000_13,2000.0,New York,1.0441977023743334,4.2543019018229415,4.254235614437221,2020.0,301.8118842357345,306.06618613755745,300.58646513761954,301.6306628399939,7.0,15.0,71540.0,L5,L8,301.8118842357345,306.06611985017173,veg→veg,4.793299832495813,202.0,"{""type"":""MultiPoint"",""coordinates"":[]}",
00000000000000000000_14,2000.0,New York,1.4141951019640828,5.724655289944508,5.724472352207897,2020.0,303.42432493959194,309.14898022953645,302.24977134170575,303.66396644366984,7.0,15.0,7282.0,L5,L8,303.42432493959194,309.14879729179984,crop→crop,0.4879061976549413,303.0,"{""type"":""MultiPoint"",""coordinates"":[]}",
00000000000000000000_15,2000.0,New York,0.3104487408176624,2.1552711774159548,2.1552002756762363,2020.0,299.14514422857866,301.3004154059946,297.84136219678555,298.1518109376032,7.0,15.0,47382.0,L5,L8,299.14514422857866,301.3003445042549,wat→wat,3.174673366834171,404.0,"{""type"":""MultiPoint"",""coordinates"":[]}",
00000000000000000000_16,2000.0,New York,0.2954032626316802,1.7940195626201785,1.793990625501408,2020.0,297.0302012373698,298.82422079999,295.622627189266,295.91803045189766,7.0,15.0,298538.0,L5,L8,297.0302012373698,298.8241918628712,bare→bare,20.00254606365159,505.0,"{""type"":""MultiPoint"",""coordinates"":[]}",
00000000000000000011_0,,Mumbai,,,,,,,,,,,,,,,,NO_DATA,,,"{""type"":""MultiPoint"",""coordinates"":[]}",Insufficient LST imagery
00000000000000000012_0,2000.0,Karachi Division,-6.003177542881417,-1.6678134334392212,-1.674825042893815,2020.0,313.24360102123586,311.57578758779664,311.2191842280353,305.2160066851539,24.0,24.0,159907.0,L5,L8,313.2435991331996,311.5687740903058,veg→imp,3.375045721530604,201.0,"{""type"":""MultiPoint"",""coordinates"":[]}",
00000000000000000012_1,2000.0,Karachi Division,-6.910945177904239,-2.648452874482814,-2.7299439919511315,2020.0,314.8916146263452,312.2431617518624,312.0227000784221,305.11175490051784,24.0,24.0,84823.0,L5,L8,314.8914257152729,312.16148172332174,veg→crop,1.7903000071128243,203.0,"{""type"":""MultiPoint"",""coordinates"":[]}",
00000000000000000012_2,2000.0,Karachi Division,-7.643265040460392,-7.226398448995781,-7.264353774268898,2020.0,315.53600769653696,308.3096092475412,311.0584497373082,303.4151846968478,24.0,24.0,19199.0,L5,L8,315.53598297372787,308.27162919945897,veg→wat,0.4052199266302668,204.0,"{""type"":""MultiPoint"",""coordinates"":[]}",
00000000000000000012_3,2000.0,Karachi Division,-4.091901344269502,-1.7914447966818443,-1.8371265464371616,2020.0,315.0625730344732,313.27112823779134,310.7990961449702,306.7071948007007,24.0,24.0,91119.0,L5,L8,315.0587503262392,313.22162377980203,veg→bare,1.92318529582912,205.0,"{""type"":""MultiPoint"",""coordinates"":[]}",
00000000000000000012_4,2000.0,Karachi Division,-5.971611872969049,-0.9766809469816736,-0.9777987896667356,2020.0,311.2459626623099,310.26928171532825,309.97761152437397,304.0059996514049,24.0,24.0,5207.0,L5,L8,311.2459626623099,310.2681638726432,crop→imp,0.1099005238795665,301.0,"{""type"":""MultiPoint"",""coordinates"":[]}",
00000000000000000012_5,2000.0,Karachi Division,-6.295746424138599,-1.2262062094976611,-1.251290443684752,2020.0,313.66247720789704,312.4362709983994,311.34700086147467,305.05125443733607,24.0,24.0,11886.0,L5,L8,313.66239296195494,312.4111025182702,crop→veg,0.2508695269507448,302.0,"{""type"":""MultiPoint"",""coordinates"":[]}",
00000000000000000012_6,2000.0,Karachi Division,-8.96235636977076,-9.974105408102616,-10.018278914503696,2020.0,316.26836338748967,306.29425797938706,310.7024447658222,301.7400883960514,24.0,24.0,724.0,L5,L8,316.26836338748967,306.250084472986,crop→wat,0.015280963950222,304.0,"{""type"":""MultiPoint"",""coordinates"":[]}",
00000000000000000012_7,2000.0,Karachi Division,-5.087262345043939,-3.7420663925958024,-3.769406022019325,2020.0,316.5265810239572,312.7845146313614,311.35152054451515,306.2642581994712,24.0,24.0,1039.0,L5,L8,316.5258805148753,312.756474492856,crop→bare,0.0219294496467965,305.0,"{""type"":""MultiPoint"",""coordinates"":[]}",
00000000000000000012_8,2000.0,Karachi Division,1.5836482814262354,6.381587794147549,6.381587794147549,2020.0,304.6167980367981,310.99838583094567,303.6741086816648,305.257756963091,24.0,24.0,2049.0,L5,L8,304.6167980367981,310.99838583094567,wat→imp,0.0432468164834322,401.0,"{""type"":""MultiPoint"",""coordinates"":[]}",
00000000000000000012_9,2000.0,Karachi Division,-1.212229989301136,2.4858131536437327,2.4856624151623237,2020.0,305.2643382009757,307.75015135461945,303.5717261063587,302.3594961170576,24.0,24.0,4818.0,L5,L8,305.2643382009757,307.75000061613804,wat→veg,0.101690171701892,402.0,"{""type"":""MultiPoint"",""coordinates"":[]}",
00000000000000000012_10,2000.0,Karachi Division,-4.362439282312948,-2.942978070292668,-2.9435474577064156,2020.0,310.3451598652527,307.40218179496003,306.2203573375389,301.857918055226,24.0,24.0,80.0,L5,L8,310.3451598652527,307.4016124075463,wat→crop,0.0016885043038919,403.0,"{""type"":""MultiPoint"",""coordinates"":[]}",
00000000000000000012_11,2000.0,Karachi Division,4.192882330663622,10.007967479833042,10.007967479833042,2020.0,303.83008267034216,313.8380501501752,302.43041333135875,306.6232956620224,24.0,24.0,9775.0,L5,L8,303.83008267034216,313.8380501501752,wat→bare,0.2063141196317963,405.0,"{""type"":""MultiPoint"",""coordinates"":[]}",
00000000000000000012_12,2000.0,Karachi Division,-5.132964559600168,-0.5733616848021938,-0.5848966360521786,2020.0,313.79851429319393,313.22515260839174,311.3826083819093,306.2496438223091,24.0,24.0,142708.0,L5,L8,313.7984879442168,313.2135913081646,bare→imp,3.0120384024976357,501.0,"{""type"":""MultiPoint"",""coordinates"":[]}",
00000000000000000012_13,2000.0,Karachi Division,-5.769629670944653,-0.5543624785432826,-0.5944953783900928,2020.0,315.02570738848357,314.4713449099403,312.1308642554726,306.36123458452795,24.0,24.0,572224.0,L5,L8,315.02561802704565,314.43112264865556,bare→veg,12.077533584878262,502.0,"{""type"":""MultiPoint"",""coordinates"":[]}",
00000000000000000012_14,2000.0,Karachi Division,-6.761131903945341,-2.686570120880333,-2.751116644680394,2020.0,316.0128904516938,313.3263203308135,312.5181075289417,305.75697562499636,24.0,24.0,34279.0,L5,L8,316.01249969266604,313.26138304798565,bare→crop,0.7235029879138972,503.0,"{""type"":""MultiPoint"",""coordinates"":[]}",
00000000000000000012_15,2000.0,Karachi Division,-6.637503240572016,-5.483989769993684,-5.490388373599785,2020.0,315.43359298076285,309.94960321076917,310.89452151072817,304.25701827015615,24.0,24.0,18734.0,L5,L8,315.4334842028508,309.94309582925104,bare→wat,0.3954054953638948,504.0,"{""type"":""MultiPoint"",""coordinates"":[]}",
00000000000000000012_16,2000.0,Karachi Division,-3.9915464239243192,0.7838683547527125,0.7781347905472558,2020.0,311.56705930100026,312.35092765575297,309.7813598006548,305.7898133767305,24.0,24.0,495050.0,L5,L8,311.5670520677006,312.34518685824787,imp→imp,10.448675695521306,101.0,"{""type"":""MultiPoint"",""coordinates"":[]}",
00000000000000000012_17,2000.0,Karachi Division,-5.665968886738199,-1.4892605271068078,-1.5485819621620749,2020.0,314.34576861040887,312.85650808330206,311.3680657640771,305.7020968773389,24.0,24.0,761520.0,L5,L8,314.3454644540785,312.79688249191645,veg→veg,16.072872468747367,202.0,"{""type"":""MultiPoint"",""coordinates"":[]}",
00000000000000000012_18,2000.0,Karachi Division,-7.0127430936991,-2.783419407768463,-2.8134033330805437,2020.0,313.2334317615691,310.4500123538006,310.9692087430251,303.956465649326,24.0,24.0,44730.0,L5,L8,313.233337281812,310.41993394873145,crop→crop,0.9440849689135804,303.0,"{""type"":""MultiPoint"",""coordinates"":[]}",
00000000000000000012_19,2000.0,Karachi Division,-0.5272736215538885,2.219961851631865,2.2199535653788303,2020.0,304.69913821807864,306.9191000697105,302.77152739235714,302.24425377080325,24.0,24.0,38538.0,L5,L8,304.69913821807864,306.9190917834575,wat→wat,0.8133947357923443,404.0,"{""type"":""MultiPoint"",""coordinates"":[]}",
00000000000000000012_20,2000.0,Karachi Division,-4.225315448942695,-2.4736910473205285,-2.524258295403911,2020.0,315.27754156031045,312.8038505129899,310.7030469827987,306.477731533856,24.0,24.0,2239512.0,L5,L8,315.27506673058963,312.7508084351857,bare→bare,47.26782063272055,505.0,"{""type"":""MultiPoint"",""coordinates"":[]}",
00000000000000000014_0,2000.0,Baghdad,5.812983395273079,6.402006389583221,5.55040808741137,2020.0,326.094517290776,332.49652368035925,320.23230270027614,326.0452860955492,11.0,12.0,138581.0,L5,L8,325.81213206436087,331.36254015177224,veg→imp,12.076849270540214,201.0,"{""type"":""MultiPoint"",""coordinates"":[]}",
00000000000000000014_1,2000.0,Baghdad,7.007299269992245,7.8578135867430206,7.018840454350141,2020.0,325.05766478989585,332.9154783766389,319.3080180751963,326.31531734518853,11.0,12.0,25021.0,L5,L8,324.7270134507935,331.74585390514363,veg→crop,2.180492604312183,203.0,"{""type"":""MultiPoint"",""coordinates"":[]}",
00000000000000000014_2,2000.0,Baghdad,-4.836094656597027,-5.504573254734851,-6.082693361152224,2020.0,325.39290844584826,319.8883351911134,319.6933135768309,314.8572189202339,11.0,12.0,3641.0,L5,L8,325.20426627066195,319.1215729095097,veg→wat,0.3173004105471667,204.0,"{""type"":""MultiPoint"",""coordinates"":[]}",
00000000000000000014_3,2000.0,Baghdad,6.590983860237202,7.2059084927101935,6.177973539630216,2020.0,330.0874863387864,337.2933948314966,323.40064536878305,329.99162922902025,11.0,12.0,40072.0,L5,L8,329.7552713159399,335.93324485557014,veg→bare,3.4921345925421767,205.0,"{""type"":""MultiPoint"",""coordinates"":[]}",
00000000000000000014_4,2000.0,Baghdad,7.080560884565102,7.428154654310845,6.672744925585107,2020.0,325.21045204407415,332.638606698385,319.1047555089954,326.1853163935605,11.0,12.0,27459.0,L5,L8,324.86519963512967,331.5379445607148,crop→imp,2.392955774022151,301.0,"{""type"":""MultiPoint"",""coordinates"":[]}",
00000000000000000014_5,2000.0,Baghdad,7.809871726810456,8.631768236487517,7.657127739360874,2020.0,324.76544400543105,333.39721224191857,318.7776478018931,326.5875195287036,11.0,12.0,29705.0,L5,L8,324.4702921820662,332.1274199214271,crop→veg,2.5886868155187,302.0,"{""type"":""MultiPoint"",""coordinates"":[]}",
00000000000000000014_6,2000.0,Baghdad,-4.339177083265838,-4.4654366189311645,-5.028923548535431,2020.0,323.4077532422392,318.94231662330805,318.26467546911795,313.9254983858521,11.0,12.0,749.0,L5,L8,323.21921782064385,318.1902942721084,crop→wat,0.0652727293325536,304.0,"{""type"":""MultiPoint"",""coordinates"":[]}",
00000000000000000014_7,2000.0,Baghdad,7.71185138358652,8.227719984163741,7.287601870130061,2020.0,328.2608921147446,336.48861209890833,321.5322728534617,329.2441242370482,11.0,12.0,6648.0,L5,L8,327.7874934114101,335.07509528154014,crop→bare,0.5793499393896084,305.0,"{""type"":""MultiPoint"",""coordinates"":[]}",
00000000000000000014_8,2000.0,Baghdad,7.32364621429366,7.9979354175022195,7.185521369282242,2020.0,319.7091174346129,327.7070528521151,314.40024453049966,321.7238907447933,11.0,12.0,1985.0,L5,L8,319.42522144872,326.6107428180022,wat→imp,0.1729858047064339,401.0,"{""type"":""MultiPoint"",""coordinates"":[]}",
00000000000000000014_9,2000.0,Baghdad,8.833747609124941,10.140513741936786,9.119733996002424,2020.0,317.7745886967612,327.915102438698,313.0683091891837,321.90205679830865,11.0,12.0,1156.0,L5,L8,317.58116991175905,326.7009039077615,wat→veg,0.100741355284956,402.0,"{""type"":""MultiPoint"",""coordinates"":[]}",
00000000000000000014_10,2000.0,Baghdad,6.104761684039886,6.9788950565204,6.582944988288887,2020.0,316.0421968902625,323.0210919467829,311.54171862855026,317.64648031259014,11.0,12.0,492.0,L5,L8,315.7805504224292,322.3634954107181,wat→crop,0.0428760785468843,403.0,"{""type"":""MultiPoint"",""coordinates"":[]}",
00000000000000000014_11,2000.0,Baghdad,13.012987348345176,15.067533461908738,13.749670204909194,2020.0,319.55122030935064,334.6187537712594,314.36916380328876,327.38215115163393,11.0,12.0,1264.0,L5,L8,319.399994594973,333.1496647998822,wat→bare,0.1101531774050037,405.0,"{""type"":""MultiPoint"",""coordinates"":[]}",
00000000000000000014_12,2000.0,Baghdad,4.262954647767003,4.5227377877174035,3.843779894904287,2020.0,328.468800336117,332.9915381238344,322.31581249541955,326.57876714318655,11.0,12.0,57318.0,L5,L8,328.1284673362379,331.9722472311422,bare→imp,4.99506315071203,501.0,"{""type"":""MultiPoint"",""coordinates"":[]}",
00000000000000000014_13,2000.0,Baghdad,5.199997346829264,5.5079981123801645,4.598497476318698,2020.0,328.05098051976836,333.5589786321485,321.6695182834065,326.86951563023575,11.0,12.0,2069.0,L5,L8,327.6982804429556,332.2967779192743,bare→veg,0.1803061107998044,502.0,"{""type"":""MultiPoint"",""coordinates"":[]}",
00000000000000000014_14,2000.0,Baghdad,5.534597750828311,5.499203133623041,4.813221725245171,2020.0,331.6738887579446,337.17309189156765,324.64076590235953,330.17536365318784,11.0,12.0,1004.0,L5,L8,331.23992411380164,336.0531458390468,bare→crop,0.0874950871159998,503.0,"{""type"":""MultiPoint"",""coordinates"":[]}",
00000000000000000014_15,2000.0,Baghdad,-5.67693124972152,-6.2489095427634425,-6.614041644235499,2020.0,324.8547444530395,318.60583491027603,319.2375387794272,313.5606075297057,11.0,12.0,1882.0,L5,L8,324.5443106441927,317.9302689999572,bare→wat,0.1640097150919439,504.0,"{""type"":""MultiPoint"",""coordinates"":[]}",
00000000000000000014_16,2000.0,Baghdad,6.0114194733724275,7.128549060901662,6.1379546846567905,2020.0,325.51375711477704,332.6423061756787,320.1213349366279,326.1327544100003,11.0,12.0,499567.0,L5,L8,325.3422708726938,331.4802255573506,imp→imp,43.535516120795506,101.0,"{""type"":""MultiPoint"",""coordinates"":[]}",
00000000000000000014_17,2000.0,Baghdad,6.6433345322423065,7.533457091051844,6.557962184493022,2020.0,324.99559654526144,332.5290536363133,319.3289466426129,325.9722811748552,11.0,12.0,178095.0,L5,L8,324.74129571658784,331.29925790108086,veg→veg,15.520356115462144,202.0,"{""type"":""MultiPoint"",""coordinates"":[]}",
00000000000000000014_18,2000.0,Baghdad,6.707307000043045,7.071082810295252,6.223679801037633,2020.0,324.89433616841353,331.9654189787088,318.7462862803572,325.45359328040024,11.0,12.0,64745.0,L5,L8,324.5446619974257,330.7683417984633,crop→crop,5.642300214467539,303.0,"{""type"":""MultiPoint"",""coordinates"":[]}",
00000000000000000014_19,2000.0,Baghdad,2.145996492100096,3.5557657456505467,2.8479742422309755,2020.0,312.6504206886129,316.20618643426343,309.4534663925877,311.5994628846878,11.0,12.0,19690.0,L5,L8,312.5807064412674,315.4286806834984,wat→wat,1.7159146068864908,404.0,"{""type"":""MultiPoint"",""coordinates"":[]}",
00000000000000000014_20,2000.0,Baghdad,6.104134961309057,6.510425238593712,5.55740420278255,2020.0,330.5747464533199,337.0851716919136,323.8043561803274,329.90849114163643,11.0,12.0,46350.0,L5,L8,330.22715755918045,335.784561761963,bare→bare,4.03924032652051,505.0,"{""type"":""MultiPoint"",""coordinates"":[]}",
00000000000000000028_0,2000.0,Baku City,6.39824181503576,3.927835671589776,3.927835671589776,2020.0,320.3638361250921,324.2916717966819,312.10552155627283,318.5037633713086,25.0,29.0,3.0,L5,L8,320.3638361250921,324.2916717966819,imp→veg,1.8787542206213567e-05,102.0,"{""type"":""MultiPoint"",""coordinates"":[]}",
00000000000000000028_1,2000.0,Baku City,6.381638890805789,3.354518571996607,3.354518571996607,2020.0,321.12974539434447,324.4842639663411,312.7162416965848,319.0978805873906,25.0,29.0,2.0,L5,L8,321.12974539434447,324.4842639663411,imp→bare,1.252502813747571e-05,105.0,"{""type"":""MultiPoint"",""coordinates"":[]}",
00000000000000000028_2,2000.0,Baku City,4.513903338391287,2.913700469490493,2.913994956535703,2020.0,315.07558254763336,317.98928301712385,310.211047325042,314.7249506634333,25.0,29.0,312652.0,L5,L8,315.0751231406212,317.9891180971569,veg→imp,1.957987548619028,201.0,"{""type"":""MultiPoint"",""coordinates"":[]}",
00000000000000000028_3,2000.0,Baku City,4.6622107929684375,3.570680847755341,3.502500272738928,2020.0,313.9971270101373,317.56780785789266,309.383834454814,314.04604524778244,25.0,29.0,18381.0,L5,L8,313.9949227269566,317.4974229996955,veg→crop,0.1151112710974705,203.0,"{""type"":""MultiPoint"",""coordinates"":[]}",
00000000000000000028_4,2000.0,Baku City,-1.1032627080906536,-3.9764347422301967,-3.935967794695216,2020.0,314.9577565675073,310.9813218252771,308.72762686495304,307.6243641568624,25.0,29.0,5123.0,L5,L8,314.9149049975464,310.97893720285117,veg→wat,0.032082859574144,204.0,"{""type"":""MultiPoint"",""coordinates"":[]}",
00000000000000000028_5,2000.0,Baku City,5.139231595169804,2.8656149101615824,2.7807023973770697,2020.0,318.089483460736,320.9550983708976,311.1480020835285,316.2872336786983,25.0,29.0,134026.0,L5,L8,318.074869781635,320.8555721790121,veg→bare,0.8393397105766599,205.0,"{""type"":""MultiPoint"",""coordinates"":[]}",
00000000000000000028_6,2000.0,Baku City,6.0610389436471905,5.060692448982252,5.060692448982252,2020.0,310.58542576846605,315.6461182174483,307.1866087093934,313.2476476530406,25.0,29.0,6509.0,L5,L8,310.58542576846605,315.6461182174483,crop→imp,0.0407627040734147,301.0,"{""type"":""MultiPoint"",""coordinates"":[]}",
00000000000000000028_7,2000.0,Baku City,6.707517510462708,5.256268742008842,5.2701252223487245,2020.0,312.59756249844634,317.8538312404552,308.08344301452075,314.79096052498346,25.0,29.0,5325.0,L5,L8,312.57911956536486,317.8492447877136,crop→veg,0.033347887416029,302.0,"{""type"":""MultiPoint"",""coordinates"":[]}",
00000000000000000028_8,2000.0,Baku City,4.724853709794331,2.4596273129890847,2.4596273129890847,2020.0,310.2866263391682,312.7462536521573,304.05555478479175,308.7804084945861,25.0,29.0,35.0,L5,L8,310.2866263391682,312.7462536521573,crop→wat,0.00021918799240582497,304.0,"{""type"":""MultiPoint"",""coordinates"":[]}",
00000000000000000028_9,2000.0,Baku City,2.6440572474828627,1.063297690249783,1.063297690249783,2020.0,313.70492933187967,314.76822702212945,308.7344194580062,311.37847670548905,25.0,29.0,181.0,L5,L8,313.70492933187967,314.76822702212945,crop→bare,0.0011335150464415,305.0,"{""type"":""MultiPoint"",""coordinates"":[]}",
00000000000000000028_10,2000.0,Baku City,7.538124651423971,6.000289213842791,6.085075908016222,2020.0,306.799524364615,312.7998135784578,301.42884606066116,308.96697071208513,25.0,29.0,35717.0,L5,L8,306.6873375365086,312.77241344452483,wat→imp,0.2236782149931099,401.0,"{""type"":""MultiPoint"",""coordinates"":[]}",
00000000000000000028_11,2000.0,Baku City,12.888966923217936,11.380943830657316,11.374767086432769,2020.0,304.90873021834796,316.28967404900527,300.22161165301566,313.1105785762336,25.0,29.0,47270.0,L5,L8,304.8758838114324,316.25065089786517,wat→veg,0.2960290400292384,402.0,"{""type"":""MultiPoint"",""coordinates"":[]}",
00000000000000000028_12,2000.0,Baku City,8.275347263361084,6.8370831334773925,6.806508224351887,2020.0,307.4380979577249,314.2751810912023,301.99630463866686,310.27165190202794,25.0,29.0,442.0,L5,L8,307.4380979577249,314.2446061820768,wat→crop,0.0027680312183821,403.0,"{""type"":""MultiPoint"",""coordinates"":[]}",
00000000000000000028_13,2000.0,Baku City,10.805026224994435,9.18267055907114,9.201111593051962,2020.0,305.98921335686384,315.171883915935,301.22695715647455,312.031983381469,25.0,29.0,34587.0,L5,L8,305.9566403655794,315.15775195863137,wat→bare,0.2166015740954362,405.0,"{""type"":""MultiPoint"",""coordinates"":[]}",
00000000000000000028_14,2000.0,Baku City,5.40990783946819,3.152261887460213,3.1513217173525163,2020.0,315.05282784602537,318.2050897334856,308.8230536092066,314.2329614486748,25.0,29.0,11259.0,L5,L8,315.04246802868204,318.19378974603455,bare→imp,0.0705096458999195,501.0,"{""type"":""MultiPoint"",""coordinates"":[]}",
00000000000000000028_15,2000.0,Baku City,6.999770213408567,4.442230098944833,4.416373035709967,2020.0,317.39585179540717,321.838081894352,310.2613726558688,317.26114286927736,25.0,29.0,46378.0,L5,L8,317.3951141435635,321.81148717927346,bare→veg,0.2904428774799242,502.0,"{""type"":""MultiPoint"",""coordinates"":[]}",
00000000000000000028_16,2000.0,Baku City,3.590555269008462,0.2921955404419236,-0.0718011828639646,2020.0,321.2026159511027,321.4948114915446,311.7706591984362,315.36121446744465,25.0,29.0,125.0,L5,L8,321.2026159511027,321.13081476823874,bare→crop,0.0007828142585922319,503.0,"{""type"":""MultiPoint"",""coordinates"":[]}",
00000000000000000028_17,2000.0,Baku City,-2.0447322500917835,-4.70312495681992,-4.690767246709129,2020.0,313.18151224611523,308.4783872892953,307.8700346346389,305.8253023845471,25.0,29.0,2271.0,L5,L8,313.16731523636474,308.4765479896556,bare→wat,0.0142221694501036,504.0,"{""type"":""MultiPoint"",""coordinates"":[]}",
00000000000000000028_18,2000.0,Baku City,4.875123312411574,4.119998825417838,4.119937159866026,2020.0,313.6229915066334,317.74299033205125,309.17695932276706,314.05208263517864,25.0,29.0,570122.0,L5,L8,313.62288027230164,317.74281743216767,imp→imp,3.5703970458969634,101.0,"{""type"":""MultiPoint"",""coordinates"":[]}",
00000000000000000028_19,2000.0,Baku City,6.6144170238638935,4.420668202537513,4.510795825141599,2020.0,318.6285752644573,323.0492434669948,311.7088025203311,318.323219544195,25.0,29.0,1616796.0,L5,L8,318.4597718718762,322.9705676970178,veg→veg,10.12520769627909,202.0,"{""type"":""MultiPoint"",""coordinates"":[]}",
00000000000000000028_20,2000.0,Baku City,5.49776155825856,3.986540379429414,3.985860229151285,2020.0,311.8095227198544,315.7960630992838,306.92475303174126,312.4225145899998,25.0,29.0,5683.0,L5,L8,311.8095227198544,315.79538294900567,crop→crop,0.0355898674526372,303.0,"{""type"":""MultiPoint"",""coordinates"":[]}",
00000000000000000028_21,2000.0,Baku City,1.828622906780936,-1.0430419066534569,-0.918759392079437,2020.0,300.8960748398743,299.85303293322085,295.69826454584467,297.5268874526256,25.0,29.0,12919295.0,L5,L8,300.7578550627916,299.83909567071214,wat→wat,80.90726669567462,404.0,"{""type"":""MultiPoint"",""coordinates"":[]}",
00000000000000000028_22,2000.0,Baku City,5.913232138748867,3.2071398965313165,3.146811091103075,2020.0,319.7045957572028,322.9117356537341,311.243789060499,317.1570211992479,25.0,29.0,195846.0,L5,L8,319.67388425540196,322.82069534650503,bare→bare,1.226488330306034,505.0,"{""type"":""MultiPoint"",""coordinates"":[]}",
0000000000000000001a_0,2000.0,Manila,23.638358529534287,24.92802923086458,24.92802923086458,2020.0,291.6888808014839,316.61691003234847,291.6888808014839,315.3272393310182,3.0,4.0,8864.0,L5,L8,291.6888808014839,316.61691003234847,veg→imp,12.787812337699808,201.0,"{""type"":""MultiPoint"",""coordinates"":[]}",
0000000000000000001a_1,2000.0,Manila,,,,2020.0,,309.40075308001497,,308.7359478215956,3.0,4.0,15.0,L5,L8,,309.40075308001497,veg→wat,0.0216400253909631,204.0,"{""type"":""MultiPoint"",""coordinates"":[]}",
0000000000000000001a_2,2000.0,Manila,,,,2020.0,,310.5470987042106,,310.5470987042106,3.0,4.0,1.0,L5,L8,,310.5470987042106,veg→bare,0.0014426683593975,205.0,"{""type"":""MultiPoint"",""coordinates"":[]}",
0000000000000000001a_3,2000.0,Manila,,,,2020.0,,312.23772082509157,,309.2630961646578,3.0,4.0,4.0,L5,L8,,312.23772082509157,crop→imp,0.0057706734375901,301.0,"{""type"":""MultiPoint"",""coordinates"":[]}",
0000000000000000001a_4,2000.0,Manila,,,,2020.0,,308.75368249865085,,306.96400486199843,3.0,4.0,2.0,L5,L8,,308.75368249865085,crop→veg,0.002885336718795,302.0,"{""type"":""MultiPoint"",""coordinates"":[]}",
0000000000000000001a_5,2000.0,Manila,,,,2020.0,,308.3609759230776,,306.72047492440686,3.0,4.0,5.0,L5,L8,,308.3609759230776,crop→wat,0.0072133417969877,304.0,"{""type"":""MultiPoint"",""coordinates"":[]}",
0000000000000000001a_6,2000.0,Manila,21.898656536592796,22.8070232790144,22.8070232790144,2020.0,290.5917570850732,313.3987803640876,290.5917570850732,312.490413621666,3.0,4.0,4639.0,L5,L8,290.5917570850732,313.3987803640876,wat→imp,6.692538519245196,401.0,"{""type"":""MultiPoint"",""coordinates"":[]}",
0000000000000000001a_7,2000.0,Manila,,,,2020.0,,310.76967320765516,,310.23772556999756,3.0,4.0,7.0,L5,L8,,310.76967320765516,wat→veg,0.0100986785157827,402.0,"{""type"":""MultiPoint"",""coordinates"":[]}",
0000000000000000001a_8,2000.0,Manila,,,,2020.0,,309.9265803942966,,309.540929197224,3.0,4.0,13.0,L5,L8,,309.9265803942966,wat→bare,0.018754688672168,405.0,"{""type"":""MultiPoint"",""coordinates"":[]}",
0000000000000000001a_9,2000.0,Manila,25.579791506735265,26.478035051218455,26.478035051218455,2020.0,286.0223216318165,312.50035668303497,286.0223216318165,311.6021131385518,3.0,4.0,68.0,L5,L8,286.0223216318165,312.50035668303497,bare→imp,0.0981014484390328,501.0,"{""type"":""MultiPoint"",""coordinates"":[]}",
0000000000000000001a_10,2000.0,Manila,,,,2020.0,,306.52378402605495,,306.52378402605495,3.0,4.0,3.0,L5,L8,,306.52378402605495,bare→wat,0.0043280050781926,504.0,"{""type"":""MultiPoint"",""coordinates"":[]}",
0000000000000000001a_11,2000.0,Manila,23.393829377858367,24.78662765947172,24.78662765947172,2020.0,292.2778982381097,317.0645258975814,292.2778982381097,315.67172761596805,3.0,4.0,33180.0,L5,L8,292.2778982381097,317.0645258975814,imp→imp,47.86773616481043,101.0,"{""type"":""MultiPoint"",""coordinates"":[]}",
0000000000000000001a_12,2000.0,Manila,,,,2020.0,,310.72359997397234,,308.6023595287849,3.0,4.0,11.0,L5,L8,,310.72359997397234,veg→veg,0.0158693519533729,202.0,"{""type"":""MultiPoint"",""coordinates"":[]}",
0000000000000000001a_13,2000.0,Manila,,,,2020.0,,307.3499499307112,,307.0627491876237,3.0,4.0,784.0,L5,L8,,307.3499499307112,wat→wat,1.1310519937676728,404.0,"{""type"":""MultiPoint"",""coordinates"":[]}",
0000000000000000001a_14,2000.0,Manila,19.43831707462408,19.820726549506617,19.820726549506617,2020.0,284.2546757943718,304.0754023438784,284.2546757943718,303.6929928689959,3.0,4.0,21720.0,L5,L8,284.2546757943718,304.0754023438784,bare→bare,31.33475676611461,505.0,"{""type"":""MultiPoint"",""coordinates"":[]}",
00000000000000000003_0,2000.0,Toronto,4.7672354904585745,8.13983141026182,8.181865419706867,2020.0,303.5711656501888,311.7109970604506,300.0019414048536,304.76917689531217,15.0,21.0,17053.0,L5,L8,303.51968107527046,311.7015464949773,veg→imp,1.6586682021643515,201.0,"{""type"":""MultiPoint"",""coordinates"":[]}",
00000000000000000003_1,2000.0,Toronto,5.834332668104764,9.719298544882632,9.839895064550149,2020.0,301.331311319485,311.05060986436763,298.40481417561864,304.2391468437234,15.0,21.0,2596.0,L5,L8,301.20488058652006,311.0447756510702,veg→crop,0.2525011817755618,203.0,"{""type"":""MultiPoint"",""coordinates"":[]}",
00000000000000000003_2,2000.0,Toronto,2.679364286289342,4.74436707868108,4.769924044202753,2020.0,299.39777763942925,304.14214471811033,296.47570537697146,299.1550696632608,15.0,21.0,354.0,L5,L8,299.36951409456015,304.1394381387629,veg→wat,0.0344319793330311,204.0,"{""type"":""MultiPoint"",""coordinates"":[]}",
00000000000000000003_3,2000.0,Toronto,,,,2020.0,,,,,15.0,21.0,1.0,L5,L8,,,veg→bare,9.726547834189594e-05,205.0,"{""type"":""MultiPoint"",""coordinates"":[]}",
00000000000000000003_4,2000.0,Toronto,9.301198401397755,12.837642863185865,13.03002812637692,2020.0,302.94974673175443,315.7873895949403,299.5897710772433,308.89096947864107,15.0,21.0,5675.0,L5,L8,302.7487875827344,315.7788157091113,crop→imp,0.5519815895902594,301.0,"{""type"":""MultiPoint"",""coordinates"":[]}",
00000000000000000003_5,2000.0,Toronto,4.871460946463287,8.244780670856983,8.30932557293977,2020.0,301.60142795860673,309.8462086294637,298.4410135094441,303.31247445590736,15.0,21.0,1521.0,L5,L8,301.5258826107221,309.83520818366185,crop→veg,0.1479407925580237,302.0,"{""type"":""MultiPoint"",""coordinates"":[]}",
00000000000000000003_6,2000.0,Toronto,5.658199674630453,8.260388970266604,8.35479879961656,2020.0,302.7813186394614,311.041707609728,299.5059569085047,305.16415658313514,15.0,21.0,42.0,L5,L8,302.6706110599091,311.02540985952567,crop→wat,0.0040851500903596,304.0,"{""type"":""MultiPoint"",""coordinates"":[]}",
00000000000000000003_7,2000.0,Toronto,2.682713541992314,4.305396423629588,4.307364887347319,2020.0,299.8038149659716,304.10921138960117,296.573351934846,299.25606547683833,15.0,21.0,7221.0,L5,L8,299.7941934130739,304.10155830042123,wat→imp,0.7023540191068305,401.0,"{""type"":""MultiPoint"",""coordinates"":[]}",
00000000000000000003_8,2000.0,Toronto,3.5277564273760618,5.934345977429416,5.936807903659087,2020.0,298.4078979738376,304.342243951267,295.4126119756842,298.94036840306023,15.0,21.0,512.0,L5,L8,298.40388010486413,304.3406880085232,wat→veg,0.0497999249110507,402.0,"{""type"":""MultiPoint"",""coordinates"":[]}",
00000000000000000003_9,2000.0,Toronto,4.749406067247264,7.960657318045264,7.958728806297017,2020.0,298.05565098795176,306.01630830599703,296.0698721346313,300.81927820187855,15.0,21.0,6.0,L5,L8,298.05549508186084,306.01422388815786,wat→crop,0.0005835928700513756,403.0,"{""type"":""MultiPoint"",""coordinates"":[]}",
00000000000000000003_10,2000.0,Toronto,4.967533598511636,5.336614113696271,5.336614113696271,2020.0,296.4340238543786,301.7706379680749,292.97085646582974,297.9383900643414,15.0,21.0,32.0,L5,L8,296.4340238543786,301.7706379680749,wat→bare,0.0031124953069406,405.0,"{""type"":""MultiPoint"",""coordinates"":[]}",
00000000000000000003_11,2000.0,Toronto,4.833260787611152,8.244555982989539,8.244555982989539,2020.0,302.900186391132,311.14474237412156,298.88838902916274,303.7216498167739,15.0,21.0,44.0,L5,L8,302.900186391132,311.14474237412156,bare→imp,0.0042796810470434,501.0,"{""type"":""MultiPoint"",""coordinates"":[]}",
00000000000000000003_12,2000.0,Toronto,2.0600624673375023,2.4712486680608663,2.4712486680608663,2020.0,298.40295725020167,300.87420591826253,294.30082064181613,296.36088310915363,15.0,21.0,1.0,L5,L8,298.40295725020167,300.87420591826253,bare→veg,9.726547834189594e-05,502.0,"{""type"":""MultiPoint"",""coordinates"":[]}",
00000000000000000003_13,2000.0,Toronto,6.461640455123586,9.83925738018695,9.991220355001076,2020.0,307.65689434266255,317.4961517228495,303.4347120583465,309.8963525134701,15.0,21.0,894872.0,L5,L8,307.49351204266543,317.4847323976665,imp→imp,87.0401531347691,101.0,"{""type"":""MultiPoint"",""coordinates"":[]}",
00000000000000000003_14,2000.0,Toronto,5.065644671721088,8.719856812976332,8.797851621167865,2020.0,299.8512662329781,308.57112304595444,296.9406981825808,302.00634285430186,15.0,21.0,38424.0,L5,L8,299.7631790962761,308.56103071744394,veg→veg,3.73732873980901,202.0,"{""type"":""MultiPoint"",""coordinates"":[]}",
00000000000000000003_15,2000.0,Toronto,6.904477880690024,10.89216973547019,10.90383207984098,2020.0,301.9924803979614,312.8846501334316,298.65283203997177,305.5573099206618,15.0,21.0,15094.0,L5,L8,301.905747268136,312.809579347977,crop→crop,1.4681251300925773,303.0,"{""type"":""MultiPoint"",""coordinates"":[]}",
00000000000000000003_16,2000.0,Toronto,0.802638194496069,1.0792477279070454,1.0584680821966683,2020.0,294.8806742092612,295.95992193716825,291.70431979793443,292.5069579924305,15.0,21.0,44666.0,L5,L8,294.87702975127,295.9354978334667,wat→wat,4.344459855619124,404.0,"{""type"":""MultiPoint"",""coordinates"":[]}",
00000000000000000062_0,2000.0,Dhaka,8.13788765896453,11.030172053828949,11.030172053828949,2020.0,291.90596010304876,302.9361321568777,291.85168482181564,299.98957248078017,3.0,9.0,97951.0,L5,L8,291.90596010304876,302.9361321568777,veg→imp,5.436777774879179,201.0,"{""type"":""MultiPoint"",""coordinates"":[]}",
00000000000000000062_1,2000.0,Dhaka,8.400449397097702,11.548997614471602,11.548997614471602,2020.0,290.99468560437214,302.54368321884374,290.9068081141021,299.3072575111998,3.0,9.0,25642.0,L5,L8,290.99468560437214,302.54368321884374,veg→crop,1.4232611785836993,203.0,"{""type"":""MultiPoint"",""coordinates"":[]}",
00000000000000000062_2,2000.0,Dhaka,7.670742816966481,9.77778719866177,9.77778719866177,2020.0,291.5831717943917,301.3609589930535,291.5699398182519,299.2406826352184,3.0,9.0,13147.0,L5,L8,291.5831717943917,301.3609589930535,veg→wat,0.7297252443194717,204.0,"{""type"":""MultiPoint"",""coordinates"":[]}",
00000000000000000062_3,2000.0,Dhaka,,,,2020.0,,296.41929221198006,,296.41929221198006,3.0,9.0,3.0,L5,L8,,296.41929221198006,veg→bare,0.0001665152303155408,205.0,"{""type"":""MultiPoint"",""coordinates"":[]}",
00000000000000000062_4,2000.0,Dhaka,7.174240568794119,10.474941927033116,10.474941927033116,2020.0,291.2287502336685,301.7036921607016,291.18973566909074,298.36397623788486,3.0,9.0,101950.0,L5,L8,291.2287502336685,301.7036921607016,crop→imp,5.658742576889795,301.0,"{""type"":""MultiPoint"",""coordinates"":[]}",
00000000000000000062_5,2000.0,Dhaka,5.887058303349818,9.414715233179663,9.414715233179663,2020.0,291.63948952018865,301.0542047533683,291.57774208008243,297.46480038343225,3.0,9.0,126343.0,L5,L8,291.63948952018865,301.0542047533683,crop→veg,7.012677914585458,302.0,"{""type"":""MultiPoint"",""coordinates"":[]}",
00000000000000000062_6,2000.0,Dhaka,8.183519133592881,10.14886471714641,10.14886471714641,2020.0,290.2942830398634,300.4431477570098,290.26391295874777,298.44743209234065,3.0,9.0,42849.0,L5,L8,290.2942830398634,300.4431477570098,crop→wat,2.378337034596869,304.0,"{""type"":""MultiPoint"",""coordinates"":[]}",
00000000000000000062_7,2000.0,Dhaka,,,,2020.0,,299.03152761308826,,294.2090769151319,3.0,9.0,81.0,L5,L8,,299.03152761308826,crop→bare,0.0044959112185196,305.0,"{""type"":""MultiPoint"",""coordinates"":[]}",
00000000000000000062_8,2000.0,Dhaka,8.16057660186209,10.513176298684698,10.513176298684698,2020.0,289.9163271602582,300.4295034589429,289.91453633216224,298.07511293402433,3.0,9.0,26675.0,L5,L8,289.9163271602582,300.4295034589429,wat→imp,1.4805979228890171,401.0,"{""type"":""MultiPoint"",""coordinates"":[]}",
00000000000000000062_9,2000.0,Dhaka,8.293778523281674,10.205951192391067,10.205951192391067,2020.0,290.4924790794932,300.69843027188426,290.478223492206,298.77200201548766,3.0,9.0,12517.0,L5,L8,290.4924790794932,300.69843027188426,wat→veg,0.6947570459532081,402.0,"{""type"":""MultiPoint"",""coordinates"":[]}",
00000000000000000062_10,2000.0,Dhaka,3.745744076986568,7.289686989120355,7.289686989120355,2020.0,290.0136449985323,297.30333198765265,290.0025942521199,293.74833832910645,3.0,9.0,20076.0,L5,L8,290.0136449985323,297.30333198765265,wat→crop,1.1143199212715993,403.0,"{""type"":""MultiPoint"",""coordinates"":[]}",
00000000000000000062_11,2000.0,Dhaka,5.946212709301847,6.494031541826359,6.494031541826359,2020.0,293.3953903237991,299.8894218656255,293.3953903237991,299.34160303310097,3.0,9.0,346.0,L5,L8,293.3953903237991,299.8894218656255,wat→bare,0.019204756563059,405.0,"{""type"":""MultiPoint"",""coordinates"":[]}",
00000000000000000062_12,2000.0,Dhaka,5.495308371888939,9.648260480720012,9.648260480720012,2020.0,294.3679019427831,304.0161624235031,294.3679019427831,299.863210314672,3.0,9.0,23.0,L5,L8,294.3679019427831,304.0161624235031,bare→imp,0.0012766167657524,501.0,"{""type"":""MultiPoint"",""coordinates"":[]}",
00000000000000000062_13,2000.0,Dhaka,,,,2020.0,,303.9476765581029,,303.07999896213494,3.0,9.0,9.0,L5,L8,,303.9476765581029,bare→veg,0.0004995456909466224,502.0,"{""type"":""MultiPoint"",""coordinates"":[]}",
00000000000000000062_14,2000.0,Dhaka,,,,2020.0,,288.3697578841145,,285.3265840130688,3.0,9.0,8.0,L5,L8,,288.3697578841145,bare→crop,0.0004440406141747755,503.0,"{""type"":""MultiPoint"",""coordinates"":[]}",
00000000000000000062_15,2000.0,Dhaka,4.014041164128116,6.081703697527189,6.081703697527189,2020.0,293.7440227297782,299.82572642730537,293.7440227297782,297.7580638939063,3.0,9.0,38.0,L5,L8,293.7440227297782,299.82572642730537,bare→wat,0.0021091929173301,504.0,"{""type"":""MultiPoint"",""coordinates"":[]}",
00000000000000000062_16,2000.0,Dhaka,8.046212948563038,10.449237147156452,10.449237147156452,2020.0,292.07111423579875,302.5203513829552,292.0274752468802,300.07368819544325,3.0,9.0,572395.0,L5,L8,292.07111423579875,302.5203513829552,imp→imp,31.770828418821328,101.0,"{""type"":""MultiPoint"",""coordinates"":[]}",
00000000000000000062_17,2000.0,Dhaka,8.394351522167938,10.707964476442896,10.707964476442896,2020.0,291.7863674844369,302.4943319608798,291.69084380013317,300.0851953223011,3.0,9.0,228147.0,L5,L8,291.7863674844369,302.4943319608798,veg→veg,12.663316750266562,202.0,"{""type"":""MultiPoint"",""coordinates"":[]}",
00000000000000000062_18,2000.0,Dhaka,7.496172457778812,10.995594897450928,10.995594897450928,2020.0,291.11114522793173,302.10674012538266,291.04448643303346,298.54065889081227,3.0,9.0,455433.0,L5,L8,291.11114522793173,302.10674012538266,crop→crop,25.27884362943257,303.0,"{""type"":""MultiPoint"",""coordinates"":[]}",
00000000000000000062_19,2000.0,Dhaka,5.242915266221473,7.567943116171023,7.567943116171023,2020.0,290.7319341059032,298.2998772220742,290.728033940045,295.9709492062665,3.0,9.0,78003.0,L5,L8,290.7319341059032,298.2998772220742,wat→wat,4.329562503434377,404.0,"{""type"":""MultiPoint"",""coordinates"":[]}",
00000000000000000062_20,2000.0,Dhaka,,,,2020.0,,,,,3.0,9.0,1.0,L5,L8,,,bare→bare,5.5505076771846934e-05,505.0,"{""type"":""MultiPoint"",""coordinates"":[]}",
0000000000000000002b_0,2000.0,San Francisco,0.2330989800274778,0.2010523425606152,0.2010523425606152,2020.0,307.87823099390886,308.0792833364695,306.2654968267076,306.49859580673507,9.0,15.0,5403.0,L5,L8,307.87823099390886,308.0792833364695,veg→imp,1.8227760984562236,201.0,"{""type"":""MultiPoint"",""coordinates"":[]}",
0000000000000000002b_1,2000.0,San Francisco,0.8140687588664832,0.8380071587735074,0.8380071587735074,2020.0,301.79566835483024,302.63367551360375,300.7370404566266,301.55110921549306,9.0,15.0,82.0,L5,L8,301.79566835483024,302.63367551360375,veg→crop,0.0276638238151786,203.0,"{""type"":""MultiPoint"",""coordinates"":[]}",
0000000000000000002b_2,2000.0,San Francisco,-0.2904519208227611,-0.1710989884438731,-0.1743449740880009,2020.0,299.9145583158667,299.74345932742284,298.6913432898365,298.4008913690137,9.0,15.0,209.0,L5,L8,299.9145583158667,299.7402133417787,veg→wat,0.0705090143581992,204.0,"{""type"":""MultiPoint"",""coordinates"":[]}",
0000000000000000002b_3,2000.0,San Francisco,3.848990238962813,4.84617145434936,4.84617145434936,2020.0,304.7549937418653,309.60116519621465,304.22566689118105,308.07465713014386,9.0,15.0,51.0,L5,L8,304.7549937418653,309.60116519621465,veg→bare,0.0172055489582208,205.0,"{""type"":""MultiPoint"",""coordinates"":[]}",
0000000000000000002b_4,2000.0,San Francisco,1.3296581126109004,1.4940405980901232,1.4940405980901232,2020.0,304.6202606517065,306.1143012497966,303.62909511739593,304.95875323000683,9.0,15.0,26.0,L5,L8,304.6202606517065,306.1143012497966,crop→imp,0.008771456331642,301.0,"{""type"":""MultiPoint"",""coordinates"":[]}",
0000000000000000002b_5,2000.0,San Francisco,8.519476976358078,9.049543233360623,9.049543233360623,2020.0,303.9298542062465,312.9793974396071,302.8176598569015,311.3371368332596,9.0,15.0,10.0,L5,L8,303.9298542062465,312.9793974396071,crop→veg,0.0033736370506315,302.0,"{""type"":""MultiPoint"",""coordinates"":[]}",
0000000000000000002b_6,2000.0,San Francisco,0.9465995202800171,0.8958804920814032,0.8958804920814032,2020.0,303.69210124275213,304.58798173483353,302.54800834529607,303.4946078655761,9.0,15.0,3631.0,L5,L8,303.69210124275213,304.58798173483353,wat→imp,1.224967613084314,401.0,"{""type"":""MultiPoint"",""coordinates"":[]}",
0000000000000000002b_7,2000.0,San Francisco,6.598949529451261,7.235809571070035,7.235798882177335,2020.0,297.30665848871587,304.5424680597859,296.9725009000023,303.57145042945353,9.0,15.0,439.0,L5,L8,297.30665848871587,304.5424573708932,wat→veg,0.1481026665227248,402.0,"{""type"":""MultiPoint"",""coordinates"":[]}",
0000000000000000002b_8,2000.0,San Francisco,2.6217437844727556,2.885078632193654,2.885078632193654,2020.0,292.7796990516613,295.66477768385494,292.11888609972607,294.7406298841988,9.0,15.0,10.0,L5,L8,292.7796990516613,295.66477768385494,wat→bare,0.0033736370506315,405.0,"{""type"":""MultiPoint"",""coordinates"":[]}",
0000000000000000002b_9,2000.0,San Francisco,0.0300846647613752,-0.0338666407656091,-0.0338666407656091,2020.0,310.6545390226125,310.6206723818469,308.78195948389106,308.81204414865243,9.0,15.0,230.0,L5,L8,310.6545390226125,310.6206723818469,bare→imp,0.0775936521645255,501.0,"{""type"":""MultiPoint"",""coordinates"":[]}",
0000000000000000002b_10,2000.0,San Francisco,5.372398017285491,5.710361592659069,5.710361592659069,2020.0,294.2503141322289,299.96067572488795,294.04247911009895,299.41487712738444,9.0,15.0,14.0,L5,L8,294.2503141322289,299.96067572488795,bare→veg,0.0047230918708841,502.0,"{""type"":""MultiPoint"",""coordinates"":[]}",
0000000000000000002b_11,2000.0,San Francisco,0.0980487414104231,0.3318658883846979,0.3318658883846979,2020.0,294.2520662406952,294.5839321290799,293.634743499473,293.73279224088344,9.0,15.0,30.0,L5,L8,294.2520662406952,294.5839321290799,bare→wat,0.0101209111518946,504.0,"{""type"":""MultiPoint"",""coordinates"":[]}",
0000000000000000002b_12,2000.0,San Francisco,0.0255167234190594,-0.5064951836492355,-0.5064951836492355,2020.0,310.0826322803143,309.57613709666504,307.8975211962855,307.92303791970454,9.0,15.0,157467.0,L5,L8,310.0826322803143,309.57613709666504,imp→imp,53.12365054517974,101.0,"{""type"":""MultiPoint"",""coordinates"":[]}",
0000000000000000002b_13,2000.0,San Francisco,1.3896753678149023,1.568978227194748,1.568178199774593,2020.0,301.084815515772,302.65379374296674,299.898788600147,301.2884639679619,9.0,15.0,4506.0,L5,L8,301.084815515772,302.6529937155466,veg→veg,1.5201608550145742,202.0,"{""type"":""MultiPoint"",""coordinates"":[]}",
0000000000000000002b_14,2000.0,San Francisco,-0.4508340336051333,-0.7580641371097272,-0.7580641371097272,2020.0,304.31438022350966,303.55631608639993,302.8395581450237,302.3887241114186,9.0,15.0,394.0,L5,L8,304.31438022350966,303.55631608639993,crop→crop,0.1329212997948828,303.0,"{""type"":""MultiPoint"",""coordinates"":[]}",
0000000000000000002b_15,2000.0,San Francisco,-0.0746614642608278,-0.1576359634835284,-0.1579119772820263,2020.0,297.8605163700533,297.70288040656976,296.8527070184193,296.7780455541585,9.0,15.0,4721.0,L5,L8,297.8605163700533,297.70260439277126,wat→wat,1.5926940516031522,404.0,"{""type"":""MultiPoint"",""coordinates"":[]}",
0000000000000000002b_16,2000.0,San Francisco,0.5968190864933831,1.3876075040332694,1.3872776791995989,2020.0,291.2308487483986,292.6184562524319,290.68867059028827,291.28548967678165,9.0,15.0,119193.0,L5,L8,291.2308487483986,292.6181264275982,bare→bare,40.21139209759257,505.0,"{""type"":""MultiPoint"",""coordinates"":[]}",
00000000000000000054_0,2000.0,City of Georgetown,-0.0467114719374421,0.2997195453256154,0.2997195453256154,2020.0,302.8171006990181,303.1168202443437,302.8171006990181,302.77038922708067,1.0,3.0,3771.0,L5,L8,302.8171006990181,303.1168202443437,veg→imp,9.130529527130092,201.0,"{""type"":""MultiPoint"",""coordinates"":[]}",
00000000000000000054_1,2000.0,City of Georgetown,-0.335213158580359,-0.335213158580359,-0.335213158580359,2020.0,301.3324085705938,300.99719541201347,301.3324085705938,300.99719541201347,1.0,3.0,190.0,L5,L8,301.3324085705938,300.99719541201347,veg→crop,0.4600372872327546,203.0,"{""type"":""MultiPoint"",""coordinates"":[]}",
00000000000000000054_2,2000.0,City of Georgetown,,,,2020.0,,,,,1.0,3.0,11.0,L5,L8,,,veg→wat,0.0266337376818963,204.0,"{""type"":""MultiPoint"",""coordinates"":[]}",
00000000000000000054_3,2000.0,City of Georgetown,0.0606719273930025,0.1879856832883888,0.1879856832883888,2020.0,301.53006947579286,301.71805515908125,301.53006947579286,301.59074140318586,1.0,3.0,700.0,L5,L8,301.53006947579286,301.71805515908125,crop→imp,1.6948742161206751,301.0,"{""type"":""MultiPoint"",""coordinates"":[]}",
00000000000000000054_4,2000.0,City of Georgetown,-1.3079950545093195,-1.3015206785264013,-1.3015206785264013,2020.0,300.70292967343636,299.40140899490996,300.70292967343636,299.39493461892704,1.0,3.0,3527.0,L5,L8,300.70292967343636,299.40140899490996,crop→veg,8.539744800368029,302.0,"{""type"":""MultiPoint"",""coordinates"":[]}",
00000000000000000054_5,2000.0,City of Georgetown,,,,2020.0,,,,,1.0,3.0,1.0,L5,L8,,,crop→wat,0.0024212488801723,304.0,"{""type"":""MultiPoint"",""coordinates"":[]}",
00000000000000000054_6,2000.0,City of Georgetown,-0.3256216274043595,0.1697443309399204,0.1697443309399204,2020.0,305.5391788174649,305.70892314840484,305.5391788174649,305.21355719006056,1.0,3.0,217.0,L5,L8,305.5391788174649,305.70892314840484,wat→imp,0.5254110069974093,401.0,"{""type"":""MultiPoint"",""coordinates"":[]}",
00000000000000000054_7,2000.0,City of Georgetown,,,,2020.0,,,,,1.0,3.0,6.0,L5,L8,,,wat→veg,0.0145274932810343,402.0,"{""type"":""MultiPoint"",""coordinates"":[]}",
00000000000000000054_8,2000.0,City of Georgetown,0.3489306442178872,0.3489306442178872,0.3489306442178872,2020.0,304.4510675918377,304.7999982360556,304.4510675918377,304.7999982360556,1.0,3.0,5.0,L5,L8,304.4510675918377,304.7999982360556,wat→bare,0.0121062444008619,405.0,"{""type"":""MultiPoint"",""coordinates"":[]}",
00000000000000000054_9,2000.0,City of Georgetown,3.183063435372901,4.68656004823265,4.68656004823265,2020.0,304.7730652479064,309.45962529613905,304.7730652479064,307.9561286832793,1.0,3.0,8.0,L5,L8,304.7730652479064,309.45962529613905,bare→imp,0.0193699910413791,501.0,"{""type"":""MultiPoint"",""coordinates"":[]}",
00000000000000000054_10,2000.0,City of Georgetown,0.4908947411780104,0.8744095261008624,0.8744095261008624,2020.0,303.81967556029986,304.6940850864007,303.81967556029986,304.31057030147787,1.0,3.0,28869.0,L5,L8,303.81967556029986,304.6940850864007,imp→imp,69.89903392169681,101.0,"{""type"":""MultiPoint"",""coordinates"":[]}",
00000000000000000054_11,2000.0,City of Georgetown,-0.9013408479431178,-0.726603125812801,-0.726603125812801,2020.0,301.2683032507631,300.5417001249503,301.2683032507631,300.36696240282,1.0,3.0,3685.0,L5,L8,301.2683032507631,300.5417001249503,veg→veg,8.922302123435268,202.0,"{""type"":""MultiPoint"",""coordinates"":[]}",
00000000000000000054_12,2000.0,City of Georgetown,-1.607913167020456,-1.607913167020456,-1.607913167020456,2020.0,301.7649650409756,300.15705187395514,301.7649650409756,300.15705187395514,1.0,3.0,119.0,L5,L8,301.7649650409756,300.15705187395514,crop→crop,0.2881286167405147,303.0,"{""type"":""MultiPoint"",""coordinates"":[]}",
00000000000000000054_13,2000.0,City of Georgetown,-1.6279829059253643,-1.470126501374068,-1.470126501374068,2020.0,304.41596908565896,302.9458425842849,304.41596908565896,302.7879861797336,1.0,3.0,53.0,L5,L8,304.41596908565896,302.9458425842849,wat→wat,0.1283261906491368,404.0,"{""type"":""MultiPoint"",""coordinates"":[]}",
00000000000000000054_14,2000.0,City of Georgetown,-3.0837719150211456,-2.4022566145093265,-2.4022566145093265,2020.0,304.52925468411814,302.1269980696088,304.52925468411814,301.445482769097,1.0,3.0,139.0,L5,L8,304.52925468411814,302.1269980696088,bare→bare,0.3365535943439626,505.0,"{""type"":""MultiPoint"",""coordinates"":[]}",
00000000000000000059_0,2000.0,Bandung City,14.65720970803858,13.234237248984243,13.234237248984243,2020.0,303.4575525655854,316.69178981456963,298.19819451008146,312.85540421812004,13.0,18.0,22486.0,L5,L8,303.4575525655854,316.69178981456963,veg→imp,12.08963730012796,201.0,"{""type"":""MultiPoint"",""coordinates"":[]}",
00000000000000000059_1,2000.0,Bandung City,9.062619849276416,10.125660694059036,10.125660694059036,2020.0,303.08534566360333,313.21100635766237,297.73020985698344,306.79282970625985,13.0,18.0,588.0,L5,L8,303.08534566360333,313.21100635766237,veg→crop,0.3161392302977515,203.0,"{""type"":""MultiPoint"",""coordinates"":[]}",
00000000000000000059_2,2000.0,Bandung City,10.303685954511709,13.166852663056773,13.166852663056773,2020.0,298.00716309706036,311.17401576011713,295.3912127859599,305.6948987404716,13.0,18.0,14.0,L5,L8,298.00716309706036,311.17401576011713,veg→wat,0.0075271245308988,204.0,"{""type"":""MultiPoint"",""coordinates"":[]}",
00000000000000000059_3,2000.0,Bandung City,13.608269489396092,13.596744133282982,13.596744133282982,2020.0,303.28148087457663,316.8782250078596,297.6086471822718,311.2169166716679,13.0,18.0,13989.0,L5,L8,303.28148087457663,316.8782250078596,crop→imp,7.521210361624568,301.0,"{""type"":""MultiPoint"",""coordinates"":[]}",
00000000000000000059_4,2000.0,Bandung City,9.991906271978394,14.868945349542969,14.868945349542969,2020.0,303.80001495555405,318.668960305097,298.17518392659167,308.16709019857007,13.0,18.0,945.0,L5,L8,303.80001495555405,318.668960305097,crop→veg,0.5080809058356721,302.0,"{""type"":""MultiPoint"",""coordinates"":[]}",
00000000000000000059_5,2000.0,Bandung City,9.25735632591386,13.618917349857613,13.618917349857613,2020.0,304.4423287711771,318.0612461210347,298.4987892235125,307.7561455494264,13.0,18.0,18.0,L5,L8,304.4423287711771,318.0612461210347,crop→wat,0.009677731539727,304.0,"{""type"":""MultiPoint"",""coordinates"":[]}",
00000000000000000059_6,2000.0,Bandung City,16.715213000979418,18.34411057696707,18.34411057696707,2020.0,298.9799613505691,317.3240719275362,295.6690976088907,312.3843106098701,13.0,18.0,997.0,L5,L8,298.9799613505691,317.3240719275362,wat→imp,0.5360387969504393,401.0,"{""type"":""MultiPoint"",""coordinates"":[]}",
00000000000000000059_7,2000.0,Bandung City,15.222096452051574,17.44562925963743,17.44562925963743,2020.0,298.3461381900816,315.79176744971903,294.2295114647444,309.451607916796,13.0,18.0,103.0,L5,L8,298.3461381900816,315.79176744971903,wat→veg,0.0553781304773272,402.0,"{""type"":""MultiPoint"",""coordinates"":[]}",
00000000000000000059_8,2000.0,Bandung City,10.792640394774024,14.565193519944389,14.565193519944389,2020.0,299.6599623279746,314.225155847919,295.14173482545647,305.9343752202305,13.0,18.0,343.0,L5,L8,299.6599623279746,314.225155847919,wat→crop,0.1844145510070217,403.0,"{""type"":""MultiPoint"",""coordinates"":[]}",
00000000000000000059_9,2000.0,Bandung City,15.772452241652047,13.727500257416295,13.727500257416295,2020.0,294.39740090492256,308.12490116233886,289.0271371038084,304.79958934546045,13.0,18.0,1.0,L5,L8,294.39740090492256,308.12490116233886,wat→bare,0.0005376517522070604,405.0,"{""type"":""MultiPoint"",""coordinates"":[]}",
00000000000000000059_10,2000.0,Bandung City,19.6565971182319,19.141004287312622,19.141004287312622,2020.0,296.7339939565233,315.87499824383593,294.5177123334896,314.1743094517215,13.0,18.0,61.0,L5,L8,296.7339939565233,315.87499824383593,bare→imp,0.0327967568846306,501.0,"{""type"":""MultiPoint"",""coordinates"":[]}",
00000000000000000059_11,2000.0,Bandung City,22.77812575517464,11.080404234957657,11.080404234957657,2020.0,311.9886806107351,323.06908484569277,299.41644123060263,322.19456698577727,13.0,18.0,11.0,L5,L8,311.9886806107351,323.06908484569277,bare→veg,0.0059141692742776,502.0,"{""type"":""MultiPoint"",""coordinates"":[]}",
00000000000000000059_12,2000.0,Bandung City,12.159000927973524,14.669066622164962,14.669066622164962,2020.0,294.667066108286,309.33613273045097,293.46808232030827,305.6270832482818,13.0,18.0,11.0,L5,L8,294.667066108286,309.33613273045097,bare→crop,0.0059141692742776,503.0,"{""type"":""MultiPoint"",""coordinates"":[]}",
00000000000000000059_13,2000.0,Bandung City,14.718988820484014,12.94638972543578,12.94638972543578,2020.0,302.92328952452425,315.86967924996003,298.025790364838,312.744779185322,13.0,18.0,134215.0,L5,L8,302.92328952452425,315.86967924996003,imp→imp,72.16092992247061,101.0,"{""type"":""MultiPoint"",""coordinates"":[]}",
00000000000000000059_14,2000.0,Bandung City,9.865010669397236,9.350171603787544,9.350171603787544,2020.0,300.9386573874416,310.28882899122914,296.3026385725371,306.1676492419343,13.0,18.0,5266.0,L5,L8,300.9386573874416,310.28882899122914,veg→veg,2.83127412712238,202.0,"{""type"":""MultiPoint"",""coordinates"":[]}",
00000000000000000059_15,2000.0,Bandung City,8.741444528126692,11.39341242610442,11.39341242610442,2020.0,303.6792577795614,315.0726702056658,297.5642550078569,306.3056995359836,13.0,18.0,6923.0,L5,L8,303.6792577795614,315.0726702056658,crop→crop,3.72216308052948,303.0,"{""type"":""MultiPoint"",""coordinates"":[]}",
00000000000000000059_16,2000.0,Bandung City,13.344937964400856,14.694145953399811,14.694145953399811,2020.0,296.61350162780997,311.3076475812098,293.1562969029712,306.50123486737203,13.0,18.0,23.0,L5,L8,296.61350162780997,311.3076475812098,wat→wat,0.0123659903007623,404.0,"{""type"":""MultiPoint"",""coordinates"":[]}",
0000000000000000005a_0,2000.0,Surabaya,1.525930149197109,11.417701017965667,11.417701017965667,2020.0,309.394932986537,320.8126340045027,305.9078895094775,307.4338196586746,4.0,9.0,33616.0,L5,L8,309.394932986537,320.8126340045027,veg→imp,8.878699678300327,201.0,"{""type"":""MultiPoint"",""coordinates"":[]}",
0000000000000000005a_1,2000.0,Surabaya,2.117726911979844,13.217138552831784,13.217138552831784,2020.0,306.53812558993764,319.7552641427694,301.5506059200067,303.66833283198656,4.0,9.0,3696.0,L5,L8,306.53812558993764,319.7552641427694,veg→crop,0.9761921112267375,203.0,"{""type"":""MultiPoint"",""coordinates"":[]}",
0000000000000000005a_2,2000.0,Surabaya,-1.7865529745758977,9.30324804988578,9.30324804988578,2020.0,305.5446568036853,314.8479048535711,304.3251300970215,302.5385771224456,4.0,9.0,1808.0,L5,L8,305.5446568036853,314.8479048535711,veg→wat,0.4775312059247677,204.0,"{""type"":""MultiPoint"",""coordinates"":[]}",
0000000000000000005a_3,2000.0,Surabaya,-1.9427824103145213,8.614328166408086,8.614328166408086,2020.0,306.540782815722,315.1551109821301,305.2996448257334,303.3568624154189,4.0,9.0,48.0,L5,L8,306.540782815722,315.1551109821301,veg→bare,0.0126778196263212,205.0,"{""type"":""MultiPoint"",""coordinates"":[]}",
0000000000000000005a_4,2000.0,Surabaya,2.729009672292989,13.341144312790163,13.341144312790163,2020.0,306.59376540474597,319.93490971753613,302.1977682937313,304.9267779660243,4.0,9.0,13750.0,L5,L8,306.59376540474597,319.93490971753613,crop→imp,3.631667080456613,301.0,"{""type"":""MultiPoint"",""coordinates"":[]}",
0000000000000000005a_5,2000.0,Surabaya,-0.0135787860723439,11.56482836205754,11.56482836205754,2020.0,305.65650514768083,317.2213335097384,300.8752242415365,300.86164545546416,4.0,9.0,1280.0,L5,L8,305.65650514768083,317.2213335097384,crop→veg,0.3380751900352338,302.0,"{""type"":""MultiPoint"",""coordinates"":[]}",
0000000000000000005a_6,2000.0,Surabaya,-2.3349481786283377,6.873890962083465,6.873890962083465,2020.0,305.9972207165984,312.87111167868187,304.66432412604684,302.3293759474185,4.0,9.0,703.0,L5,L8,305.9972207165984,312.87111167868187,crop→wat,0.1856772332771635,304.0,"{""type"":""MultiPoint"",""coordinates"":[]}",
0000000000000000005a_7,2000.0,Surabaya,0.3737200619794407,7.850496919927139,7.850496919927139,2020.0,305.855138321508,313.7056352414351,303.4222523783447,303.79597244032414,4.0,9.0,8.0,L5,L8,305.855138321508,313.7056352414351,crop→bare,0.0021129699377202,305.0,"{""type"":""MultiPoint"",""coordinates"":[]}",
0000000000000000005a_8,2000.0,Surabaya,0.8170866631561466,13.800629102683672,13.800629102683672,2020.0,306.1357384955678,319.9363675982515,305.13046937391744,305.9475560370736,4.0,9.0,21370.0,L5,L8,306.1357384955678,319.9363675982515,wat→imp,5.644270946135114,401.0,"{""type"":""MultiPoint"",""coordinates"":[]}",
0000000000000000005a_9,2000.0,Surabaya,-0.94277608775036,10.305464440827222,10.305464440827222,2020.0,305.26730379021865,315.57276823104587,304.22094255667724,303.2781664689269,4.0,9.0,6725.0,L5,L8,305.26730379021865,315.57276823104587,wat→veg,1.7762153538960526,402.0,"{""type"":""MultiPoint"",""coordinates"":[]}",
0000000000000000005a_10,2000.0,Surabaya,1.2446544309100886,14.351124230452116,14.351124230452116,2020.0,304.7910467315606,319.1421709620127,304.0468820781213,305.2915365090314,4.0,9.0,2351.0,L5,L8,304.7910467315606,319.1421709620127,wat→crop,0.620949040447527,403.0,"{""type"":""MultiPoint"",""coordinates"":[]}",
0000000000000000005a_11,2000.0,Surabaya,-0.9691641998605292,10.644124960454462,10.644124960454462,2020.0,304.9830332640504,315.62715822450485,304.17268301478606,303.20351881492553,4.0,9.0,502.0,L5,L8,304.9830332640504,315.62715822450485,wat→bare,0.1325888635919432,405.0,"{""type"":""MultiPoint"",""coordinates"":[]}",
0000000000000000005a_12,2000.0,Surabaya,-1.8553975821938593,8.823672897743506,8.823672897743506,2020.0,311.60929703320573,320.43296993094924,310.91642157861133,309.0610239964175,4.0,9.0,158.0,L5,L8,311.60929703320573,320.43296993094924,bare→imp,0.0417311562699741,501.0,"{""type"":""MultiPoint"",""coordinates"":[]}",
0000000000000000005a_13,2000.0,Surabaya,-3.05372045111136,9.721411966961853,9.721411966961853,2020.0,306.0823884951576,315.80380046211945,305.1217529435232,302.0680324924118,4.0,9.0,12.0,L5,L8,306.0823884951576,315.80380046211945,bare→veg,0.0031694549065803,502.0,"{""type"":""MultiPoint"",""coordinates"":[]}",
0000000000000000005a_14,2000.0,Surabaya,0.9830562148478634,14.671327243033376,14.671327243033376,2020.0,306.47517027449885,321.1464975175322,305.3796664310015,306.3627226458494,4.0,9.0,15.0,L5,L8,306.47517027449885,321.1464975175322,bare→crop,0.0039618186332253,503.0,"{""type"":""MultiPoint"",""coordinates"":[]}",
0000000000000000005a_15,2000.0,Surabaya,-2.0975717307269974,7.097657811610816,7.097657811610816,2020.0,305.2347851546519,312.3324429662627,304.5141885151929,302.41661678446593,4.0,9.0,161.0,L5,L8,305.2347851546519,312.3324429662627,bare→wat,0.0425235199966192,504.0,"{""type"":""MultiPoint"",""coordinates"":[]}",
0000000000000000005a_16,2000.0,Surabaya,0.3380605466352904,10.069852733224424,10.069852733224424,2020.0,311.4756479748951,321.5455007081195,308.2194687839984,308.5575293306337,4.0,9.0,221245.0,L5,L8,311.4756479748951,321.5455007081195,imp→imp,58.43550423386351,101.0,"{""type"":""MultiPoint"",""coordinates"":[]}",
0000000000000000005a_17,2000.0,Surabaya,0.0090940336237963,10.701996343311292,10.701996343311292,2020.0,305.93158517958517,316.63358152289646,302.47241911514675,302.48151314877055,4.0,9.0,10636.0,L5,L8,305.93158517958517,316.63358152289646,veg→veg,2.809193532199021,202.0,"{""type"":""MultiPoint"",""coordinates"":[]}",
0000000000000000005a_18,2000.0,Surabaya,0.2312630173844354,12.846513515859217,12.846513515859217,2020.0,306.25223559916446,319.0987491150237,301.04080649963714,301.2720695170216,4.0,9.0,10757.0,L5,L8,306.25223559916446,319.0987491150237,crop→crop,2.841152202507039,303.0,"{""type"":""MultiPoint"",""coordinates"":[]}",
0000000000000000005a_19,2000.0,Surabaya,-1.1587131468144207,9.240324135653507,9.240324135653507,2020.0,304.5757366484452,313.8160607840987,303.55953145800737,302.40081831119295,4.0,9.0,40920.0,L5,L8,304.5757366484452,313.8160607840987,wat→wat,10.80784123143888,404.0,"{""type"":""MultiPoint"",""coordinates"":[]}",
0000000000000000005a_20,2000.0,Surabaya,-3.1242815242943607,4.423084848951078,4.423084848951078,2020.0,306.31092687396233,310.7340117229134,304.7300324237991,301.60575089950476,4.0,9.0,8853.0,L5,L8,306.31092687396233,310.7340117229134,bare→bare,2.3382653573296284,505.0,"{""type"":""MultiPoint"",""coordinates"":[]}",
0,2000.0,City of Medan,-8.618582162845371,,,2020.0,,,304.65757125111963,296.03898908827426,,,229820.91764705867,,,,,imp→imp,72.14051292542977,101.0,"{""type"":""MultiPoint"",""coordinates"":[]}",
1,2000.0,City of Medan,-8.168072805032352,,,2020.0,,,302.31917461677097,294.1511018117386,,,22057.372549019605,,,,,veg→imp,6.923783029694704,201.0,"{""type"":""MultiPoint"",""coordinates"":[]}",
2,2000.0,City of Medan,-9.090662167919106,,,2020.0,,,301.00003955223633,291.9093773843172,,,34643.054901960684,,,,,veg→veg,10.874413763194951,202.0,"{""type"":""MultiPoint"",""coordinates"":[]}",
3,2000.0,City of Medan,-2.909301828678963,,,2020.0,,,297.8832293869176,294.97392755823864,,,1402.0196078431372,,,,,veg→crop,0.4400922887125557,203.0,"{""type"":""MultiPoint"",""coordinates"":[]}",
4,2000.0,City of Medan,-5.958243606911594,,,2020.0,,,299.2359928454873,293.2777492385757,,,9651.545098039218,,,,,veg→wat,3.0296085361765925,204.0,"{""type"":""MultiPoint"",""coordinates"":[]}",
5,2000.0,City of Medan,-8.447439722283093,,,2020.0,,,300.43288201866494,291.98544229638185,,,386.43529411764706,,,,,veg→bare,0.1213015795757491,205.0,"{""type"":""MultiPoint"",""coordinates"":[]}",
6,2000.0,City of Medan,-3.694313933595651,,,2020.0,,,298.5072307449424,294.8129168113467,,,4646.098039215687,,,,,crop→imp,1.4584046529897878,301.0,"{""type"":""MultiPoint"",""coordinates"":[]}",
7,2000.0,City of Medan,-4.692974558517108,,,2020.0,,,299.0968936779712,294.4039191194541,,,921.4078431372548,,,,,crop→veg,0.2892288269404455,302.0,"{""type"":""MultiPoint"",""coordinates"":[]}",
8,2000.0,City of Medan,-4.627530155297109,,,2020.0,,,299.14896058229857,294.52143042700146,,,1095.2862745098043,,,,,crop→crop,0.3438090599075267,303.0,"{""type"":""MultiPoint"",""coordinates"":[]}",
9,2000.0,City of Medan,-1.9909813582247011,,,2020.0,,,298.09299624171837,296.10201488349367,,,568.0,,,,,crop→wat,0.1782945249769284,304.0,"{""type"":""MultiPoint"",""coordinates"":[]}",
10,2000.0,City of Medan,0.7533199830833155,,,2020.0,,,298.5468065088871,299.3001264919704,,,14.0,,,,,crop→bare,0.0043945833621073,305.0,"{""type"":""MultiPoint"",""coordinates"":[]}",
11,2000.0,City of Medan,-6.750068387534725,,,2020.0,,,303.9572192705267,297.207150882992,,,1051.643137254902,,,,,wat→imp,0.3301095309896294,401.0,"{""type"":""MultiPoint"",""coordinates"":[]}",
12,2000.0,City of Medan,-10.409342541476406,,,2020.0,,,302.6166217967677,292.20727925529127,,,2250.439215686274,,,,,wat→veg,0.7064101953349219,402.0,"{""type"":""MultiPoint"",""coordinates"":[]}",
13,2000.0,City of Medan,-6.630010466313649,,,2020.0,,,299.6059901538823,292.97597968756867,,,17.239215686274513,,,,,wat→crop,0.0054113693164773,403.0,"{""type"":""MultiPoint"",""coordinates"":[]}",
14,2000.0,City of Medan,-5.997880270499934,,,2020.0,,,300.70759540192455,294.7097151314246,,,8488.399999999996,,,,,wat→wat,2.6644986722080257,404.0,"{""type"":""MultiPoint"",""coordinates"":[]}",
15,2000.0,City of Medan,-6.883589350887519,,,2020.0,,,299.92828065257333,293.0446913016858,,,531.6117647058824,,,,,wat→bare,0.1668723011626442,405.0,"{""type"":""MultiPoint"",""coordinates"":[]}",
16,2000.0,City of Medan,-9.085254651135015,,,2020.0,,,306.10063169421676,297.01537704308174,,,34.0,,,,,bare→imp,0.0106725595936893,501.0,"{""type"":""MultiPoint"",""coordinates"":[]}",
17,2000.0,City of Medan,-10.01716089273657,,,2020.0,,,302.3166068854554,292.29944599271886,,,32.0,,,,,bare→veg,0.0100447619705311,502.0,"{""type"":""MultiPoint"",""coordinates"":[]}",
18,2000.0,City of Medan,,,,2020.0,,,301.32647531728156,,,,445.99607843137255,,,,,bare→wat,0.1399976389885466,504.0,"{""type"":""MultiPoint"",""coordinates"":[]}",
19,2000.0,City of Medan,-2.291240870430954,,,2020.0,,,299.5320993474059,297.24085847697495,,,539.2666666666667,,,,,bare→bare,0.1692751657908889,505.0,"{""type"":""MultiPoint"",""coordinates"":[]}",
0000000000000000005c_0,2000.0,Denpasar,10.990046516657856,14.437301524894847,14.132730711588806,2020.0,302.46918312575156,316.9064846506464,298.7680330693347,309.75807958599256,9.0,19.0,4478.0,L5,L8,302.46918312575156,316.60191383734036,veg→imp,2.638199096248903,201.0,"{""type"":""MultiPoint"",""coordinates"":[]}",
0000000000000000005c_1,2000.0,Denpasar,10.35946907278759,14.69716170324915,14.239856150636058,2020.0,301.0539621150903,315.75112381833947,297.8903150064215,308.24978407920906,9.0,19.0,622.0,L5,L8,301.0539621150903,315.2938182657264,veg→crop,0.3664492715200575,203.0,"{""type"":""MultiPoint"",""coordinates"":[]}",
0000000000000000005c_2,2000.0,Denpasar,8.292402764125654,8.433103065558669,8.35775196618198,2020.0,304.2079622410918,312.6410653066505,299.4188760332735,307.71127879739913,9.0,19.0,101.0,L5,L8,304.2079622410918,312.5657142072738,veg→wat,0.0595038206166009,204.0,"{""type"":""MultiPoint"",""coordinates"":[]}",
0000000000000000005c_3,2000.0,Denpasar,7.913518139472615,14.718314038672643,14.718314038672643,2020.0,301.1946386751265,315.91295271379914,299.54844631845424,307.46196445792685,9.0,19.0,2.0,L5,L8,301.1946386751265,315.91295271379914,veg→bare,0.0011782934775564,205.0,"{""type"":""MultiPoint"",""coordinates"":[]}",
0000000000000000005c_4,2000.0,Denpasar,11.471100201780873,14.358069694925916,13.895632810028587,2020.0,301.8399476027249,316.19801729765084,297.4488757706066,308.9199759723875,9.0,19.0,5310.0,L5,L8,301.8399476027249,315.7355804127535,crop→imp,3.1283691829123885,301.0,"{""type"":""MultiPoint"",""coordinates"":[]}",
0000000000000000005c_5,2000.0,Denpasar,10.293476850842524,12.89962786885252,12.437465411188498,2020.0,301.2931866770014,314.19281454585393,297.13224028090235,307.4257171317449,9.0,19.0,186.0,L5,L8,301.2931866770014,313.7306520881899,crop→veg,0.1095812934127503,302.0,"{""type"":""MultiPoint"",""coordinates"":[]}",
0000000000000000005c_6,2000.0,Denpasar,6.826148354633517,6.733214835460444,6.279061163702465,2020.0,305.88087224460384,312.6140870800643,300.6076685530409,307.43381690767444,9.0,19.0,17.0,L5,L8,305.88087224460384,312.1599334083063,crop→wat,0.0100154945592298,304.0,"{""type"":""MultiPoint"",""coordinates"":[]}",
0000000000000000005c_7,2000.0,Denpasar,11.917392380889112,12.870513930489096,12.76639489282644,2020.0,302.85789694193903,315.7284108724281,297.91248062470726,309.82987300559637,9.0,19.0,1561.0,L5,L8,302.85789694193903,315.6242918347655,wat→imp,0.9196580592328132,401.0,"{""type"":""MultiPoint"",""coordinates"":[]}",
0000000000000000005c_8,2000.0,Denpasar,7.576828067097608,7.780527144880409,7.451436524250823,2020.0,303.7609708805641,311.5414980254445,298.3177718044568,305.8945998715544,9.0,19.0,2185.0,L5,L8,303.7609708805641,311.21240740481494,wat→veg,1.2872856242304271,402.0,"{""type"":""MultiPoint"",""coordinates"":[]}",
0000000000000000005c_9,2000.0,Denpasar,11.744567145022415,16.439013084595615,16.174149284753696,2020.0,301.4139708025438,317.85298388713943,297.969915794479,309.7144829395014,9.0,19.0,106.0,L5,L8,301.4139708025438,317.5881200872975,wat→crop,0.0624495543104921,403.0,"{""type"":""MultiPoint"",""coordinates"":[]}",
0000000000000000005c_10,2000.0,Denpasar,12.035355931466029,14.76995246224726,14.76995246224726,2020.0,301.449384119853,316.21933658210025,297.7027207594047,309.73807669087074,9.0,19.0,32.0,L5,L8,301.449384119853,316.21933658210025,wat→bare,0.0188526956409032,405.0,"{""type"":""MultiPoint"",""coordinates"":[]}",
0000000000000000005c_11,2000.0,Denpasar,10.950068804383308,12.966203818158874,12.917779483454185,2020.0,304.3321393128167,317.2983431309756,300.1678195046952,311.1178883090785,9.0,19.0,110.0,L5,L8,304.3321393128167,317.2499187962709,bare→imp,0.064806141265605,501.0,"{""type"":""MultiPoint"",""coordinates"":[]}",
0000000000000000005c_12,2000.0,Denpasar,7.031109428368495,8.135250152816695,7.864282890794243,2020.0,304.36077994222114,312.49603009503784,299.4199282014012,306.4510376297697,9.0,19.0,68.0,L5,L8,304.36077994222114,312.2250628330154,bare→veg,0.0400619782369194,502.0,"{""type"":""MultiPoint"",""coordinates"":[]}",
0000000000000000005c_13,2000.0,Denpasar,9.02468966031546,13.25832546718982,13.25832546718982,2020.0,304.17100614938107,317.4293316165709,301.8941301392225,310.91881979953797,9.0,19.0,2.0,L5,L8,304.17100614938107,317.4293316165709,bare→crop,0.0011782934775564,503.0,"{""type"":""MultiPoint"",""coordinates"":[]}",
0000000000000000005c_14,2000.0,Denpasar,7.827723289476637,8.952146558076663,8.754642795387326,2020.0,303.5560232703542,312.5081698284309,299.0577038619289,306.88542715140557,9.0,19.0,39.0,L5,L8,303.5560232703542,312.31066606574154,bare→wat,0.0229767228123508,504.0,"{""type"":""MultiPoint"",""coordinates"":[]}",
0000000000000000005c_15,2000.0,Denpasar,12.474369823566748,14.09587908617334,13.898427142652906,2020.0,304.48547070808644,318.5813497942598,298.8919180969733,311.36628792054006,9.0,19.0,117654.0,L5,L8,304.48547070808644,318.38389785073934,imp→imp,69.31547040421357,101.0,"{""type"":""MultiPoint"",""coordinates"":[]}",
0000000000000000005c_16,2000.0,Denpasar,7.933033301389003,9.18088930603028,8.768962222258835,2020.0,303.1923768634994,312.3732661695297,298.4223901735436,306.3554234749326,9.0,19.0,5178.0,L5,L8,303.1923768634994,311.96133908575825,veg→veg,3.0506018133936617,202.0,"{""type"":""MultiPoint"",""coordinates"":[]}",
0000000000000000005c_17,2000.0,Denpasar,9.978313066926432,15.31339730749812,14.76027227834902,2020.0,299.11807003193724,314.43146733943536,296.8308719399916,306.809185006918,9.0,19.0,4017.0,L5,L8,299.11807003193724,313.87834231028626,crop→crop,2.36660244967214,303.0,"{""type"":""MultiPoint"",""coordinates"":[]}",
0000000000000000005c_18,2000.0,Denpasar,9.51177992991552,11.260107529960976,11.044433639416413,2020.0,300.5278399174,311.787947447361,296.92076874908474,306.43254867900026,9.0,19.0,2760.0,L5,L8,300.5278399174,311.5722735568164,wat→wat,1.6260449990279078,404.0,"{""type"":""MultiPoint"",""coordinates"":[]}",
0000000000000000005c_19,2000.0,Denpasar,7.912768268873833,9.501652978457573,9.458098015340738,2020.0,299.10174629962,308.6033992780776,295.7694501509386,303.68221841981244,9.0,19.0,25309.0,L5,L8,299.10174629962,308.55984431496074,bare→bare,14.91071481173816,505.0,"{""type"":""MultiPoint"",""coordinates"":[]}",
0000000000000000001b_0,2000.0,Kathmandu Metropolitan City,14.079703595512171,14.079703595512171,14.079703595512171,2020.0,287.1342624144513,301.2139660099635,287.1342624144513,301.2139660099635,1.0,3.0,1060.0,L5,L8,287.1342624144513,301.2139660099635,veg→imp,1.683394740185491,201.0,"{""type"":""MultiPoint"",""coordinates"":[]}",
0000000000000000001b_1,2000.0,Kathmandu Metropolitan City,11.979048048073423,11.979048048073423,11.979048048073423,2020.0,288.1653639284503,300.1444119765237,288.1653639284503,300.1444119765237,1.0,3.0,51.0,L5,L8,288.1653639284503,300.1444119765237,veg→crop,0.0809935205183585,203.0,"{""type"":""MultiPoint"",""coordinates"":[]}",
0000000000000000001b_2,2000.0,Kathmandu Metropolitan City,15.8343937625001,15.8343937625001,15.8343937625001,2020.0,285.7346724206823,301.5690661831824,285.7346724206823,301.5690661831824,1.0,3.0,768.0,L5,L8,285.7346724206823,301.5690661831824,crop→imp,1.219667132511752,301.0,"{""type"":""MultiPoint"",""coordinates"":[]}",
0000000000000000001b_3,2000.0,Kathmandu Metropolitan City,10.30485928529066,10.30485928529066,10.30485928529066,2020.0,289.57874265208767,299.88360193737833,289.57874265208767,299.88360193737833,1.0,3.0,302.0,L5,L8,289.57874265208767,299.88360193737833,crop→veg,0.4796086901283191,302.0,"{""type"":""MultiPoint"",""coordinates"":[]}",
0000000000000000001b_4,2000.0,Kathmandu Metropolitan City,,,,2020.0,,,,,1.0,3.0,36.0,L5,L8,,,wat→imp,0.0571718968364883,401.0,"{""type"":""MultiPoint"",""coordinates"":[]}",
0000000000000000001b_5,2000.0,Kathmandu Metropolitan City,,,,2020.0,,,,,1.0,3.0,1.0,L5,L8,,,wat→veg,0.001588108245458,402.0,"{""type"":""MultiPoint"",""coordinates"":[]}",
0000000000000000001b_6,2000.0,Kathmandu Metropolitan City,14.896305176666942,14.898345334432406,14.898345334432406,2020.0,288.03867226775503,302.93701760218744,288.03867226775503,302.934977444422,1.0,3.0,59300.0,L5,L8,288.03867226775503,302.93701760218744,imp→imp,94.17481895566002,101.0,"{""type"":""MultiPoint"",""coordinates"":[]}",
0000000000000000001b_7,2000.0,Kathmandu Metropolitan City,12.847715307771864,12.847715307771864,12.847715307771864,2020.0,286.84230637477395,299.6900216825458,286.84230637477395,299.6900216825458,1.0,3.0,1134.0,L5,L8,286.84230637477395,299.6900216825458,veg→veg,1.8009147503493836,202.0,"{""type"":""MultiPoint"",""coordinates"":[]}",
0000000000000000001b_8,2000.0,Kathmandu Metropolitan City,12.75382981849259,12.75382981849259,12.75382981849259,2020.0,288.0893658644102,300.8431956829028,288.0893658644102,300.8431956829028,1.0,3.0,315.0,L5,L8,288.0893658644102,300.8431956829028,crop→crop,0.5002540973192733,303.0,"{""type"":""MultiPoint"",""coordinates"":[]}",
0000000000000000001b_9,2000.0,Kathmandu Metropolitan City,,,,2020.0,,,,,1.0,3.0,1.0,L5,L8,,,wat→wat,0.001588108245458,404.0,"{""type"":""MultiPoint"",""coordinates"":[]}",
0000000000000000002e_0,2000.0,Lisbon,-1.876597595793271,1.4421887426668718,1.4421887426668718,2020.0,312.3949749682012,313.8371637108681,312.3949749682012,310.51837737240794,2.0,5.0,2278.0,L5,L8,312.3949749682012,313.8371637108681,veg→imp,1.850167311003541,201.0,"{""type"":""MultiPoint"",""coordinates"":[]}",
0000000000000000002e_1,2000.0,Lisbon,-1.291255065066423,3.728151550304517,3.728151550304517,2020.0,316.7063300511272,320.43448160143174,316.7063300511272,315.4150749860608,2.0,5.0,338.0,L5,L8,316.7063300511272,320.43448160143174,veg→crop,0.2745199961014912,203.0,"{""type"":""MultiPoint"",""coordinates"":[]}",
0000000000000000002e_2,2000.0,Lisbon,-4.143956189720086,-1.508870912939301,-1.508870912939301,2020.0,311.20688924019885,309.69801832725955,311.20688924019885,307.06293305047876,2.0,5.0,29.0,L5,L8,311.20688924019885,309.69801832725955,veg→wat,0.0235534907897729,204.0,"{""type"":""MultiPoint"",""coordinates"":[]}",
0000000000000000002e_3,2000.0,Lisbon,-1.470104830652474,2.276247566403242,2.276247566403242,2020.0,314.3981709371982,316.67441850360143,314.3981709371982,312.9280661065457,2.0,5.0,305.0,L5,L8,314.3981709371982,316.67441850360143,crop→imp,0.2477177479614047,301.0,"{""type"":""MultiPoint"",""coordinates"":[]}",
0000000000000000002e_4,2000.0,Lisbon,-1.4679456962928157,2.1448530216127324,2.1448530216127324,2020.0,314.3579393311928,316.50279235280556,314.3579393311928,312.8899936349,2.0,5.0,147.0,L5,L8,314.3579393311928,316.50279235280556,crop→veg,0.1193918326240213,302.0,"{""type"":""MultiPoint"",""coordinates"":[]}",
0000000000000000002e_5,2000.0,Lisbon,-2.0322113020511097,1.538202859563853,1.538202859563853,2020.0,310.5796535739673,312.11785643353113,310.5796535739673,308.54744227191617,2.0,5.0,3.0,L5,L8,310.5796535739673,312.11785643353113,crop→wat,0.0024365680127351,304.0,"{""type"":""MultiPoint"",""coordinates"":[]}",
0000000000000000002e_6,2000.0,Lisbon,-0.2060212518491653,1.0283517469108006,1.0283517469108006,2020.0,307.06248130135407,308.09083304826487,307.06248130135407,306.8564600495049,2.0,5.0,463.0,L5,L8,307.06248130135407,308.09083304826487,wat→imp,0.3760436632987882,401.0,"{""type"":""MultiPoint"",""coordinates"":[]}",
0000000000000000002e_7,2000.0,Lisbon,-1.7926212581871823,1.3783110869978827,1.3783110869978827,2020.0,305.0134257412996,306.3917368282975,305.0134257412996,303.22080448311243,2.0,5.0,1.0,L5,L8,305.0134257412996,306.3917368282975,wat→veg,0.0008121893375783763,402.0,"{""type"":""MultiPoint"",""coordinates"":[]}",
0000000000000000002e_8,2000.0,Lisbon,-1.7374111738706688,0.128198848165141,0.128198848165141,2020.0,313.1039511113529,313.23214995951804,313.1039511113529,311.36653993748223,2.0,5.0,139.0,L5,L8,313.1039511113529,313.23214995951804,bare→imp,0.1128943179233943,501.0,"{""type"":""MultiPoint"",""coordinates"":[]}",
0000000000000000002e_9,2000.0,Lisbon,-2.8228215340839142,0.2710111854814272,0.2710111854814272,2020.0,315.3361323583325,315.60714354381395,315.3361323583325,312.5133108242486,2.0,5.0,114537.0,L5,L8,315.3361323583325,315.60714354381395,imp→imp,93.02573015821449,101.0,"{""type"":""MultiPoint"",""coordinates"":[]}",
0000000000000000002e_10,2000.0,Lisbon,-3.0528016566476595,1.2705323021887125,1.2705323021887125,2020.0,311.6651169935497,312.9356492957384,311.6651169935497,308.61231533690204,2.0,5.0,2880.0,L5,L8,311.6651169935497,312.9356492957384,veg→veg,2.3391052922257236,202.0,"{""type"":""MultiPoint"",""coordinates"":[]}",
0000000000000000002e_11,2000.0,Lisbon,-1.6091363825592566,3.2570046465208975,3.2570046465208975,2020.0,317.2292955114747,320.4863001579956,317.2292955114747,315.6201591289154,2.0,5.0,594.0,L5,L8,317.2292955114747,320.4863001579956,crop→crop,0.4824404665215555,303.0,"{""type"":""MultiPoint"",""coordinates"":[]}",
0000000000000000002e_12,2000.0,Lisbon,-0.8590549877499143,1.1335938927410325,1.1335938927410325,2020.0,304.71531634841295,305.848910241154,304.71531634841295,303.85626136066304,2.0,5.0,116.0,L5,L8,304.71531634841295,305.848910241154,wat→wat,0.0942139631590916,404.0,"{""type"":""MultiPoint"",""coordinates"":[]}",
0000000000000000002e_13,2000.0,Lisbon,-1.0177129285002025,0.6913374146066644,0.6913374146066644,2020.0,302.2548873120211,302.94622472662775,302.2548873120211,301.2371743835209,2.0,5.0,1294.0,L5,L8,302.2548873120211,302.94622472662775,bare→bare,1.050973002826419,505.0,"{""type"":""MultiPoint"",""coordinates"":[]}",
0000000000000000003f_0,2000.0,Brussels,3.706318435377795,10.64723043497878,10.601630862526918,2020.0,306.57854679233026,317.22577722730904,302.6405029257803,306.3468213611581,10.0,18.0,4121.0,L5,L8,306.57854679233026,317.1801776548572,veg→imp,7.036505822490866,201.0,"{""type"":""MultiPoint"",""coordinates"":[]}",
0000000000000000003f_1,2000.0,Brussels,8.74095559100607,15.878577083982291,15.878577083982291,2020.0,301.9633847064415,317.8419617904238,298.0927657133575,306.83372130436356,10.0,18.0,1.0,L5,L8,301.9633847064415,317.8419617904238,veg→crop,0.0017074753269815,203.0,"{""type"":""MultiPoint"",""coordinates"":[]}",
0000000000000000003f_2,2000.0,Brussels,4.946084350730075,9.70407675191592,9.70407675191592,2020.0,297.5066361982887,307.2107129502046,294.8174681568864,299.76355250761645,10.0,18.0,45.0,L5,L8,297.5066361982887,307.2107129502046,veg→wat,0.0768363897141686,204.0,"{""type"":""MultiPoint"",""coordinates"":[]}",
0000000000000000003f_3,2000.0,Brussels,5.780388458163372,12.428943222004932,12.428943222004932,2020.0,300.7032869008056,313.13223012281054,298.3679717661322,304.1483602242956,10.0,18.0,27.0,L5,L8,300.7032869008056,313.13223012281054,crop→imp,0.0461018338285011,301.0,"{""type"":""MultiPoint"",""coordinates"":[]}",
0000000000000000003f_4,2000.0,Brussels,6.679839752887631,14.971395046433884,14.971395046433884,2020.0,302.137591391435,317.1089864378689,299.98717386237144,306.66701361525907,10.0,18.0,18.0,L5,L8,302.137591391435,317.1089864378689,crop→veg,0.0307345558856674,302.0,"{""type"":""MultiPoint"",""coordinates"":[]}",
0000000000000000003f_5,2000.0,Brussels,4.596736462287879,9.65553561762698,9.64666174344086,2020.0,304.38597468558186,314.04151030320884,300.7713610737486,305.3680975360365,10.0,18.0,1656.0,L5,L8,304.38597468558186,314.0326364290227,wat→imp,2.8275791414814058,401.0,"{""type"":""MultiPoint"",""coordinates"":[]}",
0000000000000000003f_6,2000.0,Brussels,5.451860142675741,9.449608017024389,9.449608017024389,2020.0,297.10729874307185,306.55690676009624,293.0211158717696,298.47297601444535,10.0,18.0,3.0,L5,L8,297.10729874307185,306.55690676009624,wat→veg,0.0051224259809445,402.0,"{""type"":""MultiPoint"",""coordinates"":[]}",
0000000000000000003f_7,2000.0,Brussels,7.461248921858896,11.736422292712632,11.697272699505676,2020.0,304.76012667102856,316.4965489637412,301.830976468155,309.29222539001387,10.0,18.0,44.0,L5,L8,304.76012667102856,316.45739937053423,bare→imp,0.0751289143871871,501.0,"{""type"":""MultiPoint"",""coordinates"":[]}",
0000000000000000003f_8,2000.0,Brussels,6.182871136968799,11.060799796936692,11.041926851426467,2020.0,305.1785687464956,316.2393685434323,300.609078328488,306.7919494654568,10.0,18.0,51197.0,L5,L8,305.1785687464956,316.2204955979221,imp→imp,87.41761431547314,101.0,"{""type"":""MultiPoint"",""coordinates"":[]}",
0000000000000000003f_9,2000.0,Brussels,7.424670069644264,11.841241590820973,11.84060157469088,2020.0,299.2693118715909,311.1105534624119,296.0509748210298,303.47564489067406,10.0,18.0,890.0,L5,L8,299.2693118715909,311.1099134462818,veg→veg,1.5196530410135574,202.0,"{""type"":""MultiPoint"",""coordinates"":[]}",
0000000000000000003f_10,2000.0,Brussels,5.802925894585655,11.391418002324484,11.391418002324484,2020.0,300.39950078862313,311.7909187909476,297.3955694037319,303.19849529831754,10.0,18.0,147.0,L5,L8,300.39950078862313,311.7909187909476,crop→crop,0.2509988730662841,303.0,"{""type"":""MultiPoint"",""coordinates"":[]}",
0000000000000000003f_11,2000.0,Brussels,4.508667489371987,8.68251237292003,8.68251237292003,2020.0,299.28185685440855,307.9643692273286,295.9558554285834,300.4645229179554,10.0,18.0,417.0,L5,L8,299.28185685440855,307.9643692273286,wat→wat,0.7120172113512959,404.0,"{""type"":""MultiPoint"",""coordinates"":[]}",
00000000000000000050_0,2000.0,Adelaide,7.179721446098995,11.6691225636377,11.666165144699448,2020.0,302.5339948905745,314.2031174542122,301.5087252111827,308.6884466572817,4.0,24.0,77365.0,L5,L8,302.5339948905745,314.20016003527394,veg→imp,3.5030040302771113,201.0,"{""type"":""MultiPoint"",""coordinates"":[]}",
00000000000000000050_1,2000.0,Adelaide,8.058062059058102,13.665837393707475,13.653138895987468,2020.0,303.15623760190306,316.82207499561054,302.1146599934029,310.172722052461,4.0,24.0,20959.0,L5,L8,303.15623760190306,316.8093764978905,veg→crop,0.949000988438932,203.0,"{""type"":""MultiPoint"",""coordinates"":[]}",
00000000000000000050_2,2000.0,Adelaide,4.887670621597351,7.810748603873208,7.733998065590015,2020.0,298.8973919824245,306.7081405862977,297.9805652458557,302.86823586745305,4.0,24.0,2685.0,L5,L8,298.8973919824245,306.6313900480145,veg→wat,0.121573913543515,204.0,"{""type"":""MultiPoint"",""coordinates"":[]}",
00000000000000000050_3,2000.0,Adelaide,4.40319720760823,6.21753576248733,6.216011601934042,2020.0,304.10253016770207,310.3200659301894,301.9932666209892,306.3964638285974,4.0,24.0,276.0,L5,L8,304.10253016770207,310.3185417696361,veg→bare,0.0124969832916238,205.0,"{""type"":""MultiPoint"",""coordinates"":[]}",
00000000000000000050_4,2000.0,Adelaide,5.927581734165301,11.425305921307768,11.42332519975878,2020.0,305.4472151755598,316.87252109686756,304.2227895253955,310.1503712595608,4.0,24.0,41587.0,L5,L8,305.4472151755598,316.87054037531857,crop→imp,1.8830146527129092,301.0,"{""type"":""MultiPoint"",""coordinates"":[]}",
00000000000000000050_5,2000.0,Adelaide,5.772187378700721,10.67607069918546,10.638719101763227,2020.0,305.15751353050274,315.8335842296882,303.89770985456107,309.6698972332618,4.0,24.0,15078.0,L5,L8,305.15751353050274,315.79623263226597,crop→veg,0.6827156306924098,302.0,"{""type"":""MultiPoint"",""coordinates"":[]}",
00000000000000000050_6,2000.0,Adelaide,-0.2990789435689294,2.4931298059051414,2.4931298059051414,2020.0,305.1480937041371,307.64122351004227,303.8784386067703,303.5793596632014,4.0,24.0,205.0,L5,L8,305.1480937041371,307.64122351004227,crop→wat,0.0092821796187786,304.0,"{""type"":""MultiPoint"",""coordinates"":[]}",
00000000000000000050_7,2000.0,Adelaide,0.3662595977771161,6.6495955070637365,6.6495955070637365,2020.0,305.26229389071074,311.9118893977745,305.18702078478213,305.55328038255925,4.0,24.0,13.0,L5,L8,305.26229389071074,311.9118893977745,crop→bare,0.0005886260246054734,305.0,"{""type"":""MultiPoint"",""coordinates"":[]}",
00000000000000000050_8,2000.0,Adelaide,7.39781519626996,10.754983953180895,10.679057217874458,2020.0,297.17873847996276,307.93372243314366,296.1102522913193,303.50806748758924,4.0,24.0,5169.0,L5,L8,297.17873847996276,307.8577956978372,wat→imp,0.2340467631681301,401.0,"{""type"":""MultiPoint"",""coordinates"":[]}",
00000000000000000050_9,2000.0,Adelaide,13.447253215051148,18.804981881451397,18.480058502937425,2020.0,295.5990527795664,314.4040346610178,294.91997878881784,308.367232003869,4.0,24.0,7527.0,L5,L8,295.5990527795664,314.07911128250385,wat→veg,0.3408144682465691,402.0,"{""type"":""MultiPoint"",""coordinates"":[]}",
00000000000000000050_10,2000.0,Adelaide,6.845438693263361,10.454354204400545,10.454354204400545,2020.0,297.7429701405757,308.19732434497627,297.6250211560268,304.47045984929014,4.0,24.0,19.0,L5,L8,297.7429701405757,308.19732434497627,wat→crop,0.0008602995744233842,403.0,"{""type"":""MultiPoint"",""coordinates"":[]}",
00000000000000000050_11,2000.0,Adelaide,11.461057652733928,16.221833365535417,16.221396135968803,2020.0,296.0862931768589,312.3081265423943,294.7484177321666,306.20947538490054,4.0,24.0,3450.0,L5,L8,296.0862931768589,312.3076893128277,wat→bare,0.1562122911452987,405.0,"{""type"":""MultiPoint"",""coordinates"":[]}",
00000000000000000050_12,2000.0,Adelaide,8.344464374799088,12.213149641095356,12.210157860635093,2020.0,299.21034985875366,311.423499499849,297.9825038399771,306.3269682147762,4.0,24.0,641.0,L5,L8,299.21034985875366,311.42050771938875,bare→imp,0.0290237909055468,501.0,"{""type"":""MultiPoint"",""coordinates"":[]}",
00000000000000000050_13,2000.0,Adelaide,8.647931965597138,13.143608349193984,13.139116265583368,2020.0,298.211664777016,311.35527312620997,297.10808725488187,305.756019220479,4.0,24.0,431.0,L5,L8,298.211664777016,311.35078104259935,bare→veg,0.0195152166619199,502.0,"{""type"":""MultiPoint"",""coordinates"":[]}",
00000000000000000050_14,2000.0,Adelaide,4.548459269989564,7.007034079686946,6.996115043650377,2020.0,297.8170927456536,304.82412682534056,296.884292017245,301.43275128723457,4.0,24.0,281.0,L5,L8,297.8170927456536,304.813207789304,bare→wat,0.0127233779164721,504.0,"{""type"":""MultiPoint"",""coordinates"":[]}",
00000000000000000050_15,2000.0,Adelaide,6.220650943607438,10.620697082552454,10.619954377943714,2020.0,303.11684732153304,313.7375444040855,301.90833390764533,308.12898485125277,4.0,24.0,1115477.0,L5,L8,303.11684732153304,313.73680169947676,imp→imp,50.507599388372284,101.0,"{""type"":""MultiPoint"",""coordinates"":[]}",
00000000000000000050_16,2000.0,Adelaide,7.696472005696307,12.16755167710761,12.138418461733464,2020.0,300.14802119919506,312.31557287630267,299.3484368830265,307.04490888872283,4.0,24.0,656533.0,L5,L8,300.14802119919506,312.2864396609285,veg→veg,29.7271084471004,202.0,"{""type"":""MultiPoint"",""coordinates"":[]}",
00000000000000000050_17,2000.0,Adelaide,7.456003597406323,13.44414016156287,13.409412926174411,2020.0,305.09611936745983,318.5402595290227,303.9312294385172,311.38723303592354,4.0,24.0,173495.0,L5,L8,305.09611936745983,318.50553229363425,crop→crop,7.855667087609739,303.0,"{""type"":""MultiPoint"",""coordinates"":[]}",
00000000000000000050_18,2000.0,Adelaide,4.838437571740599,7.822878096969475,7.727784148637397,2020.0,294.2309776823344,302.0538557793039,293.5939831249774,298.432420696718,4.0,24.0,47833.0,L5,L8,294.2309776823344,301.9587618309718,wat→wat,2.1658268180733544,404.0,"{""type"":""MultiPoint"",""coordinates"":[]}",
00000000000000000050_19,2000.0,Adelaide,2.9413348181105334,5.921869679640338,5.868673615506509,2020.0,293.7942786607677,299.71614834040804,293.23755541638815,296.1788902344987,4.0,24.0,39509.0,L5,L8,293.7942786607677,299.6629522762742,bare→bare,1.7889250466259732,505.0,"{""type"":""MultiPoint"",""coordinates"":[]}",
00000000000000000063_0,2000.0,Riyadh,3.546830876049796,3.0274107634911616,2.8286197264399675,2020.0,322.832385263373,325.85979602686416,318.2967280209295,321.8435588969793,15.0,16.0,5319.0,L5,L8,322.6819802645239,325.51059999096384,veg→imp,0.0508519980274893,201.0,"{""type"":""MultiPoint"",""coordinates"":[]}",
00000000000000000063_1,2000.0,Riyadh,1.8836965178716696,1.6292475422431494,1.5130264355101986,2020.0,322.5546226986014,324.18387024084456,316.8514238127411,318.73512033061274,15.0,16.0,3651.0,L5,L8,322.4771949041075,323.9902213396177,veg→crop,0.0349051785670922,203.0,"{""type"":""MultiPoint"",""coordinates"":[]}",
00000000000000000063_2,2000.0,Riyadh,0.5674776988328176,0.066160241592911,0.0250405379344442,2020.0,316.58831472381064,316.65447496540355,312.6077760306108,313.1752537294436,15.0,16.0,73.0,L5,L8,316.57324426734897,316.5982848052834,veg→wat,0.0006979123624754129,204.0,"{""type"":""MultiPoint"",""coordinates"":[]}",
00000000000000000063_3,2000.0,Riyadh,4.565241926360386,4.164267306922284,3.973189583429985,2020.0,324.44702629052813,328.6112935974504,319.6359519512752,324.2011938776356,15.0,16.0,9403.0,L5,L8,324.311216196415,328.284405779845,veg→bare,0.0898968485528261,205.0,"{""type"":""MultiPoint"",""coordinates"":[]}",
00000000000000000063_4,2000.0,Riyadh,3.900615993258839,3.010355434759333,2.704793458618724,2020.0,323.44408035445406,326.4544357892134,318.0578163723288,321.9584323655876,15.0,16.0,2208.0,L5,L8,323.2711317265978,325.9759251852165,crop→imp,0.0211094588540508,301.0,"{""type"":""MultiPoint"",""coordinates"":[]}",
00000000000000000063_5,2000.0,Riyadh,4.99944941939242,3.970485498575272,3.8755425272997854,2020.0,322.0027082321138,325.97319373068905,316.6147333171044,321.61418273649684,15.0,16.0,4394.0,L5,L8,321.8374640402363,325.71300656753607,crop→veg,0.0420085879550269,302.0,"{""type"":""MultiPoint"",""coordinates"":[]}",
00000000000000000063_6,2000.0,Riyadh,-0.2506521941127175,-0.1115197283726274,-0.1135743698979467,2020.0,313.4729967560736,313.36147702770097,310.5741085370106,310.3234563428979,15.0,16.0,145.0,L5,L8,313.4729967560736,313.35942238617565,crop→wat,0.0013862642816292,304.0,"{""type"":""MultiPoint"",""coordinates"":[]}",
00000000000000000063_7,2000.0,Riyadh,6.3754865598223205,4.44843077777125,4.431373670223422,2020.0,325.80778896554574,330.256219743317,319.63816295780737,326.0136495176297,15.0,16.0,19273.0,L5,L8,325.57023836562684,330.00161203585026,crop→bare,0.1842584241368306,305.0,"{""type"":""MultiPoint"",""coordinates"":[]}",
00000000000000000063_8,2000.0,Riyadh,9.901887332472429,13.59024826581583,13.188576003758044,2020.0,314.86261097260655,328.4528592384224,311.57566955974676,321.4775568922192,15.0,16.0,68.0,L5,L8,314.7163370857943,327.90491308955234,wat→imp,0.0006501101458675079,401.0,"{""type"":""MultiPoint"",""coordinates"":[]}",
00000000000000000063_9,2000.0,Riyadh,9.213995977984496,9.04174292292737,9.112342191203084,2020.0,313.54056905873955,322.5823119816669,310.60102437432784,319.81502035231233,15.0,16.0,10.0,L5,L8,313.3470849713689,322.45942716257196,wat→veg,9.560443321581e-05,402.0,"{""type"":""MultiPoint"",""coordinates"":[]}",
00000000000000000063_10,2000.0,Riyadh,6.764279574250793,4.991806798430446,5.328324484286213,2020.0,313.40111220084214,318.3929189992726,309.4493719707839,316.2136515450347,15.0,16.0,2.0,L5,L8,312.9269741635029,318.2552986477891,wat→crop,1.9120886643161997e-05,403.0,"{""type"":""MultiPoint"",""coordinates"":[]}",
00000000000000000063_11,2000.0,Riyadh,13.50396048737781,14.214623416777728,14.255349324402571,2020.0,314.4332211263604,328.64784454313815,311.0292174758316,324.5331779632094,15.0,16.0,142.0,L5,L8,314.2777575422724,328.533106866675,wat→bare,0.0013575829516645,405.0,"{""type"":""MultiPoint"",""coordinates"":[]}",
00000000000000000063_12,2000.0,Riyadh,1.6962363618605425,1.1114554113267443,0.8935130795280202,2020.0,326.2514277054848,327.36288311681153,321.7720203959456,323.46825675780616,15.0,16.0,578127.0,L5,L8,326.17020690018796,327.063719979716,bare→imp,5.527150416175658,501.0,"{""type"":""MultiPoint"",""coordinates"":[]}",
00000000000000000063_13,2000.0,Riyadh,1.3428991805930082,0.3010030794329736,0.1376435988334492,2020.0,327.06524593726954,327.3662490167025,321.64341985209757,322.9863190326906,15.0,16.0,20166.0,L5,L8,326.9973320191054,327.13497561793884,bare→veg,0.1927959000230024,502.0,"{""type"":""MultiPoint"",""coordinates"":[]}",
00000000000000000063_14,2000.0,Riyadh,0.3195074900872328,-0.2352085605609772,-0.3335045870609292,2020.0,329.7609161194553,329.52570755889434,323.2695012287849,323.58900871887215,15.0,16.0,14365.0,L5,L8,329.7301831237713,329.3966785367104,bare→crop,0.137335768314511,503.0,"{""type"":""MultiPoint"",""coordinates"":[]}",
00000000000000000063_15,2000.0,Riyadh,-8.326037844502423,-12.29622554529277,-12.249751790737946,2020.0,327.4031250524979,315.1068995072051,320.51793169935263,312.1918938548502,15.0,16.0,2119.0,L5,L8,327.31552797677216,315.0657761860342,bare→wat,0.0202585793984301,504.0,"{""type"":""MultiPoint"",""coordinates"":[]}",
00000000000000000063_16,2000.0,Riyadh,2.5079761145411794,2.284414008009321,2.106590406683324,2020.0,324.9695560050815,327.2539700130908,320.62678280345256,323.13475891799374,15.0,16.0,1139558.0,L5,L8,324.8161892489223,326.9227796556056,imp→imp,10.8946796706542,101.0,"{""type"":""MultiPoint"",""coordinates"":[]}",
00000000000000000063_17,2000.0,Riyadh,3.626775333583226,3.104305031927993,2.9633525518298143,2020.0,322.9158313652851,326.0201363972131,318.13233483782045,321.7591101714037,15.0,16.0,14546.0,L5,L8,322.80293006834904,325.76628262017886,veg→veg,0.1390662085557172,202.0,"{""type"":""MultiPoint"",""coordinates"":[]}",
00000000000000000063_18,2000.0,Riyadh,4.635533796673371,4.129459844843666,4.075220492176356,2020.0,322.63928884175607,326.76874868659974,317.15510224272754,321.7906360394009,15.0,16.0,17993.0,L5,L8,322.5080480507322,326.58326854290857,crop→crop,0.1720210566852069,303.0,"{""type"":""MultiPoint"",""coordinates"":[]}",
00000000000000000063_19,2000.0,Riyadh,11.723058365031136,16.91233055608774,16.634657419036785,2020.0,311.5461914268048,328.45852198289253,308.0202980366574,319.7433564016885,15.0,16.0,636.0,L5,L8,311.443354297395,328.0780117164318,wat→wat,0.0060804419525255,404.0,"{""type"":""MultiPoint"",""coordinates"":[]}",
00000000000000000063_20,2000.0,Riyadh,0.9883272723975552,1.5480835538060091,1.44662342497827,2020.0,327.74532289258565,329.29340644639166,322.8516316698065,323.8399589422041,15.0,16.0,8627568.0,L5,L8,327.7199929264989,329.16661635147716,bare→bare,82.48337486708593,505.0,"{""type"":""MultiPoint"",""coordinates"":[]}",
00000000000000000051_0,2000.0,Melbourne,-9.349444883365152,-5.286739994353866,-5.336945629698619,2020.0,315.61737088005333,310.33063088569946,310.90457296342885,301.5551280800637,15.0,34.0,600327.0,L5,L8,315.61737088005333,310.2804252503547,veg→imp,4.824750798724356,201.0,"{""type"":""MultiPoint"",""coordinates"":[]}",
00000000000000000051_1,2000.0,Melbourne,-12.322201379280044,-8.71371683433324,-8.757516496530911,2020.0,318.3474988493328,309.63378201499955,313.73022494842235,301.4080235691423,15.0,34.0,269910.0,L5,L8,318.3474988493328,309.5899823528019,veg→crop,2.1692319154122517,203.0,"{""type"":""MultiPoint"",""coordinates"":[]}",
00000000000000000051_2,2000.0,Melbourne,-8.756867413712428,-4.31277998642372,-4.355788416754194,2020.0,309.8894268222921,305.57664683586836,306.72320848014175,297.9663410664293,15.0,34.0,18591.0,L5,L8,309.8894268222921,305.5336384055379,veg→wat,0.1494134731556043,204.0,"{""type"":""MultiPoint"",""coordinates"":[]}",
00000000000000000051_3,2000.0,Melbourne,-8.885474733782303,-4.001436675870821,-4.026535212459407,2020.0,306.6523478341706,302.6509111582998,304.7769061363561,295.8914314025738,15.0,34.0,101.0,L5,L8,306.6523478341706,302.6258126217112,veg→bare,0.0008117239948747265,205.0,"{""type"":""MultiPoint"",""coordinates"":[]}",
00000000000000000051_4,2000.0,Melbourne,-13.112375004465036,-12.18840689294268,-12.205294409773046,2020.0,320.77605098064896,308.5876440877063,315.9635540339542,302.8511790294892,15.0,34.0,30442.0,L5,L8,320.77605098064896,308.5707565708759,crop→imp,0.2446584341779843,301.0,"{""type"":""MultiPoint"",""coordinates"":[]}",
00000000000000000051_5,2000.0,Melbourne,-13.610314638549426,-9.791468772174651,-9.814780705257192,2020.0,320.35116306968854,310.5596942975139,315.441042666844,301.8307280282946,15.0,34.0,38327.0,L5,L8,320.35116306968854,310.53638236443135,crop→veg,0.3080291638768677,302.0,"{""type"":""MultiPoint"",""coordinates"":[]}",
00000000000000000051_6,2000.0,Melbourne,-18.27990473529809,-12.566593487883324,-12.579124794829056,2020.0,316.49919764048644,303.9326041526031,313.98313286865084,295.70322813335275,15.0,34.0,471.0,L5,L8,316.49919764048644,303.9200728456574,crop→wat,0.0037853663523365,304.0,"{""type"":""MultiPoint"",""coordinates"":[]}",
00000000000000000051_7,2000.0,Melbourne,-7.909730834726531,-7.432994417561133,-7.432994417561133,2020.0,312.8049713801416,305.37197696258045,308.07161845868995,300.1618876239634,15.0,34.0,5.0,L5,L8,312.8049713801416,305.37197696258045,crop→bare,4.018435618191715e-05,305.0,"{""type"":""MultiPoint"",""coordinates"":[]}",
00000000000000000051_8,2000.0,Melbourne,-5.3833453048054025,-0.0064933749029023,-0.0611153253854013,2020.0,306.5461744066159,306.539681031713,304.2608145636649,298.8774692588595,15.0,34.0,13194.0,L5,L8,306.5461744066159,306.4850590812305,wat→imp,0.1060384790928429,401.0,"{""type"":""MultiPoint"",""coordinates"":[]}",
00000000000000000051_9,2000.0,Melbourne,-5.351423810771337,-1.2182928197384513,-1.2871037527964972,2020.0,305.240383447644,304.0220906279055,302.9825727809339,297.63114897016254,15.0,34.0,8627.0,L5,L8,305.240383447644,303.9532796948475,wat→veg,0.0693340881562798,402.0,"{""type"":""MultiPoint"",""coordinates"":[]}",
00000000000000000051_10,2000.0,Melbourne,-3.297676434422499,-0.7085032353596716,-0.7088411381548667,2020.0,305.6654838729154,304.9569806375557,302.4085656793278,299.1108892449053,15.0,34.0,187.0,L5,L8,305.6654838729154,304.9566427347605,wat→crop,0.0015028949212037,403.0,"{""type"":""MultiPoint"",""coordinates"":[]}",
00000000000000000051_11,2000.0,Melbourne,-4.39913059730975,-2.215488929498349,-2.2218905235826014,2020.0,299.19305251502044,296.9775635855221,298.6083528100489,294.2092222127392,15.0,34.0,524.0,L5,L8,299.19305251502044,296.97116199143784,wat→bare,0.0042113205278649,405.0,"{""type"":""MultiPoint"",""coordinates"":[]}",
00000000000000000051_12,2000.0,Melbourne,-9.37772400616774,-3.943605353605108,-4.118364271102848,2020.0,311.079115669199,307.1355103155939,309.61953373686424,300.2418097306965,15.0,34.0,105.0,L5,L8,311.079115669199,306.96075139809614,bare→imp,0.0008438714798202602,501.0,"{""type"":""MultiPoint"",""coordinates"":[]}",
00000000000000000051_13,2000.0,Melbourne,-5.004727767879444,-2.48706021799012,-2.48706021799012,2020.0,303.8477185784329,301.36065836044276,301.2902899095232,296.28556214164377,15.0,34.0,45.0,L5,L8,303.8477185784329,301.36065836044276,bare→veg,0.0003616592056372544,502.0,"{""type"":""MultiPoint"",""coordinates"":[]}",
00000000000000000051_14,2000.0,Melbourne,-3.3238728655256295,-5.949224414268997,-5.949224414268997,2020.0,306.12506178607333,300.17583737180433,301.6619642377077,298.3380913721821,15.0,34.0,2.0,L5,L8,306.12506178607333,300.17583737180433,bare→crop,1.6073742472766862e-05,503.0,"{""type"":""MultiPoint"",""coordinates"":[]}",
00000000000000000051_15,2000.0,Melbourne,-6.733085910795637,-5.525287172741912,-5.535557290082863,2020.0,303.5684114857418,298.0431243129999,300.89930777273275,294.1662218619371,15.0,34.0,311.0,L5,L8,303.5684114857418,298.03285419565896,bare→wat,0.0024994669545152,504.0,"{""type"":""MultiPoint"",""coordinates"":[]}",
00000000000000000051_16,2000.0,Melbourne,-8.627456243346558,-2.2960689005349764,-2.3902439127563753,2020.0,312.8862205145487,310.59015161401373,309.5458934329218,300.91843718957523,15.0,34.0,3806891.0,L5,L8,312.8862205145487,310.49597660179234,imp→imp,30.59549277794695,101.0,"{""type"":""MultiPoint"",""coordinates"":[]}",
00000000000000000051_17,2000.0,Melbourne,-6.909994394343073,-0.893117374195981,-0.934688786740992,2020.0,307.6630239392893,306.7699065650933,304.7869106032096,297.87691620886653,15.0,34.0,7281276.0,L5,L8,307.6630239392893,306.7283351525483,veg→veg,58.51867764856899,202.0,"{""type"":""MultiPoint"",""coordinates"":[]}",
00000000000000000051_18,2000.0,Melbourne,-13.083889088785554,-10.690749613641856,-10.723667040921724,2020.0,319.52038201903633,308.8296324053945,314.44468939825674,301.3608003094712,15.0,34.0,253555.0,L5,L8,319.52038201903633,308.7967149781146,crop→crop,2.0377888863412004,303.0,"{""type"":""MultiPoint"",""coordinates"":[]}",
00000000000000000051_19,2000.0,Melbourne,-3.8848280800322073,-1.1277988183776415,-1.14981200365213,2020.0,300.52205507226364,299.394256253886,298.186838987672,294.3020109076398,15.0,34.0,96008.0,L5,L8,300.52205507226364,299.3722430686115,wat→wat,0.7716039336627004,404.0,"{""type"":""MultiPoint"",""coordinates"":[]}",
00000000000000000051_20,2000.0,Melbourne,-2.9841545715709685,1.3003253341337313,1.0600334153205608,2020.0,297.9983397501985,299.29866508433224,296.3726649569017,293.38851038533073,15.0,34.0,23754.0,L5,L8,297.9983397501985,299.0583731655191,bare→bare,0.190907839349052,505.0,"{""type"":""MultiPoint"",""coordinates"":[]}",
00000000000000000052_0,2000.0,Sydney,8.938660247415271,14.827357388366464,14.416803229648965,2020.0,306.46499903341055,321.292356421777,305.0773239152402,314.01598416265546,6.0,30.0,369476.0,L5,L8,306.46499903341055,320.8818022630595,veg→imp,6.320520290444634,201.0,"{""type"":""MultiPoint"",""coordinates"":[]}",
00000000000000000052_1,2000.0,Sydney,10.30468951251396,18.44849607830122,18.03556762622702,2020.0,308.17215682534476,326.620652903646,306.22922526924793,316.5339147817619,6.0,30.0,18138.0,L5,L8,308.17215682534476,326.2077244515718,veg→crop,0.310281579935056,203.0,"{""type"":""MultiPoint"",""coordinates"":[]}",
00000000000000000052_2,2000.0,Sydney,4.934556334320803,11.122816271389809,10.478563070637051,2020.0,304.83050725282635,315.95332352421616,303.67067579187545,308.60523212619626,6.0,30.0,18780.0,L5,L8,304.83050725282635,315.3090703234634,veg→wat,0.3212640903727176,204.0,"{""type"":""MultiPoint"",""coordinates"":[]}",
00000000000000000052_3,2000.0,Sydney,4.826440822605946,9.213766808177697,9.176503537834437,2020.0,298.9828190158359,308.1965858240136,298.42923039193875,303.2556712145447,6.0,30.0,329.0,L5,L8,298.9828190158359,308.15932255367034,veg→bare,0.0056281089314496,205.0,"{""type"":""MultiPoint"",""coordinates"":[]}",
00000000000000000052_4,2000.0,Sydney,11.7850321363361,18.167978655266552,17.65070956865918,2020.0,307.42386322698275,325.5918418822493,305.28347071244656,317.06850284878266,6.0,30.0,4986.0,L5,L8,307.42386322698275,325.0745727956419,crop→imp,0.0852940763896895,301.0,"{""type"":""MultiPoint"",""coordinates"":[]}",
00000000000000000052_5,2000.0,Sydney,10.861564303344323,19.019905618332928,18.1547416386112,2020.0,308.8162982960962,327.8362039144291,306.7090956115055,317.57065991484984,6.0,30.0,5808.0,L5,L8,308.8162982960962,326.9710399347074,crop→veg,0.0993557953612749,302.0,"{""type"":""MultiPoint"",""coordinates"":[]}",
00000000000000000052_6,2000.0,Sydney,1.0151565335779082,5.619628014185935,4.054778927446023,2020.0,309.52466814999434,315.1442961641803,306.5733977341676,307.5885542677455,6.0,30.0,282.0,L5,L8,309.52466814999434,313.57944707744036,crop→wat,0.0048240933698139,304.0,"{""type"":""MultiPoint"",""coordinates"":[]}",
00000000000000000052_7,2000.0,Sydney,5.573049120680537,8.617050516335723,8.424508504822143,2020.0,303.71210927259625,312.329159788932,302.7996850857513,308.37273420643186,6.0,30.0,12005.0,L5,L8,303.71210927259625,312.1366177774184,wat→imp,0.2053661024986408,401.0,"{""type"":""MultiPoint"",""coordinates"":[]}",
00000000000000000052_8,2000.0,Sydney,8.740348650037333,14.232691158720854,13.842665884197004,2020.0,302.6482896997254,316.88098085844626,301.56814755924415,310.3084962092815,6.0,30.0,4483.0,L5,L8,302.6482896997254,316.4909555839224,wat→veg,0.0766893992087802,402.0,"{""type"":""MultiPoint"",""coordinates"":[]}",
00000000000000000052_9,2000.0,Sydney,13.816306367849108,20.74804238630327,20.37908011009364,2020.0,303.37053640049794,324.1185787868012,301.48625067988144,315.30255704773055,6.0,30.0,111.0,L5,L8,303.37053640049794,323.7496165105916,wat→crop,0.0018988452625863,403.0,"{""type"":""MultiPoint"",""coordinates"":[]}",
00000000000000000052_10,2000.0,Sydney,4.528023761994405,8.044476452239394,8.009627041792555,2020.0,298.78136610889635,306.82584256113574,298.15397817642076,302.68200193841517,6.0,30.0,213.0,L5,L8,298.78136610889635,306.7909931506889,wat→bare,0.0036437300984765,405.0,"{""type"":""MultiPoint"",""coordinates"":[]}",
00000000000000000052_11,2000.0,Sydney,-0.1014715610520511,2.337489562514918,2.2912824708237736,2020.0,310.17272415228365,312.51021371479857,309.5329750853227,309.4315035242706,6.0,30.0,134.0,L5,L8,310.17272415228365,312.4640066231074,bare→imp,0.0022922996863655,501.0,"{""type"":""MultiPoint"",""coordinates"":[]}",
00000000000000000052_12,2000.0,Sydney,6.561242338945135,12.207292221964906,11.731045937370652,2020.0,302.94168419123025,315.14897641319516,302.0178206915072,308.57906303045235,6.0,30.0,24.0,L5,L8,302.94168419123025,314.6727301286009,bare→veg,0.00041056113785650815,502.0,"{""type"":""MultiPoint"",""coordinates"":[]}",
00000000000000000052_13,2000.0,Sydney,3.9864558213951113,9.022627221079231,8.372966125976518,2020.0,301.33061482279857,310.3532420438778,300.3322527813038,304.3187086026989,6.0,30.0,478.0,L5,L8,301.33061482279857,309.7035809487751,bare→wat,0.0081770093289754,504.0,"{""type"":""MultiPoint"",""coordinates"":[]}",
00000000000000000052_14,2000.0,Sydney,6.358917114010524,10.768445482941274,10.44951122013083,2020.0,309.16323946848127,319.93168495142254,307.9149994080661,314.2739165220766,6.0,30.0,2718483.0,L5,L8,309.16323946848127,319.6127506886121,imp→imp,46.50431140514892,101.0,"{""type"":""MultiPoint"",""coordinates"":[]}",
00000000000000000052_15,2000.0,Sydney,7.560166576019299,14.228040472154532,13.92226460620111,2020.0,303.352468621419,317.58050909357354,302.3956741159957,309.955840692015,6.0,30.0,2380561.0,L5,L8,303.352468621419,317.2747332276201,veg→veg,40.72357637070112,202.0,"{""type"":""MultiPoint"",""coordinates"":[]}",
00000000000000000052_16,2000.0,Sydney,9.223804416454923,17.062702145290984,16.456194697356295,2020.0,308.6336879011317,325.69639004642266,306.4512322840268,315.6750367004817,6.0,30.0,24446.0,L5,L8,308.6336879011317,325.089882598488,crop→crop,0.4181907323350083,303.0,"{""type"":""MultiPoint"",""coordinates"":[]}",
00000000000000000052_17,2000.0,Sydney,5.849851424326687,10.994259075385004,10.664037201305176,2020.0,299.70784549635397,310.70210457173897,298.9633293463244,304.81318077065106,6.0,30.0,81118.0,L5,L8,299.70784549635397,310.37188269765915,wat→wat,1.3876624325268432,404.0,"{""type"":""MultiPoint"",""coordinates"":[]}",
00000000000000000052_18,2000.0,Sydney,2.8908069679552,5.576221050430377,5.574432371647788,2020.0,297.0689990308014,302.6452200812318,296.8905470681633,299.7813540361185,6.0,30.0,205803.0,L5,L8,297.0689990308014,302.6434314024492,bare→bare,3.5206130772617894,505.0,"{""type"":""MultiPoint"",""coordinates"":[]}",
00000000000000000053_0,2000.0,Hobart,9.025728485602713,12.16981920042707,12.16981920042707,2020.0,293.3668485320325,305.5366677324596,293.3099374241729,302.3356659097756,4.0,23.0,52191.0,L5,L8,293.3668485320325,305.5366677324596,veg→imp,3.373806601001844,201.0,"{""type"":""MultiPoint"",""coordinates"":[]}",
00000000000000000053_1,2000.0,Hobart,11.19980820836605,17.03744033874841,17.03744033874841,2020.0,297.7389350031053,314.77637534185374,297.7389350031053,308.9387432114714,4.0,23.0,22667.0,L5,L8,297.7389350031053,314.77637534185374,veg→crop,1.4652732123337129,203.0,"{""type"":""MultiPoint"",""coordinates"":[]}",
00000000000000000053_2,2000.0,Hobart,0.0214659255128708,3.604577141230209,3.604577141230209,2020.0,299.5720132095115,303.1765903507417,299.5720132095115,299.5934791350244,4.0,23.0,2682.0,L5,L8,299.5720132095115,303.1765903507417,veg→wat,0.1733737484218916,204.0,"{""type"":""MultiPoint"",""coordinates"":[]}",
00000000000000000053_3,2000.0,Hobart,1.5502639256595785,4.05340239463095,4.05340239463095,2020.0,289.19190866572114,293.2453110603521,289.19190866572114,290.7421725913807,4.0,23.0,32.0,L5,L8,289.19190866572114,293.2453110603521,veg→bare,0.0020685905851978,205.0,"{""type"":""MultiPoint"",""coordinates"":[]}",
00000000000000000053_4,2000.0,Hobart,11.73189063216563,16.855648245456166,16.855648245456166,2020.0,295.9267618642834,312.78241010973954,295.9267618642834,307.658652496449,4.0,23.0,5799.0,L5,L8,295.9267618642834,312.78241010973954,crop→imp,0.374867400111316,301.0,"{""type"":""MultiPoint"",""coordinates"":[]}",
00000000000000000053_5,2000.0,Hobart,10.996754246446756,16.096191970761367,16.096191970761367,2020.0,297.3776487741761,313.4738407449375,297.3776487741761,308.3744030206229,4.0,23.0,28561.0,L5,L8,297.3776487741761,313.4738407449375,crop→veg,1.8462817407448349,302.0,"{""type"":""MultiPoint"",""coordinates"":[]}",
00000000000000000053_6,2000.0,Hobart,-7.596325995980464,-3.579390168764405,-3.579390168764405,2020.0,309.59695997325025,306.01756980448584,309.59695997325025,302.0006339772698,4.0,23.0,114.0,L5,L8,309.59695997325025,306.01756980448584,crop→wat,0.0073693539597672,304.0,"{""type"":""MultiPoint"",""coordinates"":[]}",
00000000000000000053_7,2000.0,Hobart,9.15629687977372,11.376811870254755,11.376811870254755,2020.0,287.8744307739825,299.25124264423727,287.8744307739825,297.03072765375623,4.0,23.0,2402.0,L5,L8,287.8744307739825,299.25124264423727,wat→imp,0.1552735808014108,401.0,"{""type"":""MultiPoint"",""coordinates"":[]}",
00000000000000000053_8,2000.0,Hobart,6.7413674365761835,9.870754027413112,9.870754027413112,2020.0,290.4483361932414,300.3190902206545,290.4483361932414,297.1897036298176,4.0,23.0,2087.0,L5,L8,290.4483361932414,300.3190902206545,wat→veg,0.1349108922283698,402.0,"{""type"":""MultiPoint"",""coordinates"":[]}",
00000000000000000053_9,2000.0,Hobart,,,,2020.0,,312.4687024050084,,305.3217345353698,4.0,23.0,1.0,L5,L8,,312.4687024050084,wat→crop,6.464345578743164e-05,403.0,"{""type"":""MultiPoint"",""coordinates"":[]}",
00000000000000000053_10,2000.0,Hobart,9.89616906639668,11.660167019262872,11.660167019262872,2020.0,289.188070014599,300.8482370338619,289.188070014599,299.0842390809957,4.0,23.0,4.0,L5,L8,289.188070014599,300.8482370338619,wat→bare,0.00025857382314972656,405.0,"{""type"":""MultiPoint"",""coordinates"":[]}",
00000000000000000053_11,2000.0,Hobart,,,,2020.0,,304.2456794368719,,300.58876242667674,4.0,23.0,28.0,L5,L8,,304.2456794368719,bare→imp,0.001810016762048,501.0,"{""type"":""MultiPoint"",""coordinates"":[]}",
00000000000000000053_12,2000.0,Hobart,7.684772960417206,10.674538622447358,10.674538622447358,2020.0,287.17370688511267,297.84824550756,287.17370688511267,294.85847984552987,4.0,23.0,4.0,L5,L8,287.17370688511267,297.84824550756,bare→veg,0.00025857382314972656,502.0,"{""type"":""MultiPoint"",""coordinates"":[]}",
00000000000000000053_13,2000.0,Hobart,4.214609962288932,7.50538865926768,7.50538865926768,2020.0,292.55203068859544,300.0574193478631,292.55203068859544,296.76664065088437,4.0,23.0,73.0,L5,L8,292.55203068859544,300.0574193478631,bare→wat,0.0047189722724825,504.0,"{""type"":""MultiPoint"",""coordinates"":[]}",
00000000000000000053_14,2000.0,Hobart,8.681694983644547,11.49732823751816,11.49732823751816,2020.0,293.6529830600729,305.1503112975911,293.6280255875866,302.30972057123114,4.0,23.0,340208.0,L5,L8,293.6529830600729,305.1503112975911,imp→imp,21.99222080653054,101.0,"{""type"":""MultiPoint"",""coordinates"":[]}",
00000000000000000053_15,2000.0,Hobart,2.737378986454587,5.966544256820612,5.966544256820612,2020.0,294.90466883103073,300.87121308785134,294.88227298377797,297.61965197023255,4.0,23.0,960113.0,L5,L8,294.90466883103073,300.87121308785134,veg→veg,62.06502226643834,202.0,"{""type"":""MultiPoint"",""coordinates"":[]}",
00000000000000000053_16,2000.0,Hobart,9.3325052470866,15.251902001475289,15.251902001475289,2020.0,299.8681723431772,315.1200743446525,299.8681723431772,309.2006775902638,4.0,23.0,100979.0,L5,L8,299.8681723431772,315.1200743446525,crop→crop,6.527631521959059,303.0,"{""type"":""MultiPoint"",""coordinates"":[]}",
00000000000000000053_17,2000.0,Hobart,4.986694274871752,8.135290571947564,8.135290571947564,2020.0,291.55521966787484,299.6905102398224,291.55521966787484,296.5419139427466,4.0,23.0,4277.0,L5,L8,291.55521966787484,299.6905102398224,wat→wat,0.2764800604028451,404.0,"{""type"":""MultiPoint"",""coordinates"":[]}",
00000000000000000053_18,2000.0,Hobart,3.627791636225026,5.718643599044526,5.718643599044526,2020.0,286.3660561626963,292.0846997617408,286.3660561626963,289.9938477989213,4.0,23.0,24725.0,L5,L8,286.3660561626963,292.0846997617408,bare→bare,1.598309444344247,505.0,"{""type"":""MultiPoint"",""coordinates"":[]}",
0,2000.0,Vientiane Capital,5.111560189407442,,,2020.0,,,296.6338721237083,301.7454323131157,,,147858.7882352941,,,,,imp→imp,22.874335273623924,101.0,"{""type"":""MultiPoint"",""coordinates"":[]}",
1,2000.0,Vientiane Capital,6.264924339285301,,,2020.0,,,294.31852067909625,300.58344501838155,,,49356.06666666666,,,,,veg→imp,7.635577365371485,201.0,"{""type"":""MultiPoint"",""coordinates"":[]}",
2,2000.0,Vientiane Capital,6.274224392143481,,,2020.0,,,291.62454781752047,297.89877220966395,,,160132.69411764707,,,,,veg→veg,24.773156720902833,202.0,"{""type"":""MultiPoint"",""coordinates"":[]}",
3,2000.0,Vientiane Capital,6.683424363730069,,,2020.0,,,293.09741244528936,299.78083680901943,,,29377.533333333333,,,,,veg→crop,4.544819790551509,203.0,"{""type"":""MultiPoint"",""coordinates"":[]}",
4,2000.0,Vientiane Capital,4.87553745335282,,,2020.0,,,295.29609024098824,300.17162769434105,,,3958.7058823529414,,,,,veg→wat,0.6124273483055188,204.0,"{""type"":""MultiPoint"",""coordinates"":[]}",
5,2000.0,Vientiane Capital,5.751508719009678,,,2020.0,,,294.90404117124774,300.6555498902574,,,20.7921568627451,,,,,veg→bare,0.0032166283304267,205.0,"{""type"":""MultiPoint"",""coordinates"":[]}",
6,2000.0,Vientiane Capital,4.641122552134846,,,2020.0,,,296.2232595890686,300.86438214120346,,,42207.450980392154,,,,,crop→imp,6.529658441635182,301.0,"{""type"":""MultiPoint"",""coordinates"":[]}",
7,2000.0,Vientiane Capital,4.248329725419524,,,2020.0,,,296.133493823104,300.3818235485235,,,14407.141176470588,,,,,crop→veg,2.22884132582358,302.0,"{""type"":""MultiPoint"",""coordinates"":[]}",
8,2000.0,Vientiane Capital,4.218137068181477,,,2020.0,,,296.19428720268064,300.4124242708621,,,153768.78039215688,,,,,crop→crop,23.78863427251358,303.0,"{""type"":""MultiPoint"",""coordinates"":[]}",
9,2000.0,Vientiane Capital,5.5143110842165015,,,2020.0,,,295.07956779860655,300.59387888282305,,,2870.7725490196076,,,,,crop→wat,0.4441197886465274,304.0,"{""type"":""MultiPoint"",""coordinates"":[]}",
10,2000.0,Vientiane Capital,4.322160604827445,,,2020.0,,,296.3145370015271,300.6366976063546,,,21.0,,,,,crop→bare,0.0032487824800896,305.0,"{""type"":""MultiPoint"",""coordinates"":[]}",
11,2000.0,Vientiane Capital,7.675892421442768,,,2020.0,,,293.6910954308469,301.36698785228964,,,1483.1450980392156,,,,,wat→imp,0.2294483719019324,401.0,"{""type"":""MultiPoint"",""coordinates"":[]}",
12,2000.0,Vientiane Capital,9.460701060684867,,,2020.0,,,292.3053301551797,301.7660312158646,,,3627.992156862745,,,,,wat→veg,0.5612646360532468,402.0,"{""type"":""MultiPoint"",""coordinates"":[]}",
13,2000.0,Vientiane Capital,6.7442582519768735,,,2020.0,,,293.17809635135353,299.9223546033304,,,1922.478431372549,,,,,wat→crop,0.297414964104442,403.0,"{""type"":""MultiPoint"",""coordinates"":[]}",
14,2000.0,Vientiane Capital,6.334958283933645,,,2020.0,,,292.11479424232823,298.4497525262619,,,34952.80784313726,,,,,wat→wat,5.407336654796326,404.0,"{""type"":""MultiPoint"",""coordinates"":[]}",
15,2000.0,Vientiane Capital,11.804215378702397,,,2020.0,,,290.1092824322244,301.9134978109268,,,174.02352941176474,,,,,wat→bare,0.0269221234988713,405.0,"{""type"":""MultiPoint"",""coordinates"":[]}",
16,2000.0,Vientiane Capital,10.406412067049589,,,2020.0,,,291.8605044387389,302.26691650578846,,,1.0,,,,,bare→imp,0.00015470392762331452,501.0,"{""type"":""MultiPoint"",""coordinates"":[]}",
17,2000.0,Vientiane Capital,,,,2020.0,,,297.39414589062255,,,,1.0,,,,,bare→veg,0.00015470392762331452,502.0,"{""type"":""MultiPoint"",""coordinates"":[]}",
18,2000.0,Vientiane Capital,4.06777954037193,,,2020.0,,,294.94762853881633,299.01540807918826,,,11.372549019607844,,,,,bare→wat,0.001759378000422,504.0,"{""type"":""MultiPoint"",""coordinates"":[]}",
19,2000.0,Vientiane Capital,4.733933833888784,,,2020.0,,,294.24151684717776,298.97545068106655,,,219.94901960784313,,,,,bare→bare,0.0340269772102307,505.0,"{""type"":""MultiPoint"",""coordinates"":[]}",
00000000000000000025_0,2000.0,Sofia,-1.9889391964183003,-5.809202200827258,-5.809265324899286,2020.0,313.74908034587116,307.9398781450439,307.43054309910264,305.44160390268434,13.0,20.0,20985.0,L5,L8,313.74908034587116,307.9398150209719,veg→imp,3.043112574138256,201.0,"{""type"":""MultiPoint"",""coordinates"":[]}",
00000000000000000025_1,2000.0,Sofia,-3.4233364020808494,-4.865536561760791,-4.865536561760791,2020.0,316.15319173815374,311.28765517639295,309.72916100205504,306.3058245999742,13.0,20.0,27040.0,L5,L8,316.15319173815374,311.28765517639295,veg→crop,3.921170550617034,203.0,"{""type"":""MultiPoint"",""coordinates"":[]}",
00000000000000000025_2,2000.0,Sofia,-6.539771382690503,-10.84390272237124,-10.84390272237124,2020.0,312.9779977904412,302.13409506806994,307.154041603595,300.6142702209045,13.0,20.0,3067.0,L5,L8,312.9779977904412,302.13409506806994,veg→wat,0.4447570295392914,204.0,"{""type"":""MultiPoint"",""coordinates"":[]}",
00000000000000000025_3,2000.0,Sofia,-2.16235406959629,-5.394756297504216,-5.394756297504216,2020.0,315.15714674397356,309.76239044646934,309.39207973753196,307.22972566793567,13.0,20.0,24.0,L5,L8,315.15714674397356,309.76239044646934,veg→bare,0.0034803288910802,205.0,"{""type"":""MultiPoint"",""coordinates"":[]}",
00000000000000000025_4,2000.0,Sofia,-2.2031543867975643,-5.611509669964732,-5.611509669964732,2020.0,317.1517159588557,311.54020628889094,310.51666428175554,308.313509894958,13.0,20.0,7605.0,L5,L8,317.1517159588557,311.54020628889094,crop→imp,1.1028292173610406,301.0,"{""type"":""MultiPoint"",""coordinates"":[]}",
00000000000000000025_5,2000.0,Sofia,-3.3020991900340277,-6.935525086965129,-6.935525086965129,2020.0,316.8522611927688,309.9167361058037,310.3862719802524,307.08417279021836,13.0,20.0,8092.0,L5,L8,316.8522611927688,309.9167361058037,crop→veg,1.17345089110921,302.0,"{""type"":""MultiPoint"",""coordinates"":[]}",
00000000000000000025_6,2000.0,Sofia,-6.200374531297484,-11.432310498943991,-11.432310498943991,2020.0,314.3763815235136,302.9440710245696,307.47141882086925,301.27104428957176,13.0,20.0,172.0,L5,L8,314.3763815235136,302.9440710245696,crop→wat,0.0249423570527414,304.0,"{""type"":""MultiPoint"",""coordinates"":[]}",
00000000000000000025_7,2000.0,Sofia,-2.079799354552449,-6.475586000525595,-6.475586000525595,2020.0,311.34690048744835,304.87131448692276,304.8935079101897,302.8137085556373,13.0,20.0,1.0,L5,L8,311.34690048744835,304.87131448692276,crop→bare,0.00014501370379500862,305.0,"{""type"":""MultiPoint"",""coordinates"":[]}",
00000000000000000025_8,2000.0,Sofia,7.1408622085556885,5.256896562281099,5.256896562281099,2020.0,305.5721442468132,310.8290408090943,301.08046352200677,308.22132573056246,13.0,20.0,346.0,L5,L8,305.5721442468132,310.8290408090943,wat→imp,0.0501747415130729,401.0,"{""type"":""MultiPoint"",""coordinates"":[]}",
00000000000000000025_9,2000.0,Sofia,8.140748178202386,6.865868523360973,6.865868523360973,2020.0,304.29491590838325,311.1607844317442,300.1322243956533,308.27297257385567,13.0,20.0,727.0,L5,L8,304.29491590838325,311.1607844317442,wat→veg,0.1054249626589712,402.0,"{""type"":""MultiPoint"",""coordinates"":[]}",
00000000000000000025_10,2000.0,Sofia,7.38204331664366,6.028245700894445,6.028245700894445,2020.0,304.0474193383574,310.0756650392518,299.9994865145887,307.38152983123234,13.0,20.0,143.0,L5,L8,304.0474193383574,310.0756650392518,wat→crop,0.0207369596426862,403.0,"{""type"":""MultiPoint"",""coordinates"":[]}",
00000000000000000025_11,2000.0,Sofia,9.670033032483277,9.438662855727555,9.438662855727555,2020.0,301.0679431697267,310.50660602545423,298.07735335049296,307.74738638297623,13.0,20.0,40.0,L5,L8,301.0679431697267,310.50660602545423,wat→bare,0.0058005481518003,405.0,"{""type"":""MultiPoint"",""coordinates"":[]}",
00000000000000000025_12,2000.0,Sofia,-14.365123748098142,-19.934030424115917,-19.934030424115917,2020.0,320.1417551024175,300.2077246783016,313.42373994733424,299.0586161992361,13.0,20.0,2.0,L5,L8,320.1417551024175,300.2077246783016,bare→wat,0.00029002740759001723,504.0,"{""type"":""MultiPoint"",""coordinates"":[]}",
00000000000000000025_13,2000.0,Sofia,-0.7783091699822648,-4.109291335058401,-4.109311314962838,2020.0,314.0127538369698,309.9034625019114,308.1598094361385,307.38150026615625,13.0,20.0,301760.0,L5,L8,314.0127538369698,309.90344252200697,imp→imp,43.7593352571818,101.0,"{""type"":""MultiPoint"",""coordinates"":[]}",
00000000000000000025_14,2000.0,Sofia,-1.4909937071434456,-4.877943073576773,-4.878568524587649,2020.0,306.74064402885426,301.8627009552775,300.9984362902674,299.507442583124,13.0,20.0,252088.0,L5,L8,306.74064402885426,301.8620755042666,veg→veg,36.55621456227613,202.0,"{""type"":""MultiPoint"",""coordinates"":[]}",
00000000000000000025_15,2000.0,Sofia,-3.952645534923363,-4.9140538833847245,-4.9140538833847245,2020.0,316.871123201149,311.95706931776425,310.33488874611834,306.382243211195,13.0,20.0,65864.0,L5,L8,316.871123201149,311.95706931776425,crop→crop,9.551182586754448,303.0,"{""type"":""MultiPoint"",""coordinates"":[]}",
00000000000000000025_16,2000.0,Sofia,0.9563525153527052,-1.638793125621646,-1.638793125621646,2020.0,304.1319117414641,302.49311861584243,299.8082892720568,300.7646417874095,13.0,20.0,1634.0,L5,L8,304.1319117414641,302.49311861584243,wat→wat,0.236952392001044,404.0,"{""type"":""MultiPoint"",""coordinates"":[]}",
00000000000000000042_0,2000.0,Buenos Aires,-5.314039933649667,-2.9701448609048384,-2.9701448609048384,2020.0,311.74328543067395,308.7731405697691,310.63441534865564,305.32037541500597,3.0,9.0,13479.0,L5,L8,311.74328543067395,308.7731405697691,veg→imp,4.858435309171518,201.0,"{""type"":""MultiPoint"",""coordinates"":[]}",
00000000000000000042_1,2000.0,Buenos Aires,-6.465903964182985,-4.534066753894081,-4.534066753894081,2020.0,310.2933428313155,305.7592760774214,308.6995405616651,302.23363659748213,3.0,9.0,206.0,L5,L8,310.2933428313155,305.7592760774214,veg→wat,0.0742516265071097,204.0,"{""type"":""MultiPoint"",""coordinates"":[]}",
00000000000000000042_2,2000.0,Buenos Aires,-7.032096160710012,-4.862931219702148,-4.862931219702148,2020.0,309.32590456098643,304.4629733412843,308.19117118663115,301.15907502592114,3.0,9.0,9.0,L5,L8,309.32590456098643,304.4629733412843,veg→bare,0.0032440030998251,205.0,"{""type"":""MultiPoint"",""coordinates"":[]}",
00000000000000000042_3,2000.0,Buenos Aires,-4.701557056778768,-2.4964336674671017,-2.4964336674671017,2020.0,309.63145684551995,307.13502317805285,308.35333915331313,303.65178209653436,3.0,9.0,2532.0,L5,L8,309.63145684551995,307.13502317805285,wat→imp,0.9126462054174852,401.0,"{""type"":""MultiPoint"",""coordinates"":[]}",
00000000000000000042_4,2000.0,Buenos Aires,-6.448730209033442,-4.120068149674978,-4.120068149674978,2020.0,307.9201271553769,303.80005900570194,306.0633270088244,299.61459679979095,3.0,9.0,854.0,L5,L8,307.9201271553769,303.80005900570194,wat→veg,0.307819849694523,402.0,"{""type"":""MultiPoint"",""coordinates"":[]}",
00000000000000000042_5,2000.0,Buenos Aires,1.91863697723835,6.403499578495257,6.403499578495257,2020.0,303.8923090349835,310.29580861347875,303.22234731111973,305.1409842883581,3.0,9.0,2.0,L5,L8,303.8923090349835,310.29580861347875,wat→bare,0.0007208895777389298,405.0,"{""type"":""MultiPoint"",""coordinates"":[]}",
00000000000000000042_6,2000.0,Buenos Aires,-5.735957303881776,-3.0783992847584045,-3.0783992847584045,2020.0,311.6855156175417,308.6071163327833,311.1511343013022,305.4151769974204,3.0,9.0,31.0,L5,L8,311.6855156175417,308.6071163327833,bare→imp,0.0111737884549534,501.0,"{""type"":""MultiPoint"",""coordinates"":[]}",
00000000000000000042_7,2000.0,Buenos Aires,-8.327847611111451,-6.4719061375106435,-6.4719061375106435,2020.0,310.12241619139076,303.6505100538801,307.88819449226213,299.5603468811507,3.0,9.0,1.0,L5,L8,310.12241619139076,303.6505100538801,bare→veg,0.0003604447888694649,502.0,"{""type"":""MultiPoint"",""coordinates"":[]}",
00000000000000000042_8,2000.0,Buenos Aires,-7.325395962085054,-4.519132379885548,-4.519132379885548,2020.0,309.9283004105067,305.4091680306212,309.2729900589034,301.94759409681836,3.0,9.0,1.0,L5,L8,309.9283004105067,305.4091680306212,bare→wat,0.0003604447888694649,504.0,"{""type"":""MultiPoint"",""coordinates"":[]}",
00000000000000000042_9,2000.0,Buenos Aires,-5.745826072859131,-3.114645376892497,-3.114645376892497,2020.0,312.9267956559088,309.8121502790163,311.5996297742607,305.85380370140155,3.0,9.0,252984.0,L5,L8,312.9267956559088,309.8121502790163,imp→imp,91.18676446735272,101.0,"{""type"":""MultiPoint"",""coordinates"":[]}",
00000000000000000042_10,2000.0,Buenos Aires,-7.461865268575025,-4.955474362357961,-4.955474362357961,2020.0,311.30769827719,306.35222391483205,309.1111265081194,301.6492612395444,3.0,9.0,4370.0,L5,L8,311.30769827719,306.35222391483205,veg→veg,1.575143727359562,202.0,"{""type"":""MultiPoint"",""coordinates"":[]}",
00000000000000000042_11,2000.0,Buenos Aires,-5.130724991007412,-2.6153517362345724,-2.6153517362345724,2020.0,307.05245785608514,304.43710611985057,306.2016394006421,301.07091440963467,3.0,9.0,2286.0,L5,L8,307.05245785608514,304.43710611985057,wat→wat,0.8239767873555968,404.0,"{""type"":""MultiPoint"",""coordinates"":[]}",
00000000000000000042_12,2000.0,Buenos Aires,-2.686722800483949,0.5629443327375725,0.5629443327375725,2020.0,303.66664647047435,304.2295908032119,303.12971405165086,300.4429912511669,3.0,9.0,680.0,L5,L8,303.66664647047435,304.2295908032119,bare→bare,0.2451024564312361,505.0,"{""type"":""MultiPoint"",""coordinates"":[]}",
00000000000000000055_0,,Noumea,,,,,,,,,,,,,,,,NO_DATA,,,"{""type"":""MultiPoint"",""coordinates"":[]}",Insufficient LST imagery
00000000000000000001_0,2000.0,Los Angeles,1.9278408335084691,3.1271437231662276,3.1271436058239033,2020.0,314.76401200730936,317.8911557304756,311.9229627023612,313.85080353586966,6.0,12.0,18171.0,L5,L8,314.76401200730936,317.89115561313326,veg→imp,1.0644479878529562,201.0,"{""type"":""MultiPoint"",""coordinates"":[]}",
00000000000000000001_1,2000.0,Los Angeles,0.687011004759313,3.1511089948932067,3.1511089948932067,2020.0,313.29752979149845,316.44863878639165,311.01093508852836,311.69794609328767,6.0,12.0,823.0,L5,L8,313.29752979149845,316.44863878639165,veg→crop,0.0482109236697475,203.0,"{""type"":""MultiPoint"",""coordinates"":[]}",
00000000000000000001_2,2000.0,Los Angeles,-1.0714240043713517,0.8922416828673931,0.8922416828673931,2020.0,310.87551770499624,311.76775938786363,308.9561840585286,307.88476005415725,6.0,12.0,200.0,L5,L8,310.87551770499624,311.76775938786363,veg→wat,0.011715898826184,204.0,"{""type"":""MultiPoint"",""coordinates"":[]}",
00000000000000000001_3,2000.0,Los Angeles,2.2658798900432657,2.984715822823148,2.984715822823148,2020.0,314.1927585270241,317.1774743498473,312.40332612419,314.6692060142333,6.0,12.0,594.0,L5,L8,314.1927585270241,317.1774743498473,veg→bare,0.0347962195137667,205.0,"{""type"":""MultiPoint"",""coordinates"":[]}",
00000000000000000001_4,2000.0,Los Angeles,2.3874959386784553,5.33045783465883,5.33045783465883,2020.0,314.0218209843603,319.35227881901915,312.35255425163353,314.740050190312,6.0,12.0,370.0,L5,L8,314.0218209843603,319.35227881901915,crop→imp,0.0216744128284405,301.0,"{""type"":""MultiPoint"",""coordinates"":[]}",
00000000000000000001_5,2000.0,Los Angeles,2.7656117995024943,6.103915110304911,6.103915110304911,2020.0,316.65681861272986,322.7607337230348,314.9349159486434,317.7005277481459,6.0,12.0,391.0,L5,L8,316.65681861272986,322.7607337230348,crop→veg,0.0229045822051899,302.0,"{""type"":""MultiPoint"",""coordinates"":[]}",
00000000000000000001_6,2000.0,Los Angeles,3.4992430822724145,5.029019656573325,5.029019656573325,2020.0,305.4003210466395,310.4293407032128,304.343525058782,307.8427681410544,6.0,12.0,4955.0,L5,L8,305.4003210466395,310.4293407032128,wat→imp,0.290261393418711,401.0,"{""type"":""MultiPoint"",""coordinates"":[]}",
00000000000000000001_7,2000.0,Los Angeles,4.0116955625987885,6.672754584294125,6.672754584294125,2020.0,308.0155197518266,314.68827433612074,305.90476805044204,309.91646361304083,6.0,12.0,589.0,L5,L8,308.0155197518266,314.68827433612074,wat→veg,0.0345033220431121,402.0,"{""type"":""MultiPoint"",""coordinates"":[]}",
00000000000000000001_8,2000.0,Los Angeles,8.17435299142312,13.49832378503055,13.49832378503055,2020.0,306.2259749619687,319.72429874699924,304.1068212501406,312.28117424156375,6.0,12.0,32.0,L5,L8,306.2259749619687,319.72429874699924,wat→crop,0.0018745438121894,403.0,"{""type"":""MultiPoint"",""coordinates"":[]}",
00000000000000000001_9,2000.0,Los Angeles,9.36977959789806,10.327970308120484,10.327970308120484,2020.0,300.48167770198097,310.80964801010145,299.6999593682847,309.06973896618274,6.0,12.0,382.0,L5,L8,300.48167770198097,310.80964801010145,wat→bare,0.0223773667580116,405.0,"{""type"":""MultiPoint"",""coordinates"":[]}",
00000000000000000001_10,2000.0,Los Angeles,0.8748635035158259,1.7637632182227776,1.7637632182227776,2020.0,313.7887268703649,315.55249008858766,312.53444716087137,313.4093106643872,6.0,12.0,1678.0,L5,L8,313.7887268703649,315.55249008858766,bare→imp,0.0982963911516845,501.0,"{""type"":""MultiPoint"",""coordinates"":[]}",
00000000000000000001_11,2000.0,Los Angeles,0.7984409479507235,2.978771660166899,2.978771660166899,2020.0,319.14877039801064,322.12754205817754,316.5803089077363,317.37874985568703,6.0,12.0,225.0,L5,L8,319.14877039801064,322.12754205817754,bare→veg,0.0131803861794571,502.0,"{""type"":""MultiPoint"",""coordinates"":[]}",
00000000000000000001_12,2000.0,Los Angeles,-0.8882954338594686,4.057057146375769,4.057057146375769,2020.0,323.4549607556752,327.51201790205096,323.2459928498324,322.35769741597295,6.0,12.0,16.0,L5,L8,323.4549607556752,327.51201790205096,bare→crop,0.0009372719060947278,503.0,"{""type"":""MultiPoint"",""coordinates"":[]}",
00000000000000000001_13,2000.0,Los Angeles,0.023057963035626,2.119461322430368,2.119461322430368,2020.0,304.5614279460559,306.6808892684863,304.4566366198138,304.47969458284945,6.0,12.0,46.0,L5,L8,304.5614279460559,306.6808892684863,bare→wat,0.0026946567300223,504.0,"{""type"":""MultiPoint"",""coordinates"":[]}",
00000000000000000001_14,2000.0,Los Angeles,0.9695660023305096,3.2185295127280256,3.218529194794712,2020.0,317.22637007547775,320.4448995882058,315.2546264585864,316.2241924609169,6.0,12.0,1410387.0,L5,L8,317.22637007547775,320.44489927027246,imp→imp,82.61975698882654,101.0,"{""type"":""MultiPoint"",""coordinates"":[]}",
00000000000000000001_15,2000.0,Los Angeles,1.9641926528951783,3.949448851362831,3.9494444762381704,2020.0,312.6787988434551,316.62824769481796,308.6548570649696,310.61904971786475,6.0,12.0,210023.0,L5,L8,312.6787988434551,316.6282433196933,veg→veg,12.303041095858312,202.0,"{""type"":""MultiPoint"",""coordinates"":[]}",
00000000000000000001_16,2000.0,Los Angeles,0.9024971902305196,3.5785658495300368,3.5785658495300368,2020.0,312.2120698520575,315.7906357015875,310.32386912367133,311.22636631390185,6.0,12.0,2302.0,L5,L8,312.2120698520575,315.7906357015875,crop→crop,0.1348499954893789,303.0,"{""type"":""MultiPoint"",""coordinates"":[]}",
00000000000000000001_17,2000.0,Los Angeles,4.089050526372262,6.570609216860362,6.570609216860362,2020.0,301.42868586450567,307.99929508136603,300.1471273805413,304.23617790691355,6.0,12.0,5865.0,L5,L8,301.42868586450567,307.99929508136603,wat→wat,0.3435687330778486,404.0,"{""type"":""MultiPoint"",""coordinates"":[]}",
00000000000000000001_18,2000.0,Los Angeles,1.5882890272075656,3.907288773041671,3.907288773041671,2020.0,295.27224816382767,299.17953693686934,295.01169260691563,296.5999816341232,6.0,12.0,50033.0,L5,L8,295.27224816382767,299.17953693686934,bare→bare,2.9309078298523445,505.0,"{""type"":""MultiPoint"",""coordinates"":[]}",
00000000000000000002_0,2000.0,Chicago,3.742885799070336,4.408452914785528,4.408452914785528,2020.0,307.8251132832325,312.233566198018,304.9007872429268,308.64367304199715,7.0,11.0,16381.0,L5,L8,307.8251132832325,312.233566198018,veg→imp,1.8089359070630329,201.0,"{""type"":""MultiPoint"",""coordinates"":[]}",
00000000000000000002_1,2000.0,Chicago,4.601819028292198,5.226474150599074,5.226474150599074,2020.0,306.263681112039,311.4901552626381,304.30926557652845,308.91108460482064,7.0,11.0,2766.0,L5,L8,306.263681112039,311.4901552626381,veg→crop,0.3054463536375282,203.0,"{""type"":""MultiPoint"",""coordinates"":[]}",
00000000000000000002_2,2000.0,Chicago,2.272575574610812,2.5157571925761317,2.5157571925761317,2020.0,304.7250309106179,307.240788103194,301.42001066609106,303.69258624070187,7.0,11.0,999.0,L5,L8,304.7250309106179,307.240788103194,veg→wat,0.1103184769645302,204.0,"{""type"":""MultiPoint"",""coordinates"":[]}",
00000000000000000002_3,2000.0,Chicago,3.2226526178286576,4.848131141135923,4.848131141135923,2020.0,308.3669118730572,313.2150430141931,303.7517526889825,306.97440530681115,7.0,11.0,4.0,L5,L8,308.3669118730572,313.2150430141931,veg→bare,0.0004417156234816026,205.0,"{""type"":""MultiPoint"",""coordinates"":[]}",
00000000000000000002_4,2000.0,Chicago,5.498244416751902,5.850963353980433,5.850963353980433,2020.0,305.86085159390615,311.7118149478866,303.5236799659682,309.0219243827201,7.0,11.0,1602.0,L5,L8,305.86085159390615,311.7118149478866,crop→imp,0.1769071072043818,301.0,"{""type"":""MultiPoint"",""coordinates"":[]}",
00000000000000000002_5,2000.0,Chicago,5.228841547040531,5.276583523283136,5.276583523283136,2020.0,305.3320062095385,310.60858973282166,302.82657379737213,308.05541534441267,7.0,11.0,473.0,L5,L8,305.3320062095385,310.60858973282166,crop→veg,0.0522328724766995,302.0,"{""type"":""MultiPoint"",""coordinates"":[]}",
00000000000000000002_6,2000.0,Chicago,3.619812815692626,4.907507803235092,4.907507803235092,2020.0,305.1190814579093,310.0265892611444,304.65940566578536,308.279218481478,7.0,11.0,35.0,L5,L8,305.1190814579093,310.0265892611444,crop→wat,0.003865011705464,304.0,"{""type"":""MultiPoint"",""coordinates"":[]}",
00000000000000000002_7,2000.0,Chicago,2.643009493209206,2.8979561416122124,2.8979561416122124,2020.0,305.21934122367463,308.11729736528684,302.03736150495735,304.68037099816655,7.0,11.0,11389.0,L5,L8,305.21934122367463,308.11729736528684,wat→imp,1.257674808957993,401.0,"{""type"":""MultiPoint"",""coordinates"":[]}",
00000000000000000002_8,2000.0,Chicago,5.313433188207512,5.64845965464815,5.64845965464815,2020.0,304.24692512136266,309.8953847760108,301.10802951554,306.4214627037475,7.0,11.0,800.0,L5,L8,304.24692512136266,309.8953847760108,wat→veg,0.0883431246963205,402.0,"{""type"":""MultiPoint"",""coordinates"":[]}",
00000000000000000002_9,2000.0,Chicago,6.030265860883617,6.766072790807414,6.766072790807414,2020.0,301.8551789882646,308.621251779072,299.551966868438,305.5822327293216,7.0,11.0,50.0,L5,L8,301.8551789882646,308.621251779072,wat→crop,0.00552144529352,403.0,"{""type"":""MultiPoint"",""coordinates"":[]}",
00000000000000000002_10,2000.0,Chicago,0.9204091722853036,1.9764930723614496,1.9764930723614496,2020.0,304.9251415366988,306.90163460906024,302.0531382951379,302.9735474674232,7.0,11.0,3.0,L5,L8,304.9251415366988,306.90163460906024,wat→bare,0.00033128671761120193,405.0,"{""type"":""MultiPoint"",""coordinates"":[]}",
00000000000000000002_11,2000.0,Chicago,2.1841852910087027,3.081032893602469,3.081032893602469,2020.0,306.1388929055216,309.21992579912404,303.4776507304433,305.661836021452,7.0,11.0,189.0,L5,L8,306.1388929055216,309.21992579912404,bare→imp,0.0208710632095057,501.0,"{""type"":""MultiPoint"",""coordinates"":[]}",
00000000000000000002_12,2000.0,Chicago,4.197557981757313,4.922146597497601,4.922146597497601,2020.0,306.9063565955088,311.8285031930064,303.216115956035,307.41367393779234,7.0,11.0,7.0,L5,L8,306.9063565955088,311.8285031930064,bare→veg,0.0007730023410928045,502.0,"{""type"":""MultiPoint"",""coordinates"":[]}",
00000000000000000002_13,2000.0,Chicago,3.0702275324886728,3.967833473423866,3.967833473423866,2020.0,309.99252946139217,313.96036293481603,306.5289698665373,309.59919739902597,7.0,11.0,812560.0,L5,L8,309.99252946139217,313.96036293481603,imp→imp,89.73011175405274,101.0,"{""type"":""MultiPoint"",""coordinates"":[]}",
00000000000000000002_14,2000.0,Chicago,4.239032700353789,3.4625375405723275,3.4625375405723275,2020.0,304.40707916966727,307.8696167102396,300.3369706484397,304.5760033487935,7.0,11.0,26039.0,L5,L8,304.40707916966727,307.8696167102396,veg→veg,2.875458279959362,202.0,"{""type"":""MultiPoint"",""coordinates"":[]}",
00000000000000000002_15,2000.0,Chicago,3.4508075737661557,3.461340222848605,3.461340222848605,2020.0,305.42042534633566,308.88176556918427,301.5645357592352,305.01534333300134,7.0,11.0,8113.0,L5,L8,305.42042534633566,308.88176556918427,crop→crop,0.8959097133265604,303.0,"{""type"":""MultiPoint"",""coordinates"":[]}",
00000000000000000002_16,2000.0,Chicago,1.6793251432125658,1.9960988860815976,1.9960988860815976,2020.0,300.1288130211256,302.1249119072072,296.7595924630673,298.43891760627986,7.0,11.0,24080.0,L5,L8,300.1288130211256,302.1249119072072,wat→wat,2.6591280533592476,404.0,"{""type"":""MultiPoint"",""coordinates"":[]}",
00000000000000000002_17,2000.0,Chicago,3.738105056965253,2.875750327339688,2.875750327339688,2020.0,302.24698685610025,305.12273718343994,298.88730509325205,302.6254101502173,7.0,11.0,70.0,L5,L8,302.24698685610025,305.12273718343994,bare→bare,0.007730023410928,505.0,"{""type"":""MultiPoint"",""coordinates"":[]}",
00000000000000000005_0,2000.0,Madrid,3.670403073719001,6.112697884226634,6.112697884226634,2020.0,317.5306357161201,323.64333360034675,313.74663475980907,317.41703783352807,5.0,6.0,29798.0,L5,L8,317.5306357161201,323.64333360034675,veg→imp,3.3818667568558327,201.0,"{""type"":""MultiPoint"",""coordinates"":[]}",
00000000000000000005_1,2000.0,Madrid,5.047259458160283,8.220405185180482,8.220405185180482,2020.0,317.6702529043497,325.8906580895302,313.80953220715764,318.8567916653179,5.0,6.0,3947.0,L5,L8,317.6702529043497,325.8906580895302,veg→crop,0.4479571813312965,203.0,"{""type"":""MultiPoint"",""coordinates"":[]}",
00000000000000000005_2,2000.0,Madrid,-3.041636859969856,-1.018154846987727,-1.018154846987727,2020.0,314.63162560796695,313.6134707609792,311.59729800069556,308.5556611407257,5.0,6.0,142.0,L5,L8,314.63162560796695,313.6134707609792,veg→wat,0.0161160171646932,204.0,"{""type"":""MultiPoint"",""coordinates"":[]}",
00000000000000000005_3,2000.0,Madrid,2.503257618818566,5.047711822128747,5.047711822128747,2020.0,318.66825930421777,323.7159711263465,315.06718244657355,317.5704400653921,5.0,6.0,556.0,L5,L8,318.66825930421777,323.7159711263465,veg→bare,0.0631021517152776,205.0,"{""type"":""MultiPoint"",""coordinates"":[]}",
00000000000000000005_4,2000.0,Madrid,3.826094317561683,5.43562551172414,5.43562551172414,2020.0,318.61517824045654,324.0508037521807,314.06755862079524,317.8936529383569,5.0,6.0,13300.0,L5,L8,318.61517824045654,324.0508037521807,crop→imp,1.509457945707181,301.0,"{""type"":""MultiPoint"",""coordinates"":[]}",
00000000000000000005_5,2000.0,Madrid,6.06630501530168,8.475050561105832,8.475050561105832,2020.0,317.9416277054534,326.41667826655925,313.8365431215189,319.9028481368206,5.0,6.0,22197.0,L5,L8,317.9416277054534,326.41667826655925,crop→veg,2.519205866230248,302.0,"{""type"":""MultiPoint"",""coordinates"":[]}",
00000000000000000005_6,2000.0,Madrid,-2.9770994678615352,-2.359861402064098,-2.359861402064098,2020.0,317.0844381240217,314.7245767219576,312.948814768302,309.97171530044045,5.0,6.0,31.0,L5,L8,317.0844381240217,314.7245767219576,crop→wat,0.0035182854373626,304.0,"{""type"":""MultiPoint"",""coordinates"":[]}",
00000000000000000005_7,2000.0,Madrid,4.408233037533307,6.283311979946404,6.283311979946404,2020.0,318.08372214104685,324.36703412099325,313.79760229412295,318.20583533165626,5.0,6.0,149.0,L5,L8,318.08372214104685,324.36703412099325,crop→bare,0.0169104687150654,305.0,"{""type"":""MultiPoint"",""coordinates"":[]}",
00000000000000000005_8,2000.0,Madrid,5.269605685481849,8.685407304909688,8.685407304909688,2020.0,306.3621059862899,315.0475132911996,303.9367569119042,309.20636259738603,5.0,6.0,286.0,L5,L8,306.3621059862899,315.0475132911996,wat→imp,0.0324590204866356,401.0,"{""type"":""MultiPoint"",""coordinates"":[]}",
00000000000000000005_9,2000.0,Madrid,11.544032529626463,16.0873045745181,16.0873045745181,2020.0,305.45139434652873,321.53869892104683,302.5810303058588,314.12506283548527,5.0,6.0,1889.0,L5,L8,305.45139434652873,321.53869892104683,wat→veg,0.2143884255218695,402.0,"{""type"":""MultiPoint"",""coordinates"":[]}",
00000000000000000005_10,2000.0,Madrid,11.829707880560704,17.50728875816509,17.50728875816509,2020.0,305.1589490880902,322.6662378462553,302.74031485190073,314.57002273246144,5.0,6.0,20.0,L5,L8,305.1589490880902,322.6662378462553,wat→crop,0.002269861572492,403.0,"{""type"":""MultiPoint"",""coordinates"":[]}",
00000000000000000005_11,2000.0,Madrid,11.956898196917052,16.739809433900348,16.739809433900348,2020.0,300.497814044174,317.23762347807434,298.602805515433,310.55970371235003,5.0,6.0,298.0,L5,L8,300.497814044174,317.23762347807434,wat→bare,0.0338209374301308,405.0,"{""type"":""MultiPoint"",""coordinates"":[]}",
00000000000000000005_12,2000.0,Madrid,4.496346362731572,6.872945773815616,6.872945773815616,2020.0,316.1847204339588,323.0576662077744,313.1375659040044,317.633912266736,5.0,6.0,624.0,L5,L8,316.1847204339588,323.0576662077744,bare→imp,0.0708196810617504,501.0,"{""type"":""MultiPoint"",""coordinates"":[]}",
00000000000000000005_13,2000.0,Madrid,6.965619202246785,10.046806263826454,10.046806263826454,2020.0,317.0772013324352,327.12400759626166,313.8552926400064,320.82091184225317,5.0,6.0,145.0,L5,L8,317.0772013324352,327.12400759626166,bare→veg,0.016456496400567,502.0,"{""type"":""MultiPoint"",""coordinates"":[]}",
00000000000000000005_14,2000.0,Madrid,8.116332819274646,10.773714856310733,10.773714856310733,2020.0,316.0731935481255,326.84690840443625,312.06690652292355,320.1832393421982,5.0,6.0,1.0,L5,L8,316.0731935481255,326.84690840443625,bare→crop,0.00011349307862460008,503.0,"{""type"":""MultiPoint"",""coordinates"":[]}",
00000000000000000005_15,2000.0,Madrid,4.005822852675351,7.205251940805908,7.205251940805908,2020.0,313.5443070939973,320.7495590348032,310.8301180110715,314.8359408637468,5.0,6.0,475083.0,L5,L8,313.5443070939973,320.7495590348032,imp→imp,53.91863227221088,101.0,"{""type"":""MultiPoint"",""coordinates"":[]}",
00000000000000000005_16,2000.0,Madrid,3.637190265277979,7.699459736023641,7.699459736023641,2020.0,316.05922220170015,323.7586819377238,312.6471350095133,316.2843252747913,5.0,6.0,315664.0,L5,L8,316.05922220170015,323.7586819377238,veg→veg,35.82567917095576,202.0,"{""type"":""MultiPoint"",""coordinates"":[]}",
00000000000000000005_17,2000.0,Madrid,5.400993345603013,7.660388777005721,7.660388777005721,2020.0,317.35267107738184,325.01305985438756,313.2179082379324,318.61890158353543,5.0,6.0,13863.0,L5,L8,317.35267107738184,325.01305985438756,crop→crop,1.573354548972831,303.0,"{""type"":""MultiPoint"",""coordinates"":[]}",
00000000000000000005_18,2000.0,Madrid,4.6186213730892405,7.672530082989283,7.672530082989283,2020.0,300.8181280244266,308.49065810741587,299.04810416126344,303.6667255343527,5.0,6.0,2832.0,L5,L8,300.8181280244266,308.49065810741587,wat→wat,0.3214123986648674,404.0,"{""type"":""MultiPoint"",""coordinates"":[]}",
00000000000000000005_19,2000.0,Madrid,5.48642295778285,8.079029953165104,8.079029953165104,2020.0,315.01544838324514,323.09447833641025,312.15313912793954,317.6395620857224,5.0,6.0,286.0,L5,L8,315.01544838324514,323.09447833641025,bare→bare,0.0324590204866356,505.0,"{""type"":""MultiPoint"",""coordinates"":[]}",
00000000000000000021_0,2000.0,Warsaw,9.944211375910754,14.766883362827173,14.76204812880161,2020.0,294.02837235168255,308.7952557145097,293.6682056216998,303.6124169976106,4.0,17.0,57108.0,L5,L8,294.02837235168255,308.79042048048416,veg→imp,6.089097351133896,201.0,"{""type"":""MultiPoint"",""coordinates"":[]}",
00000000000000000021_1,2000.0,Warsaw,8.796103191696375,13.968135990617554,13.96790411720616,2020.0,293.1085329713016,307.07666896191915,292.93277932654036,301.72888251823673,4.0,17.0,6584.0,L5,L8,293.1085329713016,307.07643708850776,veg→crop,0.7020140253531129,203.0,"{""type"":""MultiPoint"",""coordinates"":[]}",
00000000000000000021_2,2000.0,Warsaw,6.2442898756694944,11.09764761076616,11.097499440002252,2020.0,292.9955737572199,304.0932213679861,292.9585008366263,299.2027907122958,4.0,17.0,922.0,L5,L8,292.9955737572199,304.09307319722217,veg→wat,0.0983075533680999,204.0,"{""type"":""MultiPoint"",""coordinates"":[]}",
00000000000000000021_3,2000.0,Warsaw,8.057678352300684,10.53795463580667,10.53795463580667,2020.0,300.5587029639408,311.09665759974746,296.36355898297313,304.4212373352738,4.0,17.0,22.0,L5,L8,300.5587029639408,311.09665759974746,veg→bare,0.0023457333775468,205.0,"{""type"":""MultiPoint"",""coordinates"":[]}",
00000000000000000021_4,2000.0,Warsaw,10.34772283594998,15.122097217954831,15.12179243851358,2020.0,293.7334252019249,308.8555224198797,293.46621549406456,303.81393833001454,4.0,17.0,8261.0,L5,L8,293.7334252019249,308.85521764043847,crop→imp,0.8808228832688435,301.0,"{""type"":""MultiPoint"",""coordinates"":[]}",
00000000000000000021_5,2000.0,Warsaw,8.547620004134785,13.55183872196426,13.551693638724828,2020.0,293.3041596709059,306.85599839287016,293.13139568452135,301.67901568865614,4.0,17.0,8209.0,L5,L8,293.3041596709059,306.85585330963073,crop→veg,0.8752784225582781,302.0,"{""type"":""MultiPoint"",""coordinates"":[]}",
00000000000000000021_6,2000.0,Warsaw,6.05566867569155,10.660850763455985,10.660850763455985,2020.0,293.1978464547557,303.85869721821166,292.5009385268312,298.55660720252274,4.0,17.0,4.0,L5,L8,293.1978464547557,303.85869721821166,crop→wat,0.00042649697773579153,304.0,"{""type"":""MultiPoint"",""coordinates"":[]}",
00000000000000000021_7,2000.0,Warsaw,8.041323026553187,12.777759739912426,12.75495599560378,2020.0,294.54700660357383,307.32476634348626,294.38548569256864,302.4268087191218,4.0,17.0,3936.0,L5,L8,294.54700660357383,307.3019625991776,wat→imp,0.4196730260920188,401.0,"{""type"":""MultiPoint"",""coordinates"":[]}",
00000000000000000021_8,2000.0,Warsaw,8.223419210214843,13.192581028363575,13.192277946132208,2020.0,291.7844724865573,304.9770535149209,291.46707412988115,299.690493340096,4.0,17.0,2325.0,L5,L8,291.7844724865573,304.9767504326895,wat→veg,0.2479013683089288,402.0,"{""type"":""MultiPoint"",""coordinates"":[]}",
00000000000000000021_9,2000.0,Warsaw,7.493184127435313,12.247420522343646,12.247369304875974,2020.0,292.5339746371162,304.78139515945986,292.0123229050809,299.5055070325162,4.0,17.0,167.0,L5,L8,292.5339746371162,304.7813439419922,wat→crop,0.0178062488204692,403.0,"{""type"":""MultiPoint"",""coordinates"":[]}",
00000000000000000021_10,2000.0,Warsaw,9.70115719766369,13.584448658226734,13.584077892477469,2020.0,297.2011094907678,310.78555814899454,295.39819259273577,305.09934979039946,4.0,17.0,19.0,L5,L8,297.2011094907678,310.7851873832453,wat→bare,0.002025860644245,405.0,"{""type"":""MultiPoint"",""coordinates"":[]}",
00000000000000000021_11,2000.0,Warsaw,10.005790581117084,15.012178661597886,15.011300306782744,2020.0,296.522153016828,311.5343316784259,296.14677493742545,306.15256551854253,4.0,17.0,43.0,L5,L8,296.522153016828,311.53345332361073,bare→imp,0.0045848425106597,501.0,"{""type"":""MultiPoint"",""coordinates"":[]}",
00000000000000000021_12,2000.0,Warsaw,,,,2020.0,,310.6397419477459,,304.7651372367422,4.0,17.0,9.0,L5,L8,,310.6397419477459,bare→veg,0.000959618199905531,502.0,"{""type"":""MultiPoint"",""coordinates"":[]}",
00000000000000000021_13,2000.0,Warsaw,,,,2020.0,,305.2677662841487,,297.46889706641025,4.0,17.0,2.0,L5,L8,,305.2677662841487,bare→crop,0.00021324848886789577,503.0,"{""type"":""MultiPoint"",""coordinates"":[]}",
00000000000000000021_14,2000.0,Warsaw,4.484890176601539,8.861267563270303,8.861267563270303,2020.0,295.57221662029417,304.4334841835645,294.4600940974078,298.94498427400936,4.0,17.0,18.0,L5,L8,295.57221662029417,304.4334841835645,bare→wat,0.001919236399811,504.0,"{""type"":""MultiPoint"",""coordinates"":[]}",
00000000000000000021_15,2000.0,Warsaw,10.137625605543178,15.248030499602066,15.24562085854592,2020.0,294.07678644685365,309.3248169464557,293.8450927032506,303.9827183087938,4.0,17.0,473088.0,L5,L8,294.07678644685365,309.32240730539957,imp→imp,50.44265055076753,101.0,"{""type"":""MultiPoint"",""coordinates"":[]}",
00000000000000000021_16,2000.0,Warsaw,8.041940166403265,12.762875480789262,12.762640715262137,2020.0,292.1241959206592,304.88707140144845,291.9469490990828,299.9888892654861,4.0,17.0,333291.0,L5,L8,292.1241959206592,304.8868366359213,veg→veg,35.53690105163492,202.0,"{""type"":""MultiPoint"",""coordinates"":[]}",
00000000000000000021_17,2000.0,Warsaw,7.804573633278551,13.638703597539177,13.63868672220957,2020.0,294.46527807709793,308.1039816746371,294.3607386744438,302.16531230772233,4.0,17.0,26068.0,L5,L8,294.46527807709793,308.1039647993075,crop→crop,2.7794808039041534,303.0,"{""type"":""MultiPoint"",""coordinates"":[]}",
00000000000000000021_18,2000.0,Warsaw,5.564445223374491,9.895040694284774,9.894841758964162,2020.0,292.10101249300754,301.9960531872923,291.93964951536395,297.50409473873844,4.0,17.0,17796.0,L5,L8,292.10101249300754,301.9958542519717,wat→wat,1.8974850539465369,404.0,"{""type"":""MultiPoint"",""coordinates"":[]}",
00000000000000000021_19,2000.0,Warsaw,8.420164930677629,11.751045378723743,11.751045378723743,2020.0,298.47728441725326,310.228329795977,295.8496378614353,304.26980279211296,4.0,17.0,1.0,L5,L8,298.47728441725326,310.228329795977,bare→bare,0.00010662424443394788,505.0,"{""type"":""MultiPoint"",""coordinates"":[]}",
00000000000000000009_0,2000.0,Rome,2.556992077641894,7.26249940782651,7.157918036500803,2020.0,313.1038698180832,320.3663692259097,309.6398332948062,312.1968253724481,8.0,10.0,30607.0,L5,L8,313.1038698180832,320.261787854584,veg→imp,1.5946145614406184,201.0,"{""type"":""MultiPoint"",""coordinates"":[]}",
00000000000000000009_1,2000.0,Rome,4.642901392427007,10.121848282678116,9.796154099799026,2020.0,315.7867896289387,325.90863791161684,312.024441309889,316.66734270231603,8.0,10.0,16789.0,L5,L8,315.7867896289387,325.58294372873775,veg→crop,0.8747013386488889,203.0,"{""type"":""MultiPoint"",""coordinates"":[]}",
00000000000000000009_2,2000.0,Rome,1.78517483400816,5.949438430272039,5.932657417426071,2020.0,309.3354635157052,315.28490194597725,306.4217186914402,308.2068935254484,8.0,10.0,629.0,L5,L8,309.3354635157052,315.2681209331313,veg→wat,0.0327706916439425,204.0,"{""type"":""MultiPoint"",""coordinates"":[]}",
00000000000000000009_3,2000.0,Rome,1.3535411590556805,4.77790303401963,4.77790303401963,2020.0,307.291650082604,312.06955311662364,305.62595411787873,306.9794952769344,8.0,10.0,89.0,L5,L8,307.291650082604,312.06955311662364,veg→bare,0.0046368705187772,205.0,"{""type"":""MultiPoint"",""coordinates"":[]}",
00000000000000000009_4,2000.0,Rome,3.135781816765814,7.753881361855065,7.5835520024721745,2020.0,318.0426144776561,325.7964958395112,313.804635186346,316.9404170031118,8.0,10.0,42063.0,L5,L8,318.0426144776561,325.6261664801283,crop→imp,2.191468366644125,301.0,"{""type"":""MultiPoint"",""coordinates"":[]}",
00000000000000000009_5,2000.0,Rome,1.290129839662825,6.1458728550184105,6.020850018106728,2020.0,317.499060319492,323.6449331745104,313.58679924439116,314.876929084054,8.0,10.0,36080.0,L5,L8,317.499060319492,323.51991033759873,crop→veg,1.8797560485110436,302.0,"{""type"":""MultiPoint"",""coordinates"":[]}",
00000000000000000009_6,2000.0,Rome,-0.8255531618555096,3.956459517379813,3.956459517379813,2020.0,312.4286356635605,316.3850951809403,308.4372466136947,307.6116934518392,8.0,10.0,219.0,L5,L8,312.4286356635605,316.3850951809403,crop→wat,0.011409827456317,304.0,"{""type"":""MultiPoint"",""coordinates"":[]}",
00000000000000000009_7,2000.0,Rome,-1.1477553637223536,-0.8781088301538489,-0.8781088301538489,2020.0,321.1784508669616,320.30034203680776,314.5330042224526,313.3852488587302,8.0,10.0,1.0,L5,L8,321.1784508669616,320.30034203680776,crop→bare,5.2099668750306085e-05,305.0,"{""type"":""MultiPoint"",""coordinates"":[]}",
00000000000000000009_8,2000.0,Rome,2.978071758182523,6.679668021578436,6.661656336555495,2020.0,307.7871780511975,314.4668460727759,305.5436991072002,308.52177086538273,8.0,10.0,2655.0,L5,L8,307.7871780511975,314.448834387753,wat→imp,0.1383246205320626,401.0,"{""type"":""MultiPoint"",""coordinates"":[]}",
00000000000000000009_9,2000.0,Rome,3.2205311445280245,7.889008450929623,7.889008450929623,2020.0,307.73329028034556,315.6222987312752,305.1954720635896,308.4160032081176,8.0,10.0,565.0,L5,L8,307.73329028034556,315.6222987312752,wat→veg,0.0294363128439229,402.0,"{""type"":""MultiPoint"",""coordinates"":[]}",
00000000000000000009_10,2000.0,Rome,6.91728476690696,11.781014439535513,11.781014439535513,2020.0,310.2952743871016,322.0762888266371,307.2495944338967,314.16687920080363,8.0,10.0,4.0,L5,L8,310.2952743871016,322.0762888266371,wat→crop,0.00020839867500122431,403.0,"{""type"":""MultiPoint"",""coordinates"":[]}",
00000000000000000009_11,2000.0,Rome,3.023327520209478,6.6104751548467675,6.6104751548467675,2020.0,306.266158421306,312.87663357615276,304.39684722336307,307.42017474357255,8.0,10.0,45.0,L5,L8,306.266158421306,312.87663357615276,wat→bare,0.0023444850937637,405.0,"{""type"":""MultiPoint"",""coordinates"":[]}",
00000000000000000009_12,2000.0,Rome,2.009755343651648,5.436284043944113,5.436284043944113,2020.0,307.11317540816583,312.54945945210994,305.4650558782113,307.4748112218629,8.0,10.0,18.0,L5,L8,307.11317540816583,312.54945945210994,bare→imp,0.0009377940375055096,501.0,"{""type"":""MultiPoint"",""coordinates"":[]}",
00000000000000000009_13,2000.0,Rome,4.538144260122976,10.032065448317669,10.032065448317669,2020.0,306.5105384762045,316.54260392452215,305.5615166275725,310.09966088769545,8.0,10.0,2.0,L5,L8,306.5105384762045,316.54260392452215,bare→veg,0.00010419933750061216,502.0,"{""type"":""MultiPoint"",""coordinates"":[]}",
00000000000000000009_14,2000.0,Rome,3.301034770295928,7.309967425871491,7.309967425871491,2020.0,306.2633592220306,313.5733266479021,304.1704123676654,307.4714471379613,8.0,10.0,13.0,L5,L8,306.2633592220306,313.5733266479021,bare→wat,0.0006772956937539791,504.0,"{""type"":""MultiPoint"",""coordinates"":[]}",
00000000000000000009_15,2000.0,Rome,2.9693353577055177,7.521679571047798,7.344559706304551,2020.0,315.40193999214733,322.92361956319513,312.2527296232046,315.2220649809101,8.0,10.0,999019.0,L5,L8,315.40193999214733,322.7464996984519,imp→imp,52.04855897526204,101.0,"{""type"":""MultiPoint"",""coordinates"":[]}",
00000000000000000009_16,2000.0,Rome,2.3122659911870187,7.150160197710193,7.0977185141836685,2020.0,311.4423242307226,318.5924844284328,308.10836880892515,310.42063480011217,8.0,10.0,274365.0,L5,L8,311.4423242307226,318.54004274490626,veg→veg,14.29432561667773,202.0,"{""type"":""MultiPoint"",""coordinates"":[]}",
00000000000000000009_17,2000.0,Rome,3.9882062962927303,9.136847926472512,8.923868524446902,2020.0,317.89669680302245,327.03354472949496,313.4781990466483,317.466405342941,8.0,10.0,504327.0,L5,L8,317.89669680302245,326.82056532746935,crop→crop,26.27526964183562,303.0,"{""type"":""MultiPoint"",""coordinates"":[]}",
00000000000000000009_18,2000.0,Rome,2.9574143238119746,6.867447509479916,6.863084077939277,2020.0,305.338030189849,312.2054776993289,302.7993847980176,305.7567991218296,8.0,10.0,9236.0,L5,L8,305.338030189849,312.2011142677883,wat→wat,0.481192540577827,404.0,"{""type"":""MultiPoint"",""coordinates"":[]}",
00000000000000000009_19,2000.0,Rome,1.721313671499388,3.627171308123991,3.627171308123991,2020.0,302.0914909479166,305.7186622560406,300.01891822354276,301.74023189504214,8.0,10.0,2672.0,L5,L8,302.0914909479166,305.7186622560406,bare→bare,0.1392103149008178,505.0,"{""type"":""MultiPoint"",""coordinates"":[]}",
00000000000000000017_0,2000.0,Casablanca,0.2069489174900241,-1.3689467781543383,-1.3689467781543383,2020.0,316.7500071271386,315.38106034898425,312.85889513705723,313.06584405454726,4.0,6.0,7403.0,L5,L8,316.7500071271386,315.38106034898425,veg→imp,2.5501908423242803,201.0,"{""type"":""MultiPoint"",""coordinates"":[]}",
00000000000000000017_1,2000.0,Casablanca,1.3647638101845132,-0.3095509803286518,-0.3095509803286518,2020.0,318.7899785605173,318.48042758018863,314.3821623440559,315.74692615424044,4.0,6.0,395.0,L5,L8,318.7899785605173,318.48042758018863,veg→crop,0.1360698882504512,203.0,"{""type"":""MultiPoint"",""coordinates"":[]}",
00000000000000000017_2,2000.0,Casablanca,0.8464895116586035,-0.6239038422649514,-0.6239038422649514,2020.0,309.3322282872671,308.7083244450022,306.25299166039395,307.09948117205255,4.0,6.0,72.0,L5,L8,309.3322282872671,308.7083244450022,veg→wat,0.0248026125418544,204.0,"{""type"":""MultiPoint"",""coordinates"":[]}",
00000000000000000017_3,2000.0,Casablanca,-0.0700418587646822,-1.388615654339958,-1.388615654339958,2020.0,314.8313053591172,313.44268970477725,311.4655667068357,311.39552484807103,4.0,6.0,37.0,L5,L8,314.8313053591172,313.44268970477725,veg→bare,0.0127457870006751,205.0,"{""type"":""MultiPoint"",""coordinates"":[]}",
00000000000000000017_4,2000.0,Casablanca,-1.880726891658412,-4.028884037178216,-4.028884037178216,2020.0,320.96064780114557,316.93176376396735,316.3216765283637,314.4409496367053,4.0,6.0,21704.0,L5,L8,320.96064780114557,316.93176376396735,crop→imp,7.476609758450111,301.0,"{""type"":""MultiPoint"",""coordinates"":[]}",
00000000000000000017_5,2000.0,Casablanca,-0.5749151370005734,-2.7861227854836557,-2.7861227854836557,2020.0,321.26490142858637,318.4787786431027,316.2799791762035,315.7050640392029,4.0,6.0,1239.0,L5,L8,321.26490142858637,318.4787786431027,crop→veg,0.4268116241577446,302.0,"{""type"":""MultiPoint"",""coordinates"":[]}",
00000000000000000017_6,2000.0,Casablanca,-1.727090445330191,-4.695800515827898,-4.695800515827898,2020.0,322.07840369629713,317.38260318046923,316.58865730920127,314.8615668638711,4.0,6.0,16.0,L5,L8,322.07840369629713,317.38260318046923,crop→bare,0.0055116916759676,305.0,"{""type"":""MultiPoint"",""coordinates"":[]}",
00000000000000000017_7,2000.0,Casablanca,6.35802210166014,5.912073376736373,5.912073376736373,2020.0,304.8726036007867,310.7846769775231,302.5313646964111,308.88938679807126,4.0,6.0,1384.0,L5,L8,304.8726036007867,310.7846769775231,wat→imp,0.4767613299712014,401.0,"{""type"":""MultiPoint"",""coordinates"":[]}",
00000000000000000017_8,2000.0,Casablanca,2.0907105904886976,0.3247621829665945,0.3247621829665945,2020.0,308.84528576739234,309.17004795035893,305.68539604784274,307.77610663833144,4.0,6.0,58.0,L5,L8,308.84528576739234,309.17004795035893,wat→veg,0.0199798823253827,402.0,"{""type"":""MultiPoint"",""coordinates"":[]}",
00000000000000000017_9,2000.0,Casablanca,7.070052318426065,6.414591924576882,6.414591924576882,2020.0,304.0903036160924,310.5048955406693,301.62680629695126,308.6968586153773,4.0,6.0,31.0,L5,L8,304.0903036160924,310.5048955406693,wat→bare,0.0106789026221873,405.0,"{""type"":""MultiPoint"",""coordinates"":[]}",
00000000000000000017_10,2000.0,Casablanca,4.429752917997121,4.226608671168719,4.226608671168719,2020.0,305.83811996640185,310.06472863757057,304.05554894291174,308.48530186090886,4.0,6.0,35.0,L5,L8,305.83811996640185,310.06472863757057,bare→imp,0.0120568255411792,501.0,"{""type"":""MultiPoint"",""coordinates"":[]}",
00000000000000000017_11,2000.0,Casablanca,0.7352239277236094,-0.9919357292154132,-0.9919357292154132,2020.0,310.0726939030683,309.08075817385287,306.78938082598205,307.52460475370566,4.0,6.0,1.0,L5,L8,310.0726939030683,309.08075817385287,bare→wat,0.0003444807297479779,504.0,"{""type"":""MultiPoint"",""coordinates"":[]}",
00000000000000000017_12,2000.0,Casablanca,0.6081198690126257,-0.8541378289888257,-0.8541378289888257,2020.0,315.8730288127102,315.01889098372135,312.32635757164195,312.9344774406546,4.0,6.0,230354.0,L5,L8,315.8730288127102,315.01889098372135,imp→imp,79.3525140203657,101.0,"{""type"":""MultiPoint"",""coordinates"":[]}",
00000000000000000017_13,2000.0,Casablanca,1.0939972552094446,-0.5842723313784859,-0.5842723313784859,2020.0,317.21632994046007,316.6320576090816,313.07121139376744,314.1652086489769,4.0,6.0,2294.0,L5,L8,317.21632994046007,316.6320576090816,veg→veg,0.7902387940418613,202.0,"{""type"":""MultiPoint"",""coordinates"":[]}",
00000000000000000017_14,2000.0,Casablanca,0.453250885194052,-1.2838623734328394,-1.2838623734328394,2020.0,320.90894374580523,319.6250813723724,316.2210848554704,316.67433574066445,4.0,6.0,22290.0,L5,L8,320.90894374580523,319.6250813723724,crop→crop,7.678475466082427,303.0,"{""type"":""MultiPoint"",""coordinates"":[]}",
00000000000000000017_15,2000.0,Casablanca,1.6374017942408727,0.4018788494856267,0.4018788494856267,2020.0,305.4008868328328,305.8027656823184,302.69115659460476,304.32855838884564,4.0,6.0,448.0,L5,L8,305.4008868328328,305.8027656823184,wat→wat,0.1543273669270941,404.0,"{""type"":""MultiPoint"",""coordinates"":[]}",
00000000000000000017_16,2000.0,Casablanca,1.5159195032784396,0.8569832085092912,0.8569832085092912,2020.0,302.25364879579564,303.11063200430493,299.9591819423454,301.47510144562386,4.0,6.0,2531.0,L5,L8,302.25364879579564,303.11063200430493,bare→bare,0.871880726992132,505.0,"{""type"":""MultiPoint"",""coordinates"":[]}",
00000000000000000023_0,2000.0,Budapest,-3.3608859382982814,-3.845300051096274,-3.845300051096274,2020.0,311.5556562360533,307.71035618495705,305.87325821212335,302.51237227382506,5.0,8.0,28925.0,L5,L8,311.5556562360533,307.71035618495705,veg→imp,3.342029735687909,201.0,"{""type"":""MultiPoint"",""coordinates"":[]}",
00000000000000000023_1,2000.0,Budapest,-3.303019177863689,-2.469786123001142,-2.469786123001142,2020.0,312.31750266804534,309.8477165450442,306.5597213686923,303.2567021908286,5.0,8.0,3390.0,L5,L8,312.31750266804534,309.8477165450442,veg→crop,0.3916847296104412,203.0,"{""type"":""MultiPoint"",""coordinates"":[]}",
00000000000000000023_2,2000.0,Budapest,-2.618918230063059,-4.180626579354907,-4.180626579354907,2020.0,307.9565624186456,303.7759358392907,302.84519839414713,300.2262801640841,5.0,8.0,366.0,L5,L8,307.9565624186456,303.7759358392907,veg→wat,0.0422880858517467,204.0,"{""type"":""MultiPoint"",""coordinates"":[]}",
00000000000000000023_3,2000.0,Budapest,-4.22550799735734,-3.888578634083501,-3.888578634083501,2020.0,314.2802505039026,310.3916718698191,308.0130629619144,303.78755496455705,5.0,8.0,11046.0,L5,L8,314.2802505039026,310.3916718698191,crop→imp,1.2762682959518978,301.0,"{""type"":""MultiPoint"",""coordinates"":[]}",
00000000000000000023_4,2000.0,Budapest,-5.226917797486578,-5.307707871134426,-5.307707871134426,2020.0,314.2314289888332,308.9237211176988,308.3727550317321,303.1458372342455,5.0,8.0,14978.0,L5,L8,314.2314289888332,308.9237211176988,crop→veg,1.7305763658127402,302.0,"{""type"":""MultiPoint"",""coordinates"":[]}",
00000000000000000023_5,2000.0,Budapest,-5.02650771211313,-5.622326287651163,-5.622326287651163,2020.0,311.1748516410613,305.55252535341015,305.46553442043256,300.43902670831943,5.0,8.0,8.0,L5,L8,311.1748516410613,305.55252535341015,crop→wat,0.0009243297453933716,304.0,"{""type"":""MultiPoint"",""coordinates"":[]}",
00000000000000000023_6,2000.0,Budapest,-0.611427262020527,-1.4530776614309389,-1.4530776614309389,2020.0,304.54246839977003,303.0893907383391,301.14649460562237,300.53506734360184,5.0,8.0,4326.0,L5,L8,304.54246839977003,303.0893907383391,wat→imp,0.4998313098214657,401.0,"{""type"":""MultiPoint"",""coordinates"":[]}",
00000000000000000023_7,2000.0,Budapest,-0.8348200420828107,-1.7362980786890034,-1.7362980786890034,2020.0,304.4629060856095,302.7266080069205,300.23672509728635,299.40190505520354,5.0,8.0,458.0,L5,L8,304.4629060856095,302.7266080069205,wat→veg,0.0529178779237705,402.0,"{""type"":""MultiPoint"",""coordinates"":[]}",
00000000000000000023_8,2000.0,Budapest,-1.4794539596057916,-3.9709137613345433,-3.9709137613345433,2020.0,312.9863633448031,309.0154495834686,306.36076898320124,304.88131502359545,5.0,8.0,8.0,L5,L8,312.9863633448031,309.0154495834686,wat→crop,0.0009243297453933716,403.0,"{""type"":""MultiPoint"",""coordinates"":[]}",
00000000000000000023_9,2000.0,Budapest,-0.6255070358769785,-0.9982771326101556,-0.9982771326101556,2020.0,306.4245810415962,305.42630390898603,303.5076436812281,302.8821366453511,5.0,8.0,5.0,L5,L8,306.4245810415962,305.42630390898603,bare→imp,0.0005777060908708573,501.0,"{""type"":""MultiPoint"",""coordinates"":[]}",
00000000000000000023_10,2000.0,Budapest,-2.6716093154310556,-2.779657681027288,-2.779657681027288,2020.0,305.48556076645167,302.7059030854244,301.9449445624019,299.2733352469708,5.0,8.0,13.0,L5,L8,305.48556076645167,302.7059030854244,bare→wat,0.0015020358362642,504.0,"{""type"":""MultiPoint"",""coordinates"":[]}",
00000000000000000023_11,2000.0,Budapest,-2.5311835966718377,-2.711113390355024,-2.711113390355024,2020.0,312.21941575146064,309.5083023611056,306.96936588448995,304.4381822878181,5.0,8.0,596451.0,L5,L8,312.21941575146064,309.5083023611056,imp→imp,68.91467512120273,101.0,"{""type"":""MultiPoint"",""coordinates"":[]}",
00000000000000000023_12,2000.0,Budapest,-4.22842296028125,-5.193174732956379,-5.193174732956379,2020.0,310.0168778303585,304.82370309740213,303.9407420910632,299.71231913078196,5.0,8.0,141043.0,L5,L8,310.0168778303585,304.82370309740213,veg→veg,16.296280034939663,202.0,"{""type"":""MultiPoint"",""coordinates"":[]}",
00000000000000000023_13,2000.0,Budapest,-4.674717353348456,-4.149941482507359,-4.149941482507359,2020.0,314.50083313223735,310.35089164973,307.64812248189753,302.9734051285491,5.0,8.0,40679.0,L5,L8,314.50083313223735,310.35089164973,crop→crop,4.700101214107121,303.0,"{""type"":""MultiPoint"",""coordinates"":[]}",
00000000000000000023_14,2000.0,Budapest,-0.8495842926269574,-1.6831648376009412,-1.6831648376009412,2020.0,299.19961158690154,297.5164467493006,296.56715280624087,295.7175685136139,5.0,8.0,23794.0,L5,L8,299.19961158690154,297.5164467493006,wat→wat,2.749187745236236,404.0,"{""type"":""MultiPoint"",""coordinates"":[]}",
00000000000000000023_15,2000.0,Budapest,0.1560288266283578,-1.919597068724613,-1.919597068724613,2020.0,302.90933491028824,300.9897378415636,297.81001166518934,297.9660404918177,5.0,8.0,2.0,L5,L8,302.90933491028824,300.9897378415636,bare→bare,0.00023108243634834292,505.0,"{""type"":""MultiPoint"",""coordinates"":[]}",
0000000000000000002d_0,2000.0,Vancouver,0.1230082313205684,1.757963675843996,1.499558852519499,2020.0,304.3128668620533,306.0708305378973,302.34947834704377,302.47248657836434,5.0,16.0,4765.0,L5,L8,304.3128668620533,305.8124257145728,veg→imp,2.0615568323411324,201.0,"{""type"":""MultiPoint"",""coordinates"":[]}",
0000000000000000002d_1,2000.0,Vancouver,-0.4677400809802066,0.5360167423949065,0.5219727446560682,2020.0,302.7049506267357,303.2409673691306,300.4110035902747,299.94326350929447,5.0,16.0,137.0,L5,L8,302.7049506267357,303.22692337139176,veg→crop,0.0592724629655267,203.0,"{""type"":""MultiPoint"",""coordinates"":[]}",
0000000000000000002d_2,2000.0,Vancouver,0.7729899471734711,1.587651031644043,1.5735792286961328,2020.0,296.1699149438196,297.75756597546365,294.2220358349907,294.9950257821642,5.0,16.0,114.0,L5,L8,296.1699149438196,297.74349417251574,veg→wat,0.0493216115187595,204.0,"{""type"":""MultiPoint"",""coordinates"":[]}",
0000000000000000002d_3,2000.0,Vancouver,2.598741107761498,3.403381918253217,3.3850161814772264,2020.0,291.8644634094619,295.2678453277151,290.06263859012915,292.66137969789065,5.0,16.0,1.0,L5,L8,291.8644634094619,295.24947959093913,veg→bare,0.0004326457150768379,205.0,"{""type"":""MultiPoint"",""coordinates"":[]}",
0000000000000000002d_4,2000.0,Vancouver,-1.5470097964469574,-0.5238166846487502,-0.5584399393046056,2020.0,303.45073728000665,302.9269205953579,300.6058599350104,299.05885013856346,5.0,16.0,11.0,L5,L8,303.45073728000665,302.89229734070204,crop→veg,0.0047591028658452,302.0,"{""type"":""MultiPoint"",""coordinates"":[]}",
0000000000000000002d_5,2000.0,Vancouver,0.7446737188403745,2.494543769157872,2.291831346678748,2020.0,301.04958020824336,303.5441239774012,299.3815745336989,300.12624825253926,5.0,16.0,3704.0,L5,L8,301.04958020824336,303.3414115549221,wat→imp,1.6025197286446076,401.0,"{""type"":""MultiPoint"",""coordinates"":[]}",
0000000000000000002d_6,2000.0,Vancouver,1.438889776643066,2.215858286348237,2.195483652909047,2020.0,295.87474022137,298.09059850771825,293.968974887448,295.40786466409105,5.0,16.0,227.0,L5,L8,295.87474022137,298.07022387427907,wat→veg,0.0982105773224422,402.0,"{""type"":""MultiPoint"",""coordinates"":[]}",
0000000000000000002d_7,2000.0,Vancouver,2.159908981983392,3.810934554391281,3.797132547328829,2020.0,292.5278176538747,296.338752208266,291.12933027884316,293.28923926082655,5.0,16.0,2.0,L5,L8,292.5278176538747,296.32495020120354,wat→bare,0.0008652914301536758,405.0,"{""type"":""MultiPoint"",""coordinates"":[]}",
0000000000000000002d_8,2000.0,Vancouver,-1.2426757628653036,1.0352800677353002,0.7038368244534468,2020.0,302.4348742481203,303.4701543158556,301.2083052333321,299.9656294704668,5.0,16.0,53.0,L5,L8,302.4348742481203,303.13871107257376,bare→imp,0.0229302228990724,501.0,"{""type"":""MultiPoint"",""coordinates"":[]}",
0000000000000000002d_9,2000.0,Vancouver,2.483532477735764,3.621268385550934,3.580600305920541,2020.0,291.89294300655575,295.5142113921067,290.0946553183351,292.5781877960709,5.0,16.0,8.0,L5,L8,291.89294300655575,295.4735433124763,bare→veg,0.0034611657206147,502.0,"{""type"":""MultiPoint"",""coordinates"":[]}",
0000000000000000002d_10,2000.0,Vancouver,1.8547161314717189,2.8974870320880086,2.8773312961877764,2020.0,292.3092838841464,295.2067709162344,290.50911895169116,292.3638350831629,5.0,16.0,16.0,L5,L8,292.3092838841464,295.1866151803342,bare→wat,0.0069223314412294,504.0,"{""type"":""MultiPoint"",""coordinates"":[]}",
0000000000000000002d_11,2000.0,Vancouver,0.5983557676164537,2.179746870245026,2.1297133641028836,2020.0,306.45060210696045,308.6303489772055,304.24046193796636,304.8388177055828,5.0,16.0,181538.0,L5,L8,306.45060210696045,308.58031547106333,imp→imp,78.541637823619,101.0,"{""type"":""MultiPoint"",""coordinates"":[]}",
0000000000000000002d_12,2000.0,Vancouver,0.2984303643682438,1.418116231429508,1.3888785771185326,2020.0,297.59040084381223,299.00851707524174,295.3691913268192,295.66762169118743,5.0,16.0,9050.0,L5,L8,297.59040084381223,298.97927942093077,veg→veg,3.915443721445383,202.0,"{""type"":""MultiPoint"",""coordinates"":[]}",
0000000000000000002d_13,2000.0,Vancouver,-0.6398787194124225,-1.4109780148691016,-1.4564602318010316,2020.0,305.46822642582396,304.05724841095486,301.55731333047623,300.9174346110638,5.0,16.0,32.0,L5,L8,305.46822642582396,304.0117661940229,crop→crop,0.0138446628824588,303.0,"{""type"":""MultiPoint"",""coordinates"":[]}",
0000000000000000002d_14,2000.0,Vancouver,2.237020518589816,2.3391014937083128,2.3124673619223586,2020.0,295.9253707204719,298.2644722141802,293.24685034274296,295.4838708613328,5.0,16.0,1643.0,L5,L8,295.9253707204719,298.23783808239426,wat→wat,0.7108369098712446,404.0,"{""type"":""MultiPoint"",""coordinates"":[]}",
0000000000000000002d_15,2000.0,Vancouver,1.704550898116338,2.979161129786121,2.850773713929243,2020.0,291.48816868239464,294.46732981218076,289.8550967916654,291.55964768978174,5.0,16.0,29835.0,L5,L8,291.48816868239464,294.3389423963239,bare→bare,12.907984909317458,505.0,"{""type"":""MultiPoint"",""coordinates"":[]}",
00000000000000000030_0,2000.0,Boston,0.0527536386165365,-1.5854731346063318,-1.5854731346063318,2020.0,307.40325011026204,305.8177769756557,305.1219844068041,305.1747380454206,10.0,14.0,10648.0,L5,L8,307.40325011026204,305.8177769756557,veg→imp,3.4589397089397087,201.0,"{""type"":""MultiPoint"",""coordinates"":[]}",
00000000000000000030_1,2000.0,Boston,2.1092965928021954,1.3887137762340558,1.3887137762340558,2020.0,302.97377392363506,304.3624876998691,301.04417648280304,303.15347307560523,10.0,14.0,365.0,L5,L8,302.97377392363506,304.3624876998691,veg→crop,0.1185680873180873,203.0,"{""type"":""MultiPoint"",""coordinates"":[]}",
00000000000000000030_2,2000.0,Boston,3.613281966555121,3.1617235563279564,3.1617235563279564,2020.0,298.3467694668574,301.50849302318534,297.37042636295,300.98370832950513,10.0,14.0,181.0,L5,L8,298.3467694668574,301.50849302318534,veg→wat,0.0587967775467775,204.0,"{""type"":""MultiPoint"",""coordinates"":[]}",
00000000000000000030_3,2000.0,Boston,4.258500628569436,3.2605406336925284,3.2605406336925284,2020.0,303.12711136382745,306.38765199752,301.28649589846754,305.544996527037,10.0,14.0,183.0,L5,L8,303.12711136382745,306.38765199752,crop→imp,0.0594464656964657,301.0,"{""type"":""MultiPoint"",""coordinates"":[]}",
00000000000000000030_4,2000.0,Boston,1.7415913514953445,1.808944248655223,1.808944248655223,2020.0,304.2819657011792,306.09090994983444,302.17109992643526,303.9126912779306,10.0,14.0,57.0,L5,L8,304.2819657011792,306.09090994983444,crop→veg,0.0185161122661122,302.0,"{""type"":""MultiPoint"",""coordinates"":[]}",
00000000000000000030_5,2000.0,Boston,1.1366043483304793,-0.0948805379049417,-0.0948805379049417,2020.0,302.8596412408607,302.76476070295575,301.10413572551204,302.2407400738425,10.0,14.0,6246.0,L5,L8,302.8596412408607,302.76476070295575,wat→imp,2.0289760914760913,401.0,"{""type"":""MultiPoint"",""coordinates"":[]}",
00000000000000000030_6,2000.0,Boston,2.564774718469664,2.1017409594231253,2.1017409594231253,2020.0,296.77822338172507,298.8799643411482,295.8822568885113,298.44703160698094,10.0,14.0,141.0,L5,L8,296.77822338172507,298.8799643411482,wat→veg,0.0458030145530145,402.0,"{""type"":""MultiPoint"",""coordinates"":[]}",
00000000000000000030_7,2000.0,Boston,2.3060807077139884,1.1206404039083964,1.1206404039083964,2020.0,295.09562427635444,296.21626468026284,293.8414319623708,296.1475126700848,10.0,14.0,6.0,L5,L8,295.09562427635444,296.21626468026284,wat→bare,0.0019490644490644,405.0,"{""type"":""MultiPoint"",""coordinates"":[]}",
00000000000000000030_8,2000.0,Boston,-0.577099659560588,-3.036489189022916,-3.036489189022916,2020.0,307.82038286943,304.78389368040706,305.1220673016647,304.5449676421041,10.0,14.0,55.0,L5,L8,307.82038286943,304.78389368040706,bare→imp,0.0178664241164241,501.0,"{""type"":""MultiPoint"",""coordinates"":[]}",
00000000000000000030_9,2000.0,Boston,5.306969386789206,5.091340077984512,5.091340077984512,2020.0,299.9700691816809,305.0614092596654,297.96316193202233,303.27013131881154,10.0,14.0,1.0,L5,L8,299.9700691816809,305.0614092596654,bare→wat,0.00032484407484407486,504.0,"{""type"":""MultiPoint"",""coordinates"":[]}",
00000000000000000030_10,2000.0,Boston,1.7424309166652847,0.4525552919167239,0.4525552919167239,2020.0,307.46942445733197,307.9219797492487,304.9053751619831,306.6478060786484,10.0,14.0,166870.0,L5,L8,307.46942445733197,307.9219797492487,imp→imp,54.206730769230774,101.0,"{""type"":""MultiPoint"",""coordinates"":[]}",
00000000000000000030_11,2000.0,Boston,4.084806952234942,3.0825378494346296,3.0825378494346296,2020.0,299.33307934889496,302.4156171983296,297.7436348490922,301.82844180132713,10.0,14.0,8018.0,L5,L8,299.33307934889496,302.4156171983296,veg→veg,2.6045997920997923,202.0,"{""type"":""MultiPoint"",""coordinates"":[]}",
00000000000000000030_12,2000.0,Boston,4.486943299905647,3.403979704210883,3.403979704210883,2020.0,303.3004150656387,306.70439476984956,301.123797726693,305.61074102659865,10.0,14.0,981.0,L5,L8,303.3004150656387,306.70439476984956,crop→crop,0.3186720374220374,303.0,"{""type"":""MultiPoint"",""coordinates"":[]}",
00000000000000000030_13,2000.0,Boston,2.3736492289503417,1.708986028692209,1.708986028692209,2020.0,295.44846050286975,297.15744653156196,294.18326297262166,296.556912201572,10.0,14.0,7953.0,L5,L8,295.44846050286975,297.15744653156196,wat→wat,2.583484927234927,404.0,"{""type"":""MultiPoint"",""coordinates"":[]}",
00000000000000000030_14,2000.0,Boston,1.3063848621517309,0.3149373917607363,0.3149373917607363,2020.0,292.63412674772775,292.9490641394885,291.27210145872914,292.57848632088087,10.0,14.0,106135.0,L5,L8,292.63412674772775,292.9490641394885,bare→bare,34.47732588357588,505.0,"{""type"":""MultiPoint"",""coordinates"":[]}",
00000000000000000031_0,2000.0,Houston,0.2290069656935429,-1.0244248628004016,-1.0244248628004016,2020.0,315.52764139224115,314.50321652944075,310.8944614545572,311.12346842025073,17.0,23.0,162.0,L5,L8,315.52764139224115,314.50321652944075,imp→veg,0.0079266093830504,102.0,"{""type"":""MultiPoint"",""coordinates"":[]}",
00000000000000000031_1,2000.0,Houston,-0.6007933815863566,-3.9574922585679246,-3.9574922585679246,2020.0,312.91029702529033,308.9528047667224,308.9772203507228,308.37642696913645,17.0,23.0,2.0,L5,L8,312.91029702529033,308.9528047667224,imp→wat,9.785937509938844e-05,104.0,"{""type"":""MultiPoint"",""coordinates"":[]}",
00000000000000000031_2,2000.0,Houston,-1.058182502475347,-2.164221450406103,-2.172509863468747,2020.0,317.0667680251529,314.9025465747468,312.7343512021271,311.6761686996517,17.0,23.0,92727.0,L5,L8,317.06382822059805,314.8913183571293,veg→imp,4.537103137420495,201.0,"{""type"":""MultiPoint"",""coordinates"":[]}",
00000000000000000031_3,2000.0,Houston,-4.476764530606829,-6.4872326396338735,-6.493832502332566,2020.0,319.5756605482868,313.08842790865293,314.1767908930433,309.70002636243646,17.0,23.0,1388.0,L5,L8,319.5748800091211,313.08104750678854,veg→crop,0.0679144063189755,203.0,"{""type"":""MultiPoint"",""coordinates"":[]}",
00000000000000000031_4,2000.0,Houston,-3.830452760386322,-5.820405175518999,-5.825736136358444,2020.0,314.70991280524174,308.88950762972274,310.6068816378234,306.77642887743707,17.0,23.0,9390.0,L5,L8,314.70890009320493,308.8831639568465,veg→wat,0.4594497660916286,204.0,"{""type"":""MultiPoint"",""coordinates"":[]}",
00000000000000000031_5,2000.0,Houston,-1.211875222846288,-3.1286007437191756,-3.142708703722292,2020.0,314.8771301969191,311.7485294531999,310.895910572705,309.68403534985873,17.0,23.0,60.0,L5,L8,314.8768885571284,311.7341798534061,veg→bare,0.0029357812529816,205.0,"{""type"":""MultiPoint"",""coordinates"":[]}",
00000000000000000031_6,2000.0,Houston,-1.9980960529600225,-4.271669708215256,-4.286019583127825,2020.0,320.1774541703068,315.90578446209156,314.46996024592266,312.47186419296264,17.0,23.0,876.0,L5,L8,320.1732822083281,315.88726262520026,crop→imp,0.0428624062935321,301.0,"{""type"":""MultiPoint"",""coordinates"":[]}",
00000000000000000031_7,2000.0,Houston,-5.129260451867424,-6.470358631545196,-6.471437423298937,2020.0,317.7732070489334,311.3028484173882,313.63052792960355,308.5012674777361,17.0,23.0,2962.0,L5,L8,317.7731982635462,311.30176084024725,crop→veg,0.1449297345221942,302.0,"{""type"":""MultiPoint"",""coordinates"":[]}",
00000000000000000031_8,2000.0,Houston,-2.453046916452194,-4.671614060157083,-4.675987289883437,2020.0,312.6057326541917,307.9341185940346,308.8448343734381,306.3917874569859,17.0,23.0,821.0,L5,L8,312.6049057123224,307.928918422439,crop→wat,0.0401712734782989,304.0,"{""type"":""MultiPoint"",""coordinates"":[]}",
00000000000000000031_9,2000.0,Houston,-0.737430104670068,-2.738076603429249,-2.738076603429249,2020.0,311.1042049064593,308.36612830303005,307.8814495053152,307.1440194006451,17.0,23.0,27.0,L5,L8,311.1042049064593,308.36612830303005,crop→bare,0.0013211015638417,305.0,"{""type"":""MultiPoint"",""coordinates"":[]}",
00000000000000000031_10,2000.0,Houston,-1.2141920486092772,-2.517657062529622,-2.5218943440016233,2020.0,315.2207500262681,312.70309296373847,311.26289761334664,310.04870556473736,17.0,23.0,4060.0,L5,L8,315.2205672862214,312.6986729422198,wat→imp,0.1986545314517585,401.0,"{""type"":""MultiPoint"",""coordinates"":[]}",
00000000000000000031_11,2000.0,Houston,-1.188525770651438,-2.09200216911006,-2.096753599071519,2020.0,312.5721622292841,310.48016006017406,308.969722901703,307.78119713105156,17.0,23.0,3052.0,L5,L8,312.5680840321404,310.4713304330689,wat→veg,0.1493334064016667,402.0,"{""type"":""MultiPoint"",""coordinates"":[]}",
00000000000000000031_12,2000.0,Houston,-2.698149814245994,-3.931982656733112,-3.985208956021893,2020.0,317.79833973974814,313.86635708301503,312.88087148656643,310.18272167232044,17.0,23.0,154.0,L5,L8,317.79833973974814,313.81313078372625,wat→crop,0.0075351718826529,403.0,"{""type"":""MultiPoint"",""coordinates"":[]}",
00000000000000000031_13,2000.0,Houston,0.5361480825962417,-1.2464064381367166,-1.2464064381367166,2020.0,310.3302007165941,309.0837942784574,306.9957565780313,307.53190466062756,17.0,23.0,86.0,L5,L8,310.3302007165941,309.0837942784574,wat→bare,0.0042079531292737,405.0,"{""type"":""MultiPoint"",""coordinates"":[]}",
00000000000000000031_14,2000.0,Houston,-0.9126340542301818,-1.8954350038632128,-1.902119270610683,2020.0,320.0813460005403,318.1859109966771,315.6387192945585,314.7260852403283,17.0,23.0,50.0,L5,L8,320.0813460005403,318.1792267299296,bare→imp,0.0024464843774847,501.0,"{""type"":""MultiPoint"",""coordinates"":[]}",
00000000000000000031_15,2000.0,Houston,-1.9249090756011924,-3.2253932419249622,-3.2253932419249622,2020.0,311.60452154935876,308.3791283074338,308.4763420278847,306.5514329522835,17.0,23.0,35.0,L5,L8,311.60452154935876,308.3791283074338,bare→veg,0.0017125390642392,502.0,"{""type"":""MultiPoint"",""coordinates"":[]}",
00000000000000000031_16,2000.0,Houston,-6.233209183227302,-7.9281861635529935,-7.9281861635529935,2020.0,315.3421959269614,307.4140097634084,312.07017586906034,305.83696668583303,17.0,23.0,107.0,L5,L8,315.3421959269614,307.4140097634084,bare→wat,0.0052354765678172,504.0,"{""type"":""MultiPoint"",""coordinates"":[]}",
00000000000000000031_17,2000.0,Houston,-2.5207721257828553,-3.976794081705578,-4.0005451947222355,2020.0,320.5446393375609,316.56784525585533,315.5767568477092,313.05598472192634,17.0,23.0,1491269.0,L5,L8,320.5416645197603,316.54111932503804,imp→imp,72.96732622254494,101.0,"{""type"":""MultiPoint"",""coordinates"":[]}",
00000000000000000031_18,2000.0,Houston,-3.7788417513123704,-5.688746483189732,-5.7073671701351145,2020.0,315.59079600381045,309.9020495206207,310.9100100742292,307.13116832291684,17.0,23.0,354686.0,L5,L8,315.58766513194155,309.88029796180643,veg→veg,17.354675158250842,202.0,"{""type"":""MultiPoint"",""coordinates"":[]}",
00000000000000000031_19,2000.0,Houston,-5.552707752028198,-7.440748269249809,-7.420572078650878,2020.0,319.62929219320847,312.18854392395866,314.4929469566538,308.9402392046256,17.0,23.0,192.0,L5,L8,319.57387034824694,312.15329826959606,crop→crop,0.0093945000095412,303.0,"{""type"":""MultiPoint"",""coordinates"":[]}",
00000000000000000031_20,2000.0,Houston,-1.24049209742833,-2.2462856413573036,-2.246756346732809,2020.0,308.7611052063798,306.5148195650225,305.90727678933985,304.6667846919115,17.0,23.0,69068.0,L5,L8,308.7609750110141,306.5142186642813,wat→wat,3.37947565968228,404.0,"{""type"":""MultiPoint"",""coordinates"":[]}",
00000000000000000031_21,2000.0,Houston,-1.9809437679871849,-1.3749597815172478,-1.3771891374356071,2020.0,308.0170233896393,306.64206360812204,305.8101313922765,303.8291876242893,17.0,23.0,12575.0,L5,L8,308.0170233896393,306.6398342522037,bare→bare,0.6152908209374047,505.0,"{""type"":""MultiPoint"",""coordinates"":[]}",
00000000000000000032_0,2000.0,Dallas,-1.0576732512864735,-1.9123242977673272,-1.9549761010384827,2020.0,318.03663189418535,316.124307596418,314.5958537668192,313.5381805155327,16.0,17.0,42486.0,L5,L8,317.99418595684733,316.03920985580885,veg→imp,3.2213745319885536,201.0,"{""type"":""MultiPoint"",""coordinates"":[]}",
00000000000000000032_1,2000.0,Dallas,-3.0891240362851704,-4.019424991045412,-4.02422426043546,2020.0,317.58762899202145,313.56820400097604,314.1345284078564,311.04540437157124,16.0,17.0,3657.0,L5,L8,317.55308099502014,313.5288567345847,veg→crop,0.2772811435174444,203.0,"{""type"":""MultiPoint"",""coordinates"":[]}",
00000000000000000032_2,2000.0,Dallas,-2.513366692406237,-2.854098636014158,-2.86523995390354,2020.0,313.1108363366757,310.2567377006615,310.43855204387984,307.9251853514736,16.0,17.0,6901.0,L5,L8,313.0710219651133,310.20578201120975,veg→wat,0.5232477909253168,204.0,"{""type"":""MultiPoint"",""coordinates"":[]}",
00000000000000000032_3,2000.0,Dallas,-2.8789219105464667,-3.0121983295103973,-3.0121983295103973,2020.0,321.7934422002202,318.78124387070983,318.64424007962845,315.765318169082,16.0,17.0,10.0,L5,L8,321.7934422002202,318.78124387070983,veg→bare,0.0007582202447838238,205.0,"{""type"":""MultiPoint"",""coordinates"":[]}",
00000000000000000032_4,2000.0,Dallas,-1.93202139282306,-3.865672197624292,-3.854445312145344,2020.0,322.0297868020183,318.164114604394,317.6678805873878,315.73585919456474,16.0,17.0,4058.0,L5,L8,321.9934263546854,318.1389810425401,crop→imp,0.3076857753332757,301.0,"{""type"":""MultiPoint"",""coordinates"":[]}",
00000000000000000032_5,2000.0,Dallas,-3.455470956841623,-4.383797590906511,-4.4805637190539755,2020.0,319.6627475420413,315.2789499511348,315.3718555155327,311.91638455869105,16.0,17.0,3255.0,L5,L8,319.5514073244667,315.07084360541273,crop→veg,0.2468006896771346,302.0,"{""type"":""MultiPoint"",""coordinates"":[]}",
00000000000000000032_6,2000.0,Dallas,-1.585558960101821,-1.8450097969609376,-1.8499949567958536,2020.0,309.9832228171358,308.1382130201749,306.85496309002656,305.26940412992474,16.0,17.0,909.0,L5,L8,309.97892173583017,308.1289267790343,crop→wat,0.0689222202508495,304.0,"{""type"":""MultiPoint"",""coordinates"":[]}",
00000000000000000032_7,2000.0,Dallas,3.969046307492306,3.9704834637112754,3.9704834637112754,2020.0,317.83920197447753,321.8096854381888,314.3495275541702,318.3185738616625,16.0,17.0,6.0,L5,L8,317.83920197447753,321.8096854381888,crop→bare,0.00045493214687029426,305.0,"{""type"":""MultiPoint"",""coordinates"":[]}",
00000000000000000032_8,2000.0,Dallas,1.2089194417891918,1.8312294722566096,1.8107490159664508,2020.0,310.89471570018713,312.72594517244374,308.804647572098,310.0135670138872,16.0,17.0,4325.0,L5,L8,310.8845023971649,312.69525141313136,wat→imp,0.3279302558690038,401.0,"{""type"":""MultiPoint"",""coordinates"":[]}",
00000000000000000032_9,2000.0,Dallas,1.9772967034095927,2.8964702888486045,2.830310841640653,2020.0,310.5566295775253,313.4530998663739,308.2724280669448,310.2497247703544,16.0,17.0,3028.0,L5,L8,310.538328889935,313.3686397315756,wat→veg,0.2295890901205418,402.0,"{""type"":""MultiPoint"",""coordinates"":[]}",
00000000000000000032_10,2000.0,Dallas,-1.2120235487391824,-1.1303625387374154,-1.1452520229499896,2020.0,309.6372205348415,308.5068579961041,307.36844368448686,306.1564201357477,16.0,17.0,419.0,L5,L8,309.62093983524517,308.4756878122952,wat→crop,0.0317694282564422,403.0,"{""type"":""MultiPoint"",""coordinates"":[]}",
00000000000000000032_11,2000.0,Dallas,0.87928347127297,2.383526853034823,2.383526853034823,2020.0,313.51160836453727,315.8951352175721,311.26338394429695,312.1426674155699,16.0,17.0,5.0,L5,L8,313.51160836453727,315.8951352175721,bare→imp,0.0003791101223919119,501.0,"{""type"":""MultiPoint"",""coordinates"":[]}",
00000000000000000032_12,2000.0,Dallas,1.5320219290961743,1.2967984902239778,1.2967984902239778,2020.0,319.6938206968541,320.9906191870781,316.30945145150145,317.8414733805976,16.0,17.0,2.0,L5,L8,319.6938206968541,320.9906191870781,bare→veg,0.00015164404895676476,502.0,"{""type"":""MultiPoint"",""coordinates"":[]}",
00000000000000000032_13,2000.0,Dallas,-4.365912177391351,-5.634151824574133,-5.634151824574133,2020.0,314.8252771890422,309.19112536446806,311.996827474662,307.63091529727063,16.0,17.0,14.0,L5,L8,314.8252771890422,309.19112536446806,bare→wat,0.0010615083426973,504.0,"{""type"":""MultiPoint"",""coordinates"":[]}",
00000000000000000032_14,2000.0,Dallas,-1.568390923307561,-1.9427694143020064,-1.9743035819855663,2020.0,319.5915561305536,317.6487867162516,316.5651996293904,314.99680870608285,16.0,17.0,909845.0,L5,L8,319.58155678992125,317.6072532079357,imp→imp,68.98628986153382,101.0,"{""type"":""MultiPoint"",""coordinates"":[]}",
00000000000000000032_15,2000.0,Dallas,-2.868558517115275,-3.556478338603199,-3.579054934640851,2020.0,315.00141612426336,311.44493778566016,311.8927634140487,309.02420489693344,16.0,17.0,200562.0,L5,L8,314.96565016890463,311.3865952342638,veg→veg,15.207016873433329,202.0,"{""type"":""MultiPoint"",""coordinates"":[]}",
00000000000000000032_16,2000.0,Dallas,-3.0097649834548292,-3.4015749668816397,-3.4424486936272274,2020.0,321.83511193574515,318.4335369688635,316.6662442851806,313.65647930172577,16.0,17.0,4380.0,L5,L8,321.6541674865898,318.2117187929626,crop→crop,0.3321004672153148,303.0,"{""type"":""MultiPoint"",""coordinates"":[]}",
00000000000000000032_17,2000.0,Dallas,-0.1871743632278253,0.2706647796889001,0.2655175891651424,2020.0,305.95211019123826,306.22277497092716,304.2868354562573,304.09966109302945,16.0,17.0,135016.0,L5,L8,305.9495065437367,306.2150241329018,wat→wat,10.237186456973276,404.0,"{""type"":""MultiPoint"",""coordinates"":[]}",
00000000000000000033_0,2000.0,Atlanta,1.7260460969515066,3.4108659066836253,3.4108659066836253,2020.0,305.4110195255721,308.8218854322557,303.43333415024665,305.15938024719816,10.0,12.0,10974.0,L5,L8,305.4110195255721,308.8218854322557,veg→imp,2.3216650658587876,201.0,"{""type"":""MultiPoint"",""coordinates"":[]}",
00000000000000000033_1,2000.0,Atlanta,-4.038085121875895,-0.5731004905152304,-0.5731004905152304,2020.0,308.5675135511189,307.9944130606037,306.8140538898228,302.7759687679469,10.0,12.0,307.0,L5,L8,308.5675135511189,307.9944130606037,veg→crop,0.0649490773846043,203.0,"{""type"":""MultiPoint"",""coordinates"":[]}",
00000000000000000033_2,2000.0,Atlanta,-1.5012959037993028,0.3105534372527359,0.3105534372527359,2020.0,304.40945645910904,304.7200098963618,302.9861654794079,301.48486957560857,10.0,12.0,144.0,L5,L8,304.40945645910904,304.7200098963618,veg→wat,0.0304647138220945,204.0,"{""type"":""MultiPoint"",""coordinates"":[]}",
00000000000000000033_3,2000.0,Atlanta,-2.707754654444898,-1.4940266729560108,-1.4940266729560108,2020.0,307.9071788426847,306.4131521697287,305.90848424387855,303.20072958943365,10.0,12.0,34.0,L5,L8,307.9071788426847,306.4131521697287,crop→imp,0.0071930574302167,301.0,"{""type"":""MultiPoint"",""coordinates"":[]}",
00000000000000000033_4,2000.0,Atlanta,-2.2060671483712326,-1.418260043871669,-1.418260043871669,2020.0,307.2227287081558,305.8044686642841,304.6675649743691,302.46149782599787,10.0,12.0,56.0,L5,L8,307.2227287081558,305.8044686642841,crop→veg,0.0118473887085923,302.0,"{""type"":""MultiPoint"",""coordinates"":[]}",
00000000000000000033_5,2000.0,Atlanta,-0.6313524575978136,0.3882711491409054,0.3882711491409054,2020.0,307.7289778965924,308.11724904573333,305.3092656643492,304.6779132067514,10.0,12.0,982.0,L5,L8,307.7289778965924,308.11724904573333,wat→imp,0.2077524234256724,401.0,"{""type"":""MultiPoint"",""coordinates"":[]}",
00000000000000000033_6,2000.0,Atlanta,-1.2241577873096503,0.6527453370011926,0.6527453370011926,2020.0,303.42030201422546,304.07304735122665,302.2876984959458,301.06354070863614,10.0,12.0,78.0,L5,L8,303.42030201422546,304.07304735122665,wat→veg,0.0165017199869678,402.0,"{""type"":""MultiPoint"",""coordinates"":[]}",
00000000000000000033_7,2000.0,Atlanta,-0.8733992337706127,-0.7059227688017131,-0.7059227688017131,2020.0,309.41933087928,308.71340811047827,304.5689688633636,303.69556962959297,10.0,12.0,16.0,L5,L8,309.41933087928,308.71340811047827,bare→imp,0.0033849682024549,501.0,"{""type"":""MultiPoint"",""coordinates"":[]}",
00000000000000000033_8,2000.0,Atlanta,-1.2565529880081954,0.429805918485556,0.429805918485556,2020.0,308.3206334303897,308.75043934887526,305.7587860188759,304.5022330308677,10.0,12.0,416458.0,L5,L8,308.3206334303897,308.75043934887526,imp→imp,88.10606797862393,101.0,"{""type"":""MultiPoint"",""coordinates"":[]}",
00000000000000000033_9,2000.0,Atlanta,-1.0617123497738137,0.8182646003495506,0.8182646003495506,2020.0,303.821899512329,304.6401641126786,302.1846047640708,301.122892414297,10.0,12.0,41848.0,L5,L8,303.821899512329,304.6401641126786,veg→veg,8.853384333520916,202.0,"{""type"":""MultiPoint"",""coordinates"":[]}",
00000000000000000033_10,2000.0,Atlanta,-2.2923523773374654,-1.6619180728408764,-1.6619180728408764,2020.0,309.23328631324455,307.5713682404037,306.369291649641,304.07693927230355,10.0,12.0,301.0,L5,L8,309.23328631324455,307.5713682404037,crop→crop,0.0636797143086837,303.0,"{""type"":""MultiPoint"",""coordinates"":[]}",
00000000000000000033_11,2000.0,Atlanta,-1.3970392222533403,0.4950680055825955,0.4950680055825955,2020.0,303.71030750085816,304.20537550644076,302.3722417880806,300.97520256582726,10.0,12.0,1480.0,L5,L8,303.71030750085816,304.20537550644076,wat→wat,0.3131095587270827,404.0,"{""type"":""MultiPoint"",""coordinates"":[]}",
00000000000000000034_0,2000.0,Philadelphia,-0.9020734787317792,3.4073630129853996,3.4073630129853996,2020.0,306.03598854784065,309.44335156082604,306.03598854784065,305.13391506910887,1.0,6.0,12576.0,L5,L8,306.03598854784065,309.44335156082604,veg→imp,2.3628216328946254,201.0,"{""type"":""MultiPoint"",""coordinates"":[]}",
00000000000000000034_1,2000.0,Philadelphia,-1.5901493224115484,4.474928833465583,4.474928833465583,2020.0,302.7843769102616,307.25930574372717,302.7843769102616,301.19422758785004,1.0,6.0,1532.0,L5,L8,302.7843769102616,307.25930574372717,veg→crop,0.2878373681293389,203.0,"{""type"":""MultiPoint"",""coordinates"":[]}",
00000000000000000034_2,2000.0,Philadelphia,-2.0763231588999247,2.0420625496340676,2.0420625496340676,2020.0,300.990402084756,303.03246463439007,300.990402084756,298.9140789258561,1.0,6.0,272.0,L5,L8,300.990402084756,303.03246463439007,veg→wat,0.051104284680927,204.0,"{""type"":""MultiPoint"",""coordinates"":[]}",
00000000000000000034_3,2000.0,Philadelphia,1.27349940367327,1.27349940367327,1.27349940367327,2020.0,310.1010571926814,311.3745565963547,310.1010571926814,311.3745565963547,1.0,6.0,1.0,L5,L8,310.1010571926814,311.3745565963547,veg→bare,0.00018788339956223168,205.0,"{""type"":""MultiPoint"",""coordinates"":[]}",
00000000000000000034_4,2000.0,Philadelphia,-1.2924239955515304,3.62413561564864,3.62413561564864,2020.0,304.21657720928073,307.84071282492937,304.21657720928073,302.9241532137292,1.0,6.0,1508.0,L5,L8,304.21657720928073,307.84071282492937,crop→imp,0.2833281665398454,301.0,"{""type"":""MultiPoint"",""coordinates"":[]}",
00000000000000000034_5,2000.0,Philadelphia,-0.7887455687435931,4.6237066654719,4.6237066654719,2020.0,302.61811184146165,307.24181850693355,302.61811184146165,301.82936627271806,1.0,6.0,729.0,L5,L8,302.61811184146165,307.24181850693355,crop→veg,0.1369669982808669,302.0,"{""type"":""MultiPoint"",""coordinates"":[]}",
00000000000000000034_6,2000.0,Philadelphia,-0.1477720095188033,7.328399912755344,7.328399912755344,2020.0,300.0078089890659,307.33620890182124,300.0078089890659,299.8600369795471,1.0,6.0,2.0,L5,L8,300.0078089890659,307.33620890182124,crop→wat,0.00037576679912446336,304.0,"{""type"":""MultiPoint"",""coordinates"":[]}",
00000000000000000034_7,2000.0,Philadelphia,-1.8420375870877024,1.600704166323169,1.600704166323169,2020.0,303.91170194843914,305.5124061147623,303.91170194843914,302.06966436135144,1.0,6.0,5722.0,L5,L8,303.91170194843914,305.5124061147623,wat→imp,1.0750688122950898,401.0,"{""type"":""MultiPoint"",""coordinates"":[]}",
00000000000000000034_8,2000.0,Philadelphia,-1.9562237368412525,2.6179001906392614,2.6179001906392614,2020.0,300.93591333220905,303.5538135228483,300.93591333220905,298.9796895953678,1.0,6.0,305.0,L5,L8,300.93591333220905,303.5538135228483,wat→veg,0.0573044368664806,402.0,"{""type"":""MultiPoint"",""coordinates"":[]}",
00000000000000000034_9,2000.0,Philadelphia,0.8619662735399629,6.300015841840548,6.300015841840548,2020.0,299.918139397783,306.21815523962357,299.918139397783,300.780105671323,1.0,6.0,32.0,L5,L8,299.918139397783,306.21815523962357,wat→crop,0.0060122687859914,403.0,"{""type"":""MultiPoint"",""coordinates"":[]}",
00000000000000000034_10,2000.0,Philadelphia,1.742085270039638,5.704779945107646,5.704779945107646,2020.0,302.16413646512467,307.8689164102323,302.16413646512467,303.9062217351643,1.0,6.0,9.0,L5,L8,302.16413646512467,307.8689164102323,wat→bare,0.00169095059606,405.0,"{""type"":""MultiPoint"",""coordinates"":[]}",
00000000000000000034_11,2000.0,Philadelphia,-1.1292716264326828,0.1150884327979042,0.1150884327979042,2020.0,305.2728384079665,305.3879268407644,305.2728384079665,304.1435667815338,1.0,6.0,51.0,L5,L8,305.2728384079665,305.3879268407644,bare→imp,0.0095820533776738,501.0,"{""type"":""MultiPoint"",""coordinates"":[]}",
00000000000000000034_12,2000.0,Philadelphia,,,,2020.0,,,,,1.0,6.0,2.0,L5,L8,,,bare→veg,0.00037576679912446336,502.0,"{""type"":""MultiPoint"",""coordinates"":[]}",
00000000000000000034_13,2000.0,Philadelphia,1.4385816391413186,3.196979409342873,3.196979409342873,2020.0,301.82934277128186,305.02632218062473,301.82934277128186,303.2679244104232,1.0,6.0,3.0,L5,L8,301.82934277128186,305.02632218062473,bare→wat,0.0005636501986866951,504.0,"{""type"":""MultiPoint"",""coordinates"":[]}",
00000000000000000034_14,2000.0,Philadelphia,-1.9693246332290073,2.8719142805715023,2.8719142805715023,2020.0,307.4253735770181,310.2972878575896,307.4253735770181,305.4560489437891,1.0,6.0,450822.0,L5,L8,307.4253735770181,310.2972878575896,imp→imp,84.70196995744442,101.0,"{""type"":""MultiPoint"",""coordinates"":[]}",
00000000000000000034_15,2000.0,Philadelphia,-2.348948461153668,2.24354136790987,2.24354136790987,2020.0,300.9052954048181,303.148836772728,300.9052954048181,298.55634694366444,1.0,6.0,30092.0,L5,L8,300.9052954048181,303.148836772728,veg→veg,5.653787259626675,202.0,"{""type"":""MultiPoint"",""coordinates"":[]}",
00000000000000000034_16,2000.0,Philadelphia,-1.945127401351499,3.4511738128758225,3.4511738128758225,2020.0,302.83415694605554,306.28533075893137,302.83415694605554,300.88902954470404,1.0,6.0,4859.0,L5,L8,302.83415694605554,306.28533075893137,crop→crop,0.9129254384728838,303.0,"{""type"":""MultiPoint"",""coordinates"":[]}",
00000000000000000034_17,2000.0,Philadelphia,-2.7713439448700115,0.8866538503503989,0.8866538503503989,2020.0,298.4104373934728,299.2970912438232,298.4104373934728,295.6390934486028,1.0,6.0,23728.0,L5,L8,298.4104373934728,299.2970912438232,wat→wat,4.458097304812633,404.0,"{""type"":""MultiPoint"",""coordinates"":[]}",
00000000000000000047_0,,Nairobi,,,,,,,,,,,,,,,,NO_DATA,,,"{""type"":""MultiPoint"",""coordinates"":[]}",Insufficient LST imagery
00000000000000000035_0,2000.0,Phoenix,1.8481230661443533,0.2921879062949983,0.2899661546836114,2020.0,327.9126813305686,328.2048692368636,323.3606927147734,325.20881578091775,13.0,17.0,110204.0,L5,L8,327.9126813305686,328.2026474852522,veg→imp,6.377690237221789,201.0,"{""type"":""MultiPoint"",""coordinates"":[]}",
00000000000000000035_1,2000.0,Phoenix,0.9314545702151236,1.1614832877186814,1.1595854227136897,2020.0,324.37220712813377,325.53369041585245,318.9804318705694,319.91188644078454,13.0,17.0,4080.0,L5,L8,324.37220712813377,325.53179255084746,veg→crop,0.236116440127989,203.0,"{""type"":""MultiPoint"",""coordinates"":[]}",
00000000000000000035_2,2000.0,Phoenix,-4.018303718092341,-4.761961007740467,-4.764280618324051,2020.0,324.93625221778325,320.1742912100428,320.5336744078579,316.5153706897656,13.0,17.0,539.0,L5,L8,324.93625221778325,320.1719715994592,veg→wat,0.0311928336345554,204.0,"{""type"":""MultiPoint"",""coordinates"":[]}",
00000000000000000035_3,2000.0,Phoenix,3.1495123287826914,2.06992846134591,2.068645224308568,2020.0,327.9493620228538,330.0192904841997,323.33474362179885,326.48425595058154,13.0,17.0,4766.0,L5,L8,327.9493620228538,330.01800724716236,veg→bare,0.2758164102083322,205.0,"{""type"":""MultiPoint"",""coordinates"":[]}",
00000000000000000035_4,2000.0,Phoenix,9.783750185287772,7.194048963486637,7.194017400479368,2020.0,320.6558035123988,327.8498524758854,314.2520154842301,324.0357656695179,13.0,17.0,46501.0,L5,L8,320.6558035123988,327.84982091287816,crop→imp,2.691090829017553,301.0,"{""type"":""MultiPoint"",""coordinates"":[]}",
00000000000000000035_5,2000.0,Phoenix,8.509953094347964,7.065214573071842,7.064616412243424,2020.0,321.2846589140045,328.34987348707637,315.89325740636474,324.4032105007127,13.0,17.0,6327.0,L5,L8,321.2846589140045,328.34927532624795,crop→veg,0.3661540972278888,302.0,"{""type"":""MultiPoint"",""coordinates"":[]}",
00000000000000000035_6,2000.0,Phoenix,-2.5378359122051393,-4.789797379514312,-4.789797379514312,2020.0,318.89534326909404,314.10554588957973,313.4935679681448,310.9557320559397,13.0,17.0,703.0,L5,L8,318.89534326909404,314.10554588957973,crop→wat,0.0406837885808765,304.0,"{""type"":""MultiPoint"",""coordinates"":[]}",
00000000000000000035_7,2000.0,Phoenix,11.05011893205949,8.533771877996799,8.533771877996799,2020.0,321.4867291166962,330.020500994693,314.634947419714,325.6850663517735,13.0,17.0,1107.0,L5,L8,321.4867291166962,330.020500994693,crop→bare,0.0640639458876676,305.0,"{""type"":""MultiPoint"",""coordinates"":[]}",
00000000000000000035_8,2000.0,Phoenix,5.978871547528115,6.056045273268694,6.055611578548337,2020.0,315.29278053002395,321.34882580329264,312.32894099120995,318.30781253873806,13.0,17.0,627.0,L5,L8,315.29278053002395,321.3483921085723,wat→imp,0.0362855411667277,401.0,"{""type"":""MultiPoint"",""coordinates"":[]}",
00000000000000000035_9,2000.0,Phoenix,13.410809479287591,15.131966573284558,15.131914254562332,2020.0,313.2089361614238,328.3409027347084,310.79877136763963,324.2095808469272,13.0,17.0,472.0,L5,L8,313.2089361614238,328.34085041598615,wat→veg,0.0273154313089242,402.0,"{""type"":""MultiPoint"",""coordinates"":[]}",
00000000000000000035_10,2000.0,Phoenix,12.815682642185834,16.773304165016327,16.773304165016327,2020.0,310.4772367295457,327.25054089456205,308.31246085773796,321.1281434999238,13.0,17.0,40.0,L5,L8,310.4772367295457,327.25054089456205,wat→crop,0.0023148670600783,403.0,"{""type"":""MultiPoint"",""coordinates"":[]}",
00000000000000000035_11,2000.0,Phoenix,12.25410035315349,14.1202048411771,14.1202048411771,2020.0,315.49368977766454,329.61389461884164,312.7845398282363,325.0386401813898,13.0,17.0,150.0,L5,L8,315.49368977766454,329.61389461884164,wat→bare,0.0086807514752937,405.0,"{""type"":""MultiPoint"",""coordinates"":[]}",
00000000000000000035_12,2000.0,Phoenix,2.941020551349652,1.6364394736546046,1.635046392888853,2020.0,327.1008506128294,328.737290086484,322.4417891318613,325.38280968321095,13.0,17.0,9429.0,L5,L8,327.1008506128294,328.73589700571824,bare→imp,0.5456720377369628,501.0,"{""type"":""MultiPoint"",""coordinates"":[]}",
00000000000000000035_13,2000.0,Phoenix,5.646496164336895,3.1973279759250772,3.1957183739397124,2020.0,327.3600646430572,330.5573926189823,321.6057767982902,327.2522729626271,13.0,17.0,1931.0,L5,L8,327.3600646430572,330.55578301699694,bare→veg,0.111750207325281,502.0,"{""type"":""MultiPoint"",""coordinates"":[]}",
00000000000000000035_14,2000.0,Phoenix,0.3535164257417023,1.5020596617337103,1.4985490915690889,2020.0,326.4459553145641,327.9480149762978,321.102385386932,321.4559018126737,13.0,17.0,76.0,L5,L8,326.4459553145641,327.9445044061332,bare→crop,0.0043982474141488,503.0,"{""type"":""MultiPoint"",""coordinates"":[]}",
00000000000000000035_15,2000.0,Phoenix,-3.1098669903383893,-3.8043520296598103,-3.8043520296598103,2020.0,324.72583830204735,320.92148627238754,320.53128014925767,317.4214131589193,13.0,17.0,89.0,L5,L8,324.72583830204735,320.92148627238754,bare→wat,0.0051505792086742,504.0,"{""type"":""MultiPoint"",""coordinates"":[]}",
00000000000000000035_16,2000.0,Phoenix,3.9869726610774023,3.2064638458003856,3.2062420304221178,2020.0,325.0169017881511,328.22336563395146,320.78462367366626,324.77159633474366,13.0,17.0,1006156.0,L5,L8,325.0169017881511,328.2231438185732,imp→imp,58.227934542504144,101.0,"{""type"":""MultiPoint"",""coordinates"":[]}",
00000000000000000035_17,2000.0,Phoenix,4.300245962224551,2.1385458545173037,2.13690856272342,2020.0,327.5816972316957,329.72024308621303,322.51251564652335,326.8127616087479,13.0,17.0,499247.0,L5,L8,327.5816972316957,329.71860579441915,veg→veg,28.89226087857307,202.0,"{""type"":""MultiPoint"",""coordinates"":[]}",
00000000000000000035_18,2000.0,Phoenix,3.774341862509118,4.764889316548874,4.764763587562584,2020.0,321.1904606859755,325.95535000252437,314.5216159546407,318.2959578171498,13.0,17.0,29917.0,L5,L8,321.1904606859755,325.9552242735381,crop→crop,1.7313469459090802,303.0,"{""type"":""MultiPoint"",""coordinates"":[]}",
00000000000000000035_19,2000.0,Phoenix,5.850186623057937,6.601912963556117,6.601119486472157,2020.0,314.06567467317075,320.66758763672686,311.4143814292294,317.26456805228736,13.0,17.0,592.0,L5,L8,314.06567467317075,320.6667941596429,wat→wat,0.0342600324891591,404.0,"{""type"":""MultiPoint"",""coordinates"":[]}",
00000000000000000035_20,2000.0,Phoenix,4.225630084154773,2.97400706282599,2.9734657651698058,2020.0,327.25514734743587,330.22915441026186,322.3560638354442,326.581693919599,13.0,17.0,5008.0,L5,L8,327.25514734743587,330.2286131126057,bare→bare,0.2898213559218061,505.0,"{""type"":""MultiPoint"",""coordinates"":[]}",
00000000000000000036_0,2000.0,Montreal,4.296264953400737,8.681228173450393,8.677324927792256,2020.0,303.7443171453273,312.42554531877767,301.81433172926126,306.110596682662,7.0,16.0,10559.0,L5,L8,303.7443171453273,312.42164207311953,veg→imp,1.5166052402524468,201.0,"{""type"":""MultiPoint"",""coordinates"":[]}",
00000000000000000036_1,2000.0,Montreal,3.5960247546017854,9.568914589800611,9.567404331230534,2020.0,301.76507185487236,311.333986444673,299.99845115178914,303.5944759063909,7.0,16.0,898.0,L5,L8,301.76507185487236,311.3324761861029,veg→crop,0.1289811067096029,203.0,"{""type"":""MultiPoint"",""coordinates"":[]}",
00000000000000000036_2,2000.0,Montreal,2.300988545738562,5.422855021959947,5.418642028644683,2020.0,297.4772419901644,302.9000970121243,296.75125860478016,299.0522471505187,7.0,16.0,375.0,L5,L8,297.4772419901644,302.89588401880906,veg→wat,0.0538618207306248,204.0,"{""type"":""MultiPoint"",""coordinates"":[]}",
00000000000000000036_3,2000.0,Montreal,2.2667592525138502,5.8921137712781615,5.889947353843581,2020.0,297.235093121541,303.1272068928192,296.44434676175916,298.711106014273,7.0,16.0,3.0,L5,L8,297.235093121541,303.1250404753846,veg→bare,0.0004308945658449986,205.0,"{""type"":""MultiPoint"",""coordinates"":[]}",
00000000000000000036_4,2000.0,Montreal,6.200476985651619,12.012191894980733,12.00908037178374,2020.0,301.50347619413003,313.51566808911076,300.03848122129403,306.23895820694565,7.0,16.0,2128.0,L5,L8,301.50347619413003,313.51255656591377,crop→imp,0.3056478787060523,301.0,"{""type"":""MultiPoint"",""coordinates"":[]}",
00000000000000000036_5,2000.0,Montreal,3.2639057829033504,8.64213346742082,8.640010209070851,2020.0,300.0408837979419,308.6830172653627,298.81888041797805,302.0827862008814,7.0,16.0,1031.0,L5,L8,300.0408837979419,308.68089400701274,crop→veg,0.1480840991287312,302.0,"{""type"":""MultiPoint"",""coordinates"":[]}",
00000000000000000036_6,2000.0,Montreal,2.9859215814911977,8.738833429664965,8.738252992136381,2020.0,303.35895230736287,312.09778573702783,302.76134343536063,305.7472650168518,7.0,16.0,6.0,L5,L8,303.35895230736287,312.09720529949925,crop→wat,0.0008617891316899972,304.0,"{""type"":""MultiPoint"",""coordinates"":[]}",
00000000000000000036_7,2000.0,Montreal,3.644215432591864,7.144245849160313,7.134913494534487,2020.0,300.9722804418121,308.1165262909724,299.7824282673377,303.42664369992957,7.0,16.0,6339.0,L5,L8,300.9722804418121,308.10719393634656,wat→imp,0.910480217630482,401.0,"{""type"":""MultiPoint"",""coordinates"":[]}",
00000000000000000036_8,2000.0,Montreal,3.248280355307372,6.964573965683144,6.959903850275907,2020.0,297.36225250780154,304.3268264734847,296.7633877975469,300.01166815285427,7.0,16.0,236.0,L5,L8,297.36225250780154,304.32215635807745,wat→veg,0.0338970391798065,402.0,"{""type"":""MultiPoint"",""coordinates"":[]}",
00000000000000000036_9,2000.0,Montreal,6.629265611951496,17.441939038704675,17.441939038704675,2020.0,299.6848967563968,317.1268357951015,299.6103743474342,306.23963995938567,7.0,16.0,25.0,L5,L8,299.6848967563968,317.1268357951015,wat→bare,0.0035907880487083,405.0,"{""type"":""MultiPoint"",""coordinates"":[]}",
00000000000000000036_10,2000.0,Montreal,3.968850764938906,7.669252084796938,7.667363876460115,2020.0,304.21735459978805,311.886606684585,301.4696168033167,305.4384675682556,7.0,16.0,18.0,L5,L8,304.21735459978805,311.88471847624817,bare→imp,0.0025853673950699,501.0,"{""type"":""MultiPoint"",""coordinates"":[]}",
00000000000000000036_11,2000.0,Montreal,3.026536709349955,7.06277930924432,7.053242965320123,2020.0,298.6008442180525,305.6636235272968,298.45011206809244,301.4766487774424,7.0,16.0,5.0,L5,L8,298.6008442180525,305.6540871833726,bare→wat,0.0007181576097416644,504.0,"{""type"":""MultiPoint"",""coordinates"":[]}",
00000000000000000036_12,2000.0,Montreal,2.9920811267038516,8.204331197218153,8.201620667147381,2020.0,307.29597263455923,315.5003038317774,304.7346536658692,307.72673479257304,7.0,16.0,507205.0,L5,L8,307.29597263455923,315.4975933017066,imp→imp,72.85062608980417,101.0,"{""type"":""MultiPoint"",""coordinates"":[]}",
00000000000000000036_13,2000.0,Montreal,3.252687621912969,8.287958665777921,8.286267466986601,2020.0,298.09867571916084,306.38663438493876,297.39600119436983,300.6486888162828,7.0,16.0,31925.0,L5,L8,298.09867571916084,306.38494318614744,veg→veg,4.585436338200527,202.0,"{""type"":""MultiPoint"",""coordinates"":[]}",
00000000000000000036_14,2000.0,Montreal,3.4958835702004194,9.350443021349122,9.34927137248269,2020.0,301.17077290771886,310.521215929068,300.1034138530482,303.59929742324863,7.0,16.0,13146.0,L5,L8,301.17077290771886,310.52004428020155,crop→crop,1.888179987532784,303.0,"{""type"":""MultiPoint"",""coordinates"":[]}",
00000000000000000036_15,2000.0,Montreal,2.8822873818844528,4.379183495528764,4.338140008574442,2020.0,294.39984772213336,298.7790312176621,293.28413592765514,296.1664233095396,7.0,16.0,60760.0,L5,L8,294.39984772213336,298.7379877307078,wat→wat,8.727051273580704,404.0,"{""type"":""MultiPoint"",""coordinates"":[]}",
00000000000000000036_16,2000.0,Montreal,2.9292376280819212,5.117260352562255,5.104396849020247,2020.0,295.6883908548239,300.8056512073862,294.7621089888935,297.6913466169754,7.0,16.0,61567.0,L5,L8,295.6883908548239,300.79278770384417,bare→bare,8.84296191179301,505.0,"{""type"":""MultiPoint"",""coordinates"":[]}",
00000000000000000039_0,2000.0,Birmingham,4.3033191394208075,2.701033603258111,2.701033603258111,2020.0,306.7105096134858,309.4115432167439,301.7988341790111,306.10215331843193,10.0,14.0,24824.0,L5,L8,306.7105096134858,309.4115432167439,veg→imp,5.103754828973636,201.0,"{""type"":""MultiPoint"",""coordinates"":[]}",
00000000000000000039_1,2000.0,Birmingham,3.3737805985741147,2.1868865927543197,2.1868865927543197,2020.0,304.13394561870865,306.32083221146297,300.5138295219431,303.8876101205172,10.0,14.0,417.0,L5,L8,304.13394561870865,306.32083221146297,veg→crop,0.0857341993104256,203.0,"{""type"":""MultiPoint"",""coordinates"":[]}",
00000000000000000039_2,2000.0,Birmingham,4.350587951752857,2.538353790778558,2.538353790778558,2020.0,300.6837074896521,303.22206128043064,296.6339793650711,300.984567316824,10.0,14.0,34.0,L5,L8,300.6837074896521,303.22206128043064,veg→wat,0.0069903184090035,204.0,"{""type"":""MultiPoint"",""coordinates"":[]}",
00000000000000000039_3,2000.0,Birmingham,1.2077339673037386,-2.1283920486087027,-2.1283920486087027,2020.0,306.21237746915506,304.08398542054636,300.94512146749287,302.1528554347966,10.0,14.0,4.0,L5,L8,306.21237746915506,304.08398542054636,veg→bare,0.0008223904010592388,205.0,"{""type"":""MultiPoint"",""coordinates"":[]}",
00000000000000000039_4,2000.0,Birmingham,3.574102348598956,3.178696350825817,3.178696350825817,2020.0,302.78089219304707,305.9595885438729,299.7861906078205,303.36029295641947,10.0,14.0,3446.0,L5,L8,302.78089219304707,305.9595885438729,crop→imp,0.7084893305125343,301.0,"{""type"":""MultiPoint"",""coordinates"":[]}",
00000000000000000039_5,2000.0,Birmingham,2.898812778296815,1.3261677864974215,1.3261677864974215,2020.0,304.27183631093754,305.59800409743497,299.97623645133075,302.87504922962756,10.0,14.0,413.0,L5,L8,304.27183631093754,305.59800409743497,crop→veg,0.0849118089093664,302.0,"{""type"":""MultiPoint"",""coordinates"":[]}",
00000000000000000039_6,2000.0,Birmingham,4.083111541394146,2.4815671856101744,2.4815671856101744,2020.0,307.4926571170742,309.9742243026844,302.4485763089429,306.53168785033705,10.0,14.0,2136.0,L5,L8,307.4926571170742,309.9742243026844,wat→imp,0.4391564741656335,401.0,"{""type"":""MultiPoint"",""coordinates"":[]}",
00000000000000000039_7,2000.0,Birmingham,2.8687487853711104,1.9367528040999105,1.9367528040999105,2020.0,301.40171131496487,303.3384641190648,297.4632208738716,300.3319696592427,10.0,14.0,131.0,L5,L8,301.40171131496487,303.3384641190648,wat→veg,0.02693328563469,402.0,"{""type"":""MultiPoint"",""coordinates"":[]}",
00000000000000000039_8,2000.0,Birmingham,0.9529619871285604,-0.3787613354565451,-0.3787613354565451,2020.0,304.83965314616637,304.4608918107098,299.25273038730694,300.2056923744355,10.0,14.0,12.0,L5,L8,304.83965314616637,304.4608918107098,wat→crop,0.0024671712031777,403.0,"{""type"":""MultiPoint"",""coordinates"":[]}",
00000000000000000039_9,2000.0,Birmingham,3.169600084610863,2.0918728260382977,2.0918728260382977,2020.0,300.4867469620763,302.5786197881146,296.877749714077,300.0473497986879,10.0,14.0,6.0,L5,L8,300.4867469620763,302.5786197881146,wat→bare,0.0012335856015888,405.0,"{""type"":""MultiPoint"",""coordinates"":[]}",
00000000000000000039_10,2000.0,Birmingham,8.923349123104572,5.522952775829538,5.522952775829538,2020.0,305.124437859392,310.64739063522154,298.67614032302265,307.5994894461272,10.0,14.0,6.0,L5,L8,305.124437859392,310.64739063522154,bare→imp,0.0012335856015888,501.0,"{""type"":""MultiPoint"",""coordinates"":[]}",
00000000000000000039_11,2000.0,Birmingham,3.6972817398719826,2.7403519882535647,2.7403519882535647,2020.0,298.2176678379166,300.9580198261702,294.59749483069925,298.29477657057123,10.0,14.0,13.0,L5,L8,298.2176678379166,300.9580198261702,bare→wat,0.0026727688034425,504.0,"{""type"":""MultiPoint"",""coordinates"":[]}",
00000000000000000039_12,2000.0,Birmingham,5.268228305088655,3.1132501108167503,3.1132501108167503,2020.0,307.78521051209947,310.8984606229162,302.17865844864053,307.4468867537292,10.0,14.0,422095.0,L5,L8,307.78521051209947,310.8984606229162,imp→imp,86.78171908377486,101.0,"{""type"":""MultiPoint"",""coordinates"":[]}",
00000000000000000039_13,2000.0,Birmingham,3.562483887363328,2.6891282701393493,2.6891282701393493,2020.0,302.7937095352385,305.48283780537787,299.010497826934,302.5729817142973,10.0,14.0,18333.0,L5,L8,302.7937095352385,305.48283780537787,veg→veg,3.769220805654757,202.0,"{""type"":""MultiPoint"",""coordinates"":[]}",
00000000000000000039_14,2000.0,Birmingham,2.91987297605192,2.9648254336830746,2.9648254336830746,2020.0,302.1264000163873,305.0912254500704,299.2341934481735,302.15406642422545,10.0,14.0,12251.0,L5,L8,302.1264000163873,305.0912254500704,crop→crop,2.518776200844184,303.0,"{""type"":""MultiPoint"",""coordinates"":[]}",
00000000000000000039_15,2000.0,Birmingham,3.827734931486816,2.59279841362428,2.59279841362428,2020.0,297.9056846711372,300.49848308476146,294.51569112048554,298.34342605197236,10.0,14.0,2266.0,L5,L8,297.9056846711372,300.49848308476146,wat→wat,0.4658841622000588,404.0,"{""type"":""MultiPoint"",""coordinates"":[]}",
0000000000000000003a_0,2000.0,Manchester,-3.244490281680612,-3.071133955429559,-3.071133955429559,2020.0,298.4345676065795,295.36343365114993,298.3972486779583,295.1527583962777,3.0,9.0,12922.0,L5,L8,298.4345676065795,295.36343365114993,veg→imp,6.01403678606002,201.0,"{""type"":""MultiPoint"",""coordinates"":[]}",
0000000000000000003a_1,2000.0,Manchester,-9.971751749635756,-9.965721272572807,-9.965721272572807,2020.0,296.8072541535889,286.84153288101606,296.8072541535889,286.8355024039531,3.0,9.0,43.0,L5,L8,296.8072541535889,286.84153288101606,veg→crop,0.020012659170452,203.0,"{""type"":""MultiPoint"",""coordinates"":[]}",
0000000000000000003a_2,2000.0,Manchester,-10.36100262925828,-10.356365575362986,-10.356365575362986,2020.0,294.67729429973326,284.3209287243703,294.67729429973326,284.316291670475,3.0,9.0,46.0,L5,L8,294.67729429973326,284.3209287243703,veg→wat,0.0214088912055998,204.0,"{""type"":""MultiPoint"",""coordinates"":[]}",
0000000000000000003a_3,2000.0,Manchester,-1.823214753055197,-1.823214753055197,-1.823214753055197,2020.0,296.21756558162895,294.39435082857375,296.21756558162895,294.39435082857375,3.0,9.0,123.0,L5,L8,296.21756558162895,294.39435082857375,crop→imp,0.0572455134410603,301.0,"{""type"":""MultiPoint"",""coordinates"":[]}",
0000000000000000003a_4,2000.0,Manchester,1.4107047522158496,1.4109638149985244,1.4109638149985244,2020.0,297.4200279983261,298.8309918133246,297.4200279983261,298.8307327505419,3.0,9.0,115.0,L5,L8,297.4200279983261,298.8309918133246,crop→veg,0.0535222280139995,302.0,"{""type"":""MultiPoint"",""coordinates"":[]}",
0000000000000000003a_5,2000.0,Manchester,-1.7485793888402554,-1.6057312329272122,-1.6057312329272122,2020.0,297.8217581822272,296.2160269493,297.8028962653245,296.0543168764842,3.0,9.0,2668.0,L5,L8,297.8217581822272,296.2160269493,wat→imp,1.2417156899247896,401.0,"{""type"":""MultiPoint"",""coordinates"":[]}",
0000000000000000003a_6,2000.0,Manchester,-6.183285310490135,-5.814169821001485,-5.814169821001485,2020.0,292.25480515457633,286.44063533357485,292.25480515457633,286.0715198440862,3.0,9.0,35.0,L5,L8,292.25480515457633,286.44063533357485,wat→veg,0.0162893737433911,402.0,"{""type"":""MultiPoint"",""coordinates"":[]}",
0000000000000000003a_7,2000.0,Manchester,-4.0037432337926475,-4.001821269594075,-4.001821269594075,2020.0,297.13501723369876,293.1331959641047,297.13501723369876,293.1312739999061,3.0,9.0,16.0,L5,L8,297.13501723369876,293.1331959641047,bare→imp,0.0074465708541216,501.0,"{""type"":""MultiPoint"",""coordinates"":[]}",
0000000000000000003a_8,2000.0,Manchester,-6.858803530222588,-6.858803530222588,-6.858803530222588,2020.0,291.0958586338668,284.2370551036442,291.0958586338668,284.2370551036442,3.0,9.0,9.0,L5,L8,291.0958586338668,284.2370551036442,bare→wat,0.0041886961054434,504.0,"{""type"":""MultiPoint"",""coordinates"":[]}",
0000000000000000003a_9,2000.0,Manchester,-4.2997407905857585,-3.9367744092920702,-3.9367744092920702,2020.0,297.3290087820757,293.3922343727836,297.31822181869853,293.0184810281128,3.0,9.0,190590.0,L5,L8,297.3290087820757,293.3922343727836,imp→imp,88.70262119294065,101.0,"{""type"":""MultiPoint"",""coordinates"":[]}",
0000000000000000003a_10,2000.0,Manchester,-8.116779796388471,-7.866987367110198,-7.866987367110198,2020.0,296.2175807384801,288.3505933713699,296.2175807384801,288.1008009420916,3.0,9.0,7873.0,L5,L8,296.2175807384801,288.3505933713699,veg→veg,3.664178270906248,202.0,"{""type"":""MultiPoint"",""coordinates"":[]}",
0000000000000000003a_11,2000.0,Manchester,-9.854512225982546,-9.847604699421368,-9.847604699421368,2020.0,293.7410955612546,283.89349086183324,293.7410955612546,283.88658333527206,3.0,9.0,424.0,L5,L8,293.7410955612546,283.89349086183324,wat→wat,0.1973341276342244,404.0,"{""type"":""MultiPoint"",""coordinates"":[]}",
0000000000000000003b_0,2000.0,Milan,-0.6277768869742886,-0.0416860385956852,-0.2049214962257224,2020.0,305.7785469106627,305.73686087206704,303.9882609511417,303.3604840641674,10.0,23.0,4272.0,L5,L8,305.7785469106627,305.573625414437,veg→imp,1.485262111213868,201.0,"{""type"":""MultiPoint"",""coordinates"":[]}",
0000000000000000003b_1,2000.0,Milan,-0.7431435654740994,0.2920920023579469,0.0661125589270454,2020.0,305.06788700362284,305.3599790059808,302.83235804856514,302.08921448309104,10.0,23.0,958.0,L5,L8,305.06788700362284,305.1339995625499,veg→crop,0.3330714191345706,203.0,"{""type"":""MultiPoint"",""coordinates"":[]}",
0000000000000000003b_2,2000.0,Milan,-1.4588521469163993,-0.2700789601141764,-0.4392574639592226,2020.0,302.9161503648209,302.64607140470673,301.68190040451054,300.22304825759414,10.0,23.0,72.0,L5,L8,302.9161503648209,302.4768929008617,veg→wat,0.0250325074923685,204.0,"{""type"":""MultiPoint"",""coordinates"":[]}",
0000000000000000003b_3,2000.0,Milan,-0.9835203048037896,0.6160071656068453,0.6160071656068453,2020.0,301.839400292791,302.4554074583979,300.9959853393961,300.0124650345923,10.0,23.0,1.0,L5,L8,301.839400292791,302.4554074583979,veg→bare,0.00034767371517178557,205.0,"{""type"":""MultiPoint"",""coordinates"":[]}",
0000000000000000003b_4,2000.0,Milan,-0.3837512996934151,1.0388704907778674,0.6429659140587205,2020.0,304.7974262290149,305.83629671979276,302.55672376603604,302.1729724663426,10.0,23.0,10203.0,L5,L8,304.7974262290149,305.4403921430736,crop→imp,3.5473149158977284,301.0,"{""type"":""MultiPoint"",""coordinates"":[]}",
0000000000000000003b_5,2000.0,Milan,-2.265537905752012,-2.8912120512187016,-3.042299804841889,2020.0,306.2103499517096,303.3191379004909,303.3453223849106,301.0797844791586,10.0,23.0,803.0,L5,L8,306.2103499517096,303.1680501468677,crop→veg,0.2791819932829438,302.0,"{""type"":""MultiPoint"",""coordinates"":[]}",
0000000000000000003b_6,2000.0,Milan,-1.176723144864411,0.2550001268626261,0.097177696315498,2020.0,303.07857424439453,303.33357437125716,301.7916572993193,300.6149341544549,10.0,23.0,46.0,L5,L8,303.07857424439453,303.17575194071003,crop→wat,0.0159929908979021,304.0,"{""type"":""MultiPoint"",""coordinates"":[]}",
0000000000000000003b_7,2000.0,Milan,-1.03838569304952,-1.052796240715793,-1.1155881363740718,2020.0,306.17171200292046,305.11891576220467,304.57715573239295,303.53877003934343,10.0,23.0,344.0,L5,L8,306.17171200292046,305.0561238665464,wat→imp,0.1195997580190942,401.0,"{""type"":""MultiPoint"",""coordinates"":[]}",
0000000000000000003b_8,2000.0,Milan,-0.7906985973752398,0.8525872531063214,0.6354358787664296,2020.0,301.6844711774912,302.53705843059754,300.746840515053,299.95614191767777,10.0,23.0,34.0,L5,L8,301.6844711774912,302.31990705625765,wat→veg,0.0118209063158407,402.0,"{""type"":""MultiPoint"",""coordinates"":[]}",
0000000000000000003b_9,2000.0,Milan,,,,2020.0,,,,,10.0,23.0,2.0,L5,L8,,,bare→wat,0.0006953474303435711,504.0,"{""type"":""MultiPoint"",""coordinates"":[]}",
0000000000000000003b_10,2000.0,Milan,-0.9856291508709204,-0.6706736522060623,-0.8591847836719921,2020.0,308.7761883438102,308.1055146916041,306.7598375416599,305.774208390789,10.0,23.0,240265.0,L5,L8,308.7761883438102,307.9170035601382,imp→imp,83.53382517574907,101.0,"{""type"":""MultiPoint"",""coordinates"":[]}",
0000000000000000003b_11,2000.0,Milan,-1.4724613025789497,-0.9120338745002528,-1.0374815124388874,2020.0,303.8554188899141,302.94338501541387,302.18775320870424,300.7152919061253,10.0,23.0,2804.0,L5,L8,303.8554188899141,302.81793737747523,veg→veg,0.9748770973416868,202.0,"{""type"":""MultiPoint"",""coordinates"":[]}",
0000000000000000003b_12,2000.0,Milan,-0.6416189729576445,1.6342539083545375,1.0109089503079076,2020.0,304.48743129813045,306.121685206485,302.1345354485663,301.49291647560864,10.0,23.0,26525.0,L5,L8,304.48743129813045,305.49834024843835,crop→crop,9.222045294931611,303.0,"{""type"":""MultiPoint"",""coordinates"":[]}",
0000000000000000003b_13,2000.0,Milan,-0.9706288440551134,0.0324188218626204,-0.0914970507350858,2020.0,301.5961619859074,301.62858080777,300.4973404266076,299.5267115825525,10.0,23.0,1297.0,L5,L8,301.5961619859074,301.5046649351723,wat→wat,0.4509328085778059,404.0,"{""type"":""MultiPoint"",""coordinates"":[]}",
0000000000000000003c_0,2000.0,Naples,2.3647795021908564,0.1016989510704888,-0.244545629055267,2020.0,311.18379697952,311.2854959305905,305.32950842291604,307.6942879251069,10.0,15.0,1818.0,L5,L8,311.18379697952,310.93925135046476,veg→imp,1.042245931055833,201.0,"{""type"":""MultiPoint"",""coordinates"":[]}",
0000000000000000003c_1,2000.0,Naples,3.292407793747657,2.0706675092745854,1.4408549639511534,2020.0,316.2809830093251,318.3516505185997,309.7626625191487,313.05507031289636,10.0,15.0,195.0,L5,L8,316.2809830093251,317.72183797327625,veg→crop,0.1117920553112692,203.0,"{""type"":""MultiPoint"",""coordinates"":[]}",
0000000000000000003c_2,2000.0,Naples,1.5687098907252448,-0.5847626559243508,-0.6605460124379761,2020.0,308.81869469674507,308.2339320408207,304.17419999983827,305.7429098905635,10.0,15.0,5.0,L5,L8,308.81869469674507,308.1581486843071,veg→wat,0.0028664629566992,204.0,"{""type"":""MultiPoint"",""coordinates"":[]}",
0000000000000000003c_3,2000.0,Naples,3.006755423849711,-0.2931752274710106,-0.4810503869278477,2020.0,319.1810741505511,318.8878989230801,311.4504590142856,314.45721443813534,10.0,15.0,93.0,L5,L8,319.1810741505511,318.7000237636233,crop→imp,0.0533162109946053,301.0,"{""type"":""MultiPoint"",""coordinates"":[]}",
0000000000000000003c_4,2000.0,Naples,1.1391034075901985,-2.6549484669031926,-3.0748400865893473,2020.0,318.8552622465969,316.2003137796937,310.8910693274838,312.030172735074,10.0,15.0,169.0,L5,L8,318.8552622465969,315.78042216000756,crop→veg,0.0968864479364333,302.0,"{""type"":""MultiPoint"",""coordinates"":[]}",
0000000000000000003c_5,2000.0,Naples,2.2177784182296136,0.4614455768673338,0.3158581286919002,2020.0,308.6088148756297,309.07026045249705,304.2023994065732,306.4201778248028,10.0,15.0,936.0,L5,L8,308.6088148756297,308.9246730043216,wat→imp,0.5366018654940922,401.0,"{""type"":""MultiPoint"",""coordinates"":[]}",
0000000000000000003c_6,2000.0,Naples,1.0837171901741272,-0.8765764979838195,-1.2957703784488217,2020.0,307.97460547579533,307.0980289778115,303.04754791215436,304.1312651023285,10.0,15.0,6.0,L5,L8,307.97460547579533,306.6788350973465,wat→veg,0.003439755548039,402.0,"{""type"":""MultiPoint"",""coordinates"":[]}",
0000000000000000003c_7,2000.0,Naples,1.8154610929117323,-1.190705743519743,-1.3085670536929117,2020.0,307.64086845612644,306.4501627126067,301.955209657093,303.77067075000474,10.0,15.0,1.0,L5,L8,307.64086845612644,306.33230140243353,bare→wat,0.0005732925913398421,504.0,"{""type"":""MultiPoint"",""coordinates"":[]}",
0000000000000000003c_8,2000.0,Naples,2.667873629051428,2.1282813445745887,1.783421241099461,2020.0,314.73112856739556,316.85940991197015,309.7326643392489,312.40053796830034,10.0,15.0,165366.0,L5,L8,314.73112856739556,316.514549808495,imp→imp,94.80310265950432,101.0,"{""type"":""MultiPoint"",""coordinates"":[]}",
0000000000000000003c_9,2000.0,Naples,1.4003827389969388,-1.968304782476423,-2.250932704575405,2020.0,311.27187001166743,309.303565229191,304.39256537592695,305.7929481149239,10.0,15.0,4556.0,L5,L8,311.27187001166743,309.020937307092,veg→veg,2.6119210461443205,202.0,"{""type"":""MultiPoint"",""coordinates"":[]}",
0000000000000000003c_10,2000.0,Naples,3.348707872869909,0.9824815076352706,0.8336757609526444,2020.0,319.2681284636822,320.2506099713175,312.2743065037914,315.62301437666133,10.0,15.0,345.0,L5,L8,319.2681284636822,320.10180422463486,crop→crop,0.1977859440122455,303.0,"{""type"":""MultiPoint"",""coordinates"":[]}",
0000000000000000003c_11,2000.0,Naples,2.0585086031603055,-0.1120622115836909,-0.3070902243173918,2020.0,306.5734856206935,306.4614234091098,301.7581713495236,303.8166799526839,10.0,15.0,210.0,L5,L8,306.5734856206935,306.2663953963761,wat→wat,0.1203914441813668,404.0,"{""type"":""MultiPoint"",""coordinates"":[]}",
0000000000000000003c_12,2000.0,Naples,2.2157237356033193,0.3356839425383668,0.0261431090145265,2020.0,305.44998081449523,305.7856647570336,300.874582745533,303.09030648113634,10.0,15.0,731.0,L5,L8,305.44998081449523,305.47612392350976,bare→bare,0.4190768842694246,505.0,"{""type"":""MultiPoint"",""coordinates"":[]}",
0000000000000000003d_0,2000.0,Zurich,2.1163933999209235,3.565858612135685,3.565858612135685,2020.0,299.6708939735754,303.2367525857111,296.9514961204222,299.0678895203431,6.0,9.0,1410.0,L5,L8,299.6708939735754,303.2367525857111,veg→imp,0.9318432652845426,201.0,"{""type"":""MultiPoint"",""coordinates"":[]}",
0000000000000000003d_1,2000.0,Zurich,4.164225611430595,5.927443260555208,5.927443260555208,2020.0,300.851162880555,306.77860614111023,297.14755573960883,301.31178135103943,6.0,9.0,112.0,L5,L8,300.851162880555,306.77860614111023,veg→crop,0.0740187558240204,203.0,"{""type"":""MultiPoint"",""coordinates"":[]}",
0000000000000000003d_2,2000.0,Zurich,3.659416501598173,3.911873666398094,3.911873666398094,2020.0,297.67061261498833,301.5824862813864,294.91577691577413,298.5751934173723,6.0,9.0,16.0,L5,L8,297.67061261498833,301.5824862813864,veg→wat,0.01057410797486,204.0,"{""type"":""MultiPoint"",""coordinates"":[]}",
0000000000000000003d_3,2000.0,Zurich,3.978632007954389,4.894962599884877,4.894962599884877,2020.0,301.74047266187887,306.63543526176375,297.61835930855074,301.5969913165051,6.0,9.0,229.0,L5,L8,301.74047266187887,306.63543526176375,crop→imp,0.1513419203901846,301.0,"{""type"":""MultiPoint"",""coordinates"":[]}",
0000000000000000003d_4,2000.0,Zurich,3.275855474300102,3.5200781807844237,3.5200781807844237,2020.0,301.6337007442473,305.1537789250317,297.19093181940053,300.46678729370063,6.0,9.0,263.0,L5,L8,301.6337007442473,305.1537789250317,crop→veg,0.1738118998367622,302.0,"{""type"":""MultiPoint"",""coordinates"":[]}",
0000000000000000003d_5,2000.0,Zurich,2.384986237245585,3.3279583884961426,3.3279583884961426,2020.0,300.72519364929406,304.0531520377902,298.04990866768804,300.4348949049336,6.0,9.0,1037.0,L5,L8,300.72519364929406,304.0531520377902,wat→imp,0.6853343731206175,401.0,"{""type"":""MultiPoint"",""coordinates"":[]}",
0000000000000000003d_6,2000.0,Zurich,3.261106897080822,4.791299693191377,4.791299693191377,2020.0,298.18248837375666,302.97378806694803,296.62074533354973,299.88185223063056,6.0,9.0,5.0,L5,L8,298.18248837375666,302.97378806694803,wat→veg,0.0033044087421437,402.0,"{""type"":""MultiPoint"",""coordinates"":[]}",
0000000000000000003d_7,2000.0,Zurich,0.900633539868295,2.802803598290211,2.802803598290211,2020.0,301.66859483110073,304.47139842939094,299.0696151122901,299.9702486521584,6.0,9.0,3.0,L5,L8,301.66859483110073,304.47139842939094,bare→imp,0.0019826452452862,501.0,"{""type"":""MultiPoint"",""coordinates"":[]}",
0000000000000000003d_8,2000.0,Zurich,2.3979917353738074,3.6219617281045657,3.6219617281045657,2020.0,302.00596718612024,305.6279289142248,299.1295739915938,301.5275657269676,6.0,9.0,128877.0,L5,L8,302.00596718612024,305.6279289142248,imp→imp,85.17245709225249,101.0,"{""type"":""MultiPoint"",""coordinates"":[]}",
0000000000000000003d_9,2000.0,Zurich,2.175225105247194,3.910830140408052,3.910830140408052,2020.0,296.69886320155257,300.6096933419606,294.00505244984174,296.18027755508894,6.0,9.0,11691.0,L5,L8,296.69886320155257,300.6096933419606,veg→veg,7.726368520880558,202.0,"{""type"":""MultiPoint"",""coordinates"":[]}",
0000000000000000003d_10,2000.0,Zurich,4.309184632929657,5.310923974402158,5.310923974402158,2020.0,301.465137793549,306.77606176795115,297.122321591224,301.4315062241537,6.0,9.0,749.0,L5,L8,301.465137793549,306.77606176795115,crop→crop,0.4950004295731365,303.0,"{""type"":""MultiPoint"",""coordinates"":[]}",
0000000000000000003d_11,2000.0,Zurich,1.820681657160435,3.536940730185961,3.536940730185961,2020.0,294.7909177098831,298.32785844006906,292.4961832912045,294.3168649483649,6.0,9.0,6921.0,L5,L8,294.7909177098831,298.32785844006906,wat→wat,4.5739625808754045,404.0,"{""type"":""MultiPoint"",""coordinates"":[]}",
0000000000000000003e_0,2000.0,Geneva,2.3770058179503053,3.574027283123087,3.574027283123087,2020.0,300.46900961849764,304.0430369016207,300.46900961849764,302.84601543644794,6.0,5.0,631.0,L5,L8,300.46900961849764,304.0430369016207,veg→imp,2.2277140335392764,201.0,"{""type"":""MultiPoint"",""coordinates"":[]}",
0000000000000000003e_1,2000.0,Geneva,4.75242355993754,4.794927811342802,4.794927811342802,2020.0,293.16399484525385,297.95892265659666,293.16399484525385,297.9164184051914,6.0,5.0,28.0,L5,L8,293.16399484525385,297.95892265659666,veg→wat,0.0988526037069726,204.0,"{""type"":""MultiPoint"",""coordinates"":[]}",
0000000000000000003e_2,2000.0,Geneva,5.78323126101327,5.78323126101327,5.78323126101327,2020.0,295.1650849476071,300.9483162086204,295.1650849476071,300.9483162086204,6.0,5.0,12.0,L5,L8,295.1650849476071,300.9483162086204,crop→veg,0.0423654015887025,302.0,"{""type"":""MultiPoint"",""coordinates"":[]}",
0000000000000000003e_3,2000.0,Geneva,3.224067852663154,4.257309735983085,4.257309735983085,2020.0,296.3662117161223,300.62352145210536,296.3662117161223,299.59027956878543,6.0,5.0,1090.0,L5,L8,296.3662117161223,300.62352145210536,wat→imp,3.848190644307149,401.0,"{""type"":""MultiPoint"",""coordinates"":[]}",
0000000000000000003e_4,2000.0,Geneva,3.2598586572896124,3.3301429759449093,3.3301429759449093,2020.0,294.1214514809881,297.45159445693304,294.1214514809881,297.38131013827774,6.0,5.0,5.0,L5,L8,294.1214514809881,297.45159445693304,wat→veg,0.0176522506619594,402.0,"{""type"":""MultiPoint"",""coordinates"":[]}",
0000000000000000003e_5,2000.0,Geneva,3.500660750569807,3.622639665940426,3.622639665940426,2020.0,297.8520156741301,301.4746553400705,297.8520156741301,301.3526764246999,6.0,5.0,8.0,L5,L8,297.8520156741301,301.4746553400705,bare→imp,0.028243601059135,501.0,"{""type"":""MultiPoint"",""coordinates"":[]}",
0000000000000000003e_6,2000.0,Geneva,5.326465448795432,5.326465448795432,5.326465448795432,2020.0,292.7188203619029,298.0452858106983,292.7188203619029,298.0452858106983,6.0,5.0,2.0,L5,L8,292.7188203619029,298.0452858106983,bare→veg,0.0070609002647837,502.0,"{""type"":""MultiPoint"",""coordinates"":[]}",
0000000000000000003e_7,2000.0,Geneva,4.9171539129982875,4.9171539129982875,4.9171539129982875,2020.0,292.65284667489425,297.57000058789254,292.65284667489425,297.57000058789254,6.0,5.0,18.0,L5,L8,292.65284667489425,297.57000058789254,bare→wat,0.0635481023830538,504.0,"{""type"":""MultiPoint"",""coordinates"":[]}",
0000000000000000003e_8,2000.0,Geneva,2.8932716505781286,3.944013168176468,3.944013168176468,2020.0,301.5680570702283,305.51207023840476,301.5680570702283,304.4613287208064,6.0,5.0,22794.0,L5,L8,301.5680570702283,305.51207023840476,imp→imp,80.47308031774051,101.0,"{""type"":""MultiPoint"",""coordinates"":[]}",
0000000000000000003e_9,2000.0,Geneva,3.6254874585440007,4.273929605249123,4.273929605249123,2020.0,294.9204487323059,299.194378337555,294.9204487323059,298.5459361908499,6.0,5.0,81.0,L5,L8,294.9204487323059,299.194378337555,veg→veg,0.2859664607237422,202.0,"{""type"":""MultiPoint"",""coordinates"":[]}",
0000000000000000003e_10,2000.0,Geneva,4.01590761377031,5.125631017210424,5.125631017210424,2020.0,291.42999602680675,296.55562704401717,291.42999602680675,295.44590364057706,6.0,5.0,3656.0,L5,L8,291.42999602680675,296.55562704401717,wat→wat,12.907325684024713,404.0,"{""type"":""MultiPoint"",""coordinates"":[]}",
00000000000000000044_0,2000.0,La Paz,3.25573740768732,6.89454762064463,6.89082828641574,2020.0,297.2311701180756,304.12571773872025,295.95949808271007,299.2152354903974,7.0,16.0,28171.0,L5,L8,297.2311701180756,304.12199840449136,veg→imp,1.2172005898698113,201.0,"{""type"":""MultiPoint"",""coordinates"":[]}",
00000000000000000044_1,2000.0,La Paz,3.5215978292936825,7.384929465012078,7.382469376169922,2020.0,295.0745927956711,302.4595222606832,293.40932819043593,296.9309260197296,7.0,16.0,44.0,L5,L8,295.0745927956711,302.457062171841,veg→crop,0.0019011332914795,203.0,"{""type"":""MultiPoint"",""coordinates"":[]}",
00000000000000000044_2,2000.0,La Paz,3.822525933734198,5.79760839896835,5.797558459408322,2020.0,292.6921941452437,298.48980254421207,292.3313973196454,296.1539232533796,7.0,16.0,7120.0,L5,L8,292.6921941452437,298.48975260465204,veg→wat,0.3076379326212437,204.0,"{""type"":""MultiPoint"",""coordinates"":[]}",
00000000000000000044_3,2000.0,La Paz,5.615151059755533,6.75272840364255,6.747412135305012,2020.0,301.9828695947497,308.7355979983922,296.1114025377835,301.726553597539,7.0,16.0,178.0,L5,L8,301.9828695947497,308.7302817300547,veg→bare,0.007690948315531,205.0,"{""type"":""MultiPoint"",""coordinates"":[]}",
00000000000000000044_4,2000.0,La Paz,5.5933754656334145,8.186265385481192,8.186265385481192,2020.0,295.69338069181924,303.87964607730044,293.6802177700501,299.2735932356835,7.0,16.0,24.0,L5,L8,295.69338069181924,303.87964607730044,crop→imp,0.0010369817953525,301.0,"{""type"":""MultiPoint"",""coordinates"":[]}",
00000000000000000044_5,2000.0,La Paz,3.05460465808153,5.62567205882192,5.619896445773691,2020.0,297.7260857644457,303.35175782326763,294.2404796389264,297.2950842970079,7.0,16.0,24.0,L5,L8,297.7260857644457,303.3459822102194,crop→veg,0.0010369817953525,302.0,"{""type"":""MultiPoint"",""coordinates"":[]}",
00000000000000000044_6,2000.0,La Paz,5.275784095124209,9.12025680928656,9.12025680928656,2020.0,290.6348334334477,299.75509024273424,290.5671527843052,295.84293687942943,7.0,16.0,18.0,L5,L8,290.6348334334477,299.75509024273424,wat→imp,0.0007777363465143801,401.0,"{""type"":""MultiPoint"",""coordinates"":[]}",
00000000000000000044_7,2000.0,La Paz,9.170351693856446,11.798373797615284,11.798373797615284,2020.0,282.95042804247703,294.7488018400923,282.83101201343845,292.0013637072949,7.0,16.0,3230.0,L5,L8,282.95042804247703,294.7488018400923,wat→veg,0.1395604666245248,402.0,"{""type"":""MultiPoint"",""coordinates"":[]}",
00000000000000000044_8,2000.0,La Paz,15.390815428004316,16.454356923249293,16.454356923249293,2020.0,275.03597391841765,291.49033084166695,275.0348490213934,290.42566444939774,7.0,16.0,5743.0,L5,L8,275.03597391841765,291.49033084166695,wat→bare,0.2481411021128936,405.0,"{""type"":""MultiPoint"",""coordinates"":[]}",
00000000000000000044_9,2000.0,La Paz,3.9108077847182585,6.663318703709706,6.653868475144293,2020.0,302.59921765062643,309.26253635433613,298.2694031858038,302.18021097052207,7.0,16.0,1239.0,L5,L8,302.59921765062643,309.2530861257707,bare→imp,0.0535341851850731,501.0,"{""type"":""MultiPoint"",""coordinates"":[]}",
00000000000000000044_10,2000.0,La Paz,5.714387218120692,10.998491653589838,10.940580275173602,2020.0,302.6028391897132,313.60133084330306,298.18241256476495,303.89679978288564,7.0,16.0,141.0,L5,L8,302.6028391897132,313.5434194648868,bare→veg,0.0060922680476959,502.0,"{""type"":""MultiPoint"",""coordinates"":[]}",
00000000000000000044_11,2000.0,La Paz,10.607340446472335,12.41447201049209,12.41447201049209,2020.0,287.1758474012224,299.5903194117145,287.12647355722225,297.7338140036946,7.0,16.0,1356.0,L5,L8,287.1758474012224,299.5903194117145,bare→wat,0.0585894714374166,504.0,"{""type"":""MultiPoint"",""coordinates"":[]}",
00000000000000000044_12,2000.0,La Paz,3.3472414167630973,7.1595738340248545,7.156485233036108,2020.0,299.10872583018823,306.2682996642131,297.65064852622737,300.99788994299047,7.0,16.0,97912.0,L5,L8,299.10872583018823,306.26521106322434,imp→imp,4.2305400644397775,101.0,"{""type"":""MultiPoint"",""coordinates"":[]}",
00000000000000000044_13,2000.0,La Paz,2.830200103667835,4.364813428401931,4.364607651151687,2020.0,293.66605172040033,298.03086514880226,293.1447947439097,295.97499484757753,7.0,16.0,2116786.0,L5,L8,293.66605172040033,298.030659371552,veg→veg,91.4611894440438,202.0,"{""type"":""MultiPoint"",""coordinates"":[]}",
00000000000000000044_14,2000.0,La Paz,3.3981100352012845,7.382163524021678,7.34691765061865,2020.0,296.100855560263,303.4830190842847,293.3064506802428,296.7045607154441,7.0,16.0,56.0,L5,L8,296.100855560263,303.4477732108817,crop→crop,0.0024196241891558,303.0,"{""type"":""MultiPoint"",""coordinates"":[]}",
00000000000000000044_15,2000.0,La Paz,5.562964701961505,7.330045775953181,7.330045775953181,2020.0,279.5844347270111,286.9144805029643,279.4520117208102,285.0149764227717,7.0,16.0,19828.0,L5,L8,279.5844347270111,286.9144805029643,wat→wat,0.8567197932603962,404.0,"{""type"":""MultiPoint"",""coordinates"":[]}",
00000000000000000044_16,2000.0,La Paz,9.885940378654311,11.504882467020252,11.502548005873903,2020.0,290.6735195989369,302.17840206595713,289.9125674254234,299.7985078040777,7.0,16.0,32539.0,L5,L8,290.6735195989369,302.1760676048108,bare→bare,1.4059312766239676,505.0,"{""type"":""MultiPoint"",""coordinates"":[]}",
00000000000000000045_0,2000.0,Asuncion,0.1108394410491087,6.88254517997234,6.852585004103844,2020.0,308.89237118318374,315.7749163631561,308.1308095299466,308.2416489709957,5.0,19.0,4196.0,L5,L8,308.89237118318374,315.7449561872876,veg→imp,2.7825487244441205,201.0,"{""type"":""MultiPoint"",""coordinates"":[]}",
00000000000000000045_1,2000.0,Asuncion,-0.918077985479556,6.551210020046881,6.530856051876469,2020.0,309.3441073061281,315.89531732617496,308.6928301141594,307.77475212867984,5.0,19.0,24.0,L5,L8,309.3441073061281,315.87496335800455,veg→crop,0.0159154359834744,203.0,"{""type"":""MultiPoint"",""coordinates"":[]}",
00000000000000000045_2,2000.0,Asuncion,-1.8000938581130868,2.4906945361823887,2.4737429230868315,2020.0,307.385218933631,309.8759134698134,306.1291676278094,304.3290737696963,5.0,19.0,483.0,L5,L8,307.385218933631,309.8589618567178,veg→wat,0.3202981491674238,204.0,"{""type"":""MultiPoint"",""coordinates"":[]}",
00000000000000000045_3,2000.0,Asuncion,0.4250097827195986,4.419854958719952,4.404530883340897,2020.0,306.73973295123886,311.1595879099588,305.10596888969434,305.53097867241394,5.0,19.0,26.0,L5,L8,306.73973295123886,311.14426383457976,veg→bare,0.0172417223154306,205.0,"{""type"":""MultiPoint"",""coordinates"":[]}",
00000000000000000045_4,2000.0,Asuncion,0.1179036603294321,6.230103768410174,6.202114294878925,2020.0,308.1049256405952,314.33502940900536,307.34979185090504,307.46769551123447,5.0,19.0,683.0,L5,L8,308.1049256405952,314.3070399354741,wat→imp,0.4529267823630443,401.0,"{""type"":""MultiPoint"",""coordinates"":[]}",
00000000000000000045_5,2000.0,Asuncion,-1.334193616433765,5.313073173514567,5.290108424082916,2020.0,308.43784952778213,313.7509227012967,307.53153005657055,306.1973364401368,5.0,19.0,1584.0,L5,L8,308.43784952778213,313.72795795186505,wat→veg,1.0504187749093152,402.0,"{""type"":""MultiPoint"",""coordinates"":[]}",
00000000000000000045_6,2000.0,Asuncion,-5.331999430917676,4.363446125046266,4.343383813525236,2020.0,311.5073473475364,315.87079347258265,311.33922222785236,306.0072227969347,5.0,19.0,4.0,L5,L8,311.5073473475364,315.8507311610616,wat→crop,0.0026525726639124,403.0,"{""type"":""MultiPoint"",""coordinates"":[]}",
00000000000000000045_7,2000.0,Asuncion,0.0551238759994703,5.218623143898412,5.206228095763208,2020.0,306.8049620932809,312.0235852371793,305.749483658836,305.8046075348355,5.0,19.0,635.0,L5,L8,306.8049620932809,312.0111901890441,wat→bare,0.4210959103960954,405.0,"{""type"":""MultiPoint"",""coordinates"":[]}",
00000000000000000045_8,2000.0,Asuncion,8.473764624048613,12.53705626765651,12.518772923222857,2020.0,306.85001395714943,319.38707022480594,305.6448985792779,314.1186632033265,5.0,19.0,5.0,L5,L8,306.85001395714943,319.3687868803723,bare→imp,0.0033157158298905,501.0,"{""type"":""MultiPoint"",""coordinates"":[]}",
00000000000000000045_9,2000.0,Asuncion,1.9654100431671395,5.990640221292779,5.982925260900345,2020.0,306.4541975027989,312.44483772409166,305.69093897690817,307.6563490200753,5.0,19.0,13.0,L5,L8,306.4541975027989,312.4371227636992,bare→veg,0.0086208611577153,502.0,"{""type"":""MultiPoint"",""coordinates"":[]}",
00000000000000000045_10,2000.0,Asuncion,,,,2020.0,,,,,5.0,19.0,1.0,L5,L8,,,bare→wat,0.0006631431659781029,504.0,"{""type"":""MultiPoint"",""coordinates"":[]}",
00000000000000000045_11,2000.0,Asuncion,-0.8046416646295711,5.213821981627007,5.187447026766108,2020.0,310.90249526659943,316.11631724822644,310.2856193378566,309.480977673227,5.0,19.0,119890.0,L5,L8,310.90249526659943,316.08994229336554,imp→imp,79.50423416911477,101.0,"{""type"":""MultiPoint"",""coordinates"":[]}",
00000000000000000045_12,2000.0,Asuncion,-1.8810688071487789,5.627445165276185,5.6043582201038475,2020.0,308.47705100696186,314.10449617223804,307.6827117612004,305.8016429540516,5.0,19.0,13782.0,L5,L8,308.47705100696186,314.0814092270657,veg→veg,9.139439113510216,202.0,"{""type"":""MultiPoint"",""coordinates"":[]}",
00000000000000000045_13,2000.0,Asuncion,-0.5791400507422964,2.5204919163036266,2.5030667631792767,2020.0,305.39960789830195,307.9200998146056,304.50961830987626,303.93047825913396,5.0,19.0,9469.0,L5,L8,305.39960789830195,307.9026746614812,wat→wat,6.279302638646657,404.0,"{""type"":""MultiPoint"",""coordinates"":[]}",
00000000000000000045_14,2000.0,Asuncion,-1.0873303589472698,2.21520104789181,2.21520104789181,2020.0,306.40046262987687,308.6156636777687,306.0628635860135,304.97553322706625,5.0,19.0,2.0,L5,L8,306.40046262987687,308.6156636777687,bare→bare,0.0013262863319562,505.0,"{""type"":""MultiPoint"",""coordinates"":[]}",
00000000000000000018_0,2000.0,Hà Nội,8.862079833017276,7.294963912129788,7.289055110785,2020.0,302.9791509168869,310.2741148290167,298.86808045855895,307.7301602915762,13.0,21.0,213641.0,L5,L8,302.9791509168869,310.2682060276719,veg→imp,5.32198957379194,201.0,"{""type"":""MultiPoint"",""coordinates"":[]}",
00000000000000000018_1,2000.0,Hà Nội,7.524945229586194,6.01449933371822,6.004694805721726,2020.0,302.78383208978556,308.7983314235038,298.73693652282174,306.26188175240793,13.0,21.0,35317.0,L5,L8,302.78383208978556,308.7885268955073,veg→crop,0.8797782531331061,203.0,"{""type"":""MultiPoint"",""coordinates"":[]}",
00000000000000000018_2,2000.0,Hà Nội,5.11389495461583,2.7255426094580457,2.718720244539099,2020.0,303.7296511136834,306.45519372314146,299.5597764780349,304.67367143265074,13.0,21.0,40954.0,L5,L8,303.7296511136834,306.4483713582225,veg→wat,1.020200996087245,204.0,"{""type"":""MultiPoint"",""coordinates"":[]}",
00000000000000000018_3,2000.0,Hà Nội,6.209357671837893,3.803134904223157,3.7994607254489665,2020.0,303.5297155470854,307.33285045130856,299.436386069768,305.6457437416059,13.0,21.0,339.0,L5,L8,303.5297155470854,307.32917627253437,veg→bare,0.0084447950792004,205.0,"{""type"":""MultiPoint"",""coordinates"":[]}",
00000000000000000018_4,2000.0,Hà Nội,9.51227226605755,7.52114910844324,7.50830583406173,2020.0,302.90537730095843,310.4265264094017,298.91987121993503,308.4321434859926,13.0,21.0,233948.0,L5,L8,302.90537730095843,310.41368313502016,crop→imp,5.827855218845992,301.0,"{""type"":""MultiPoint"",""coordinates"":[]}",
00000000000000000018_5,2000.0,Hà Nội,7.543658012825119,5.520537085516878,5.5133898791002025,2020.0,302.86023153957433,308.3807686250912,298.90156804473116,306.4452260575563,13.0,21.0,363430.0,L5,L8,302.86023153957433,308.37362141867453,crop→veg,9.053368364701557,302.0,"{""type"":""MultiPoint"",""coordinates"":[]}",
00000000000000000018_6,2000.0,Hà Nội,6.313277098199535,3.723711246742426,3.7132224119305306,2020.0,302.896229472322,306.6199407190644,298.869655752523,305.1829328507225,13.0,21.0,104742.0,L5,L8,302.896229472322,306.6094518842525,crop→wat,2.6092174813734976,304.0,"{""type"":""MultiPoint"",""coordinates"":[]}",
00000000000000000018_7,2000.0,Hà Nội,7.32173088664257,4.578195068589309,4.567027883367871,2020.0,302.64825958953537,307.2264546581247,298.4750214057723,305.79675229241485,13.0,21.0,1495.0,L5,L8,302.64825958953537,307.21528747290324,crop→bare,0.0372417954082734,305.0,"{""type"":""MultiPoint"",""coordinates"":[]}",
00000000000000000018_8,2000.0,Hà Nội,8.800815327073394,6.7041078546055815,6.696840327450332,2020.0,303.2009537689441,309.90506162354967,299.3338478868353,308.1346632139087,13.0,21.0,38449.0,L5,L8,303.2009537689441,309.8977940963944,wat→imp,0.9577991917409406,401.0,"{""type"":""MultiPoint"",""coordinates"":[]}",
00000000000000000018_9,2000.0,Hà Nội,7.727580934339869,5.782410986366074,5.776269112147361,2020.0,302.6106887772179,308.39309976358396,298.62755561877,306.35513655310984,13.0,21.0,60785.0,L5,L8,302.6106887772179,308.38695788936525,wat→veg,1.5142090527705032,402.0,"{""type"":""MultiPoint"",""coordinates"":[]}",
00000000000000000018_10,2000.0,Hà Nội,7.810006752122547,6.0169847313212586,6.000704603016288,2020.0,302.03568447993973,308.052669211261,298.3724669345352,306.1824736866578,13.0,21.0,16418.0,L5,L8,302.03568447993973,308.036389082956,wat→crop,0.4089871551926646,403.0,"{""type"":""MultiPoint"",""coordinates"":[]}",
00000000000000000018_11,2000.0,Hà Nội,7.455105664532823,5.017395841394034,5.0133993989785495,2020.0,302.78665970964255,307.8040555510366,298.6653571626661,306.12046282719893,13.0,21.0,1445.0,L5,L8,302.78665970964255,307.8000591086211,wat→bare,0.0359962504113412,405.0,"{""type"":""MultiPoint"",""coordinates"":[]}",
00000000000000000018_12,2000.0,Hà Nội,9.146202564780026,7.156369773145855,7.156369773145855,2020.0,302.6457796853098,309.80214945845563,299.054754924063,308.200957488843,13.0,21.0,127.0,L5,L8,302.6457796853098,309.80214945845563,bare→imp,0.0031636842922078,501.0,"{""type"":""MultiPoint"",""coordinates"":[]}",
00000000000000000018_13,2000.0,Hà Nội,7.482400800060418,5.518879373825257,5.518879373825257,2020.0,303.79672173476666,309.3156011085919,299.3527276647498,306.8351284648102,13.0,21.0,155.0,L5,L8,303.79672173476666,309.3156011085919,bare→veg,0.0038611894904898,502.0,"{""type"":""MultiPoint"",""coordinates"":[]}",
00000000000000000018_14,2000.0,Hà Nội,5.922490533235475,2.133192371551729,2.133192371551729,2020.0,304.6355692106433,306.76876158219505,299.52389562522575,305.4463861584612,13.0,21.0,72.0,L5,L8,304.6355692106433,306.76876158219505,bare→crop,0.0017935847955824,503.0,"{""type"":""MultiPoint"",""coordinates"":[]}",
00000000000000000018_15,2000.0,Hà Nội,3.794473212138257,2.1084769795945135,2.1015172566338265,2020.0,303.132026587871,305.2405035674655,299.71794863695453,303.5124218490928,13.0,21.0,679.0,L5,L8,303.132026587871,305.2335438445048,bare→wat,0.0169145010583395,504.0,"{""type"":""MultiPoint"",""coordinates"":[]}",
00000000000000000018_16,2000.0,Hà Nội,9.185441371795092,7.221567663340977,7.212864522909001,2020.0,304.2500659698298,311.47163363317077,300.103142283696,309.2885836554911,13.0,21.0,945357.0,L5,L8,304.2500659698298,311.4629304927388,imp→imp,23.549693633297107,101.0,"{""type"":""MultiPoint"",""coordinates"":[]}",
00000000000000000018_17,2000.0,Hà Nội,7.4904458514038765,5.973884938804247,5.972149770829162,2020.0,301.9325094155795,307.90639435438374,297.8900745972966,305.38052044870045,13.0,21.0,724325.0,L5,L8,301.9325094155795,307.90465918640865,veg→veg,18.043587598058643,202.0,"{""type"":""MultiPoint"",""coordinates"":[]}",
00000000000000000018_18,2000.0,Hà Nội,6.927723837739848,4.916040516357953,4.894888905321579,2020.0,303.0240227819905,307.94006329834843,298.9107477771251,305.83847161486494,13.0,21.0,1038528.0,L5,L8,303.0240227819905,307.91891168731206,crop→crop,25.87066709148055,303.0,"{""type"":""MultiPoint"",""coordinates"":[]}",
00000000000000000018_19,2000.0,Hà Nội,6.171124212207928,3.921158716615821,3.917316811387593,2020.0,301.5781333205403,305.4992920371561,297.64488077655994,303.8160049887679,13.0,21.0,194057.0,L5,L8,301.5781333205403,305.4954501319279,wat→wat,4.834134509393527,404.0,"{""type"":""MultiPoint"",""coordinates"":[]}",
00000000000000000018_20,2000.0,Hà Nội,7.2005989978289335,3.809240795265964,3.787400849825587,2020.0,303.25758239261165,307.0668231878776,298.2318034938652,305.4324024916941,13.0,21.0,44.0,L5,L8,303.25758239261165,307.04498324243724,bare→bare,0.0010960795973003,505.0,"{""type"":""MultiPoint"",""coordinates"":[]}",
00000000000000000046_0,2000.0,Montevideo,4.2969816674969366,9.291977075430452,8.97361412354212,2020.0,303.84165508953146,313.1336321649619,300.93145426822605,305.228435935723,7.0,17.0,51936.0,L5,L8,303.84165508953146,312.8152692130736,veg→imp,7.224249977744147,201.0,"{""type"":""MultiPoint"",""coordinates"":[]}",
00000000000000000046_1,2000.0,Montevideo,4.728736316734739,10.354352570985782,9.8469629880056,2020.0,304.4508438804375,314.8051964514233,301.37324700563886,306.1019833223736,7.0,17.0,15075.0,L5,L8,304.4508438804375,314.2978068684431,veg→crop,2.09691867711208,203.0,"{""type"":""MultiPoint"",""coordinates"":[]}",
00000000000000000046_2,2000.0,Montevideo,3.186894787550443,7.347778620925851,6.886171156534488,2020.0,300.9048420252377,308.25262064616356,298.56727832630804,301.7541731138585,7.0,17.0,874.0,L5,L8,300.9048420252377,307.7910131817722,veg→wat,0.12157259859343,204.0,"{""type"":""MultiPoint"",""coordinates"":[]}",
00000000000000000046_3,2000.0,Montevideo,2.894690318785308,7.407349483188057,7.01547491206918,2020.0,301.63995997959273,309.0473094627808,299.2409641963558,302.1356545151411,7.0,17.0,2.0,L5,L8,301.63995997959273,308.6554348916619,veg→bare,0.00027819816611768895,205.0,"{""type"":""MultiPoint"",""coordinates"":[]}",
00000000000000000046_4,2000.0,Montevideo,4.050395187954223,9.493678865751749,9.054785345468304,2020.0,304.9131418224628,314.40682068821457,302.0552084586107,306.10560364656493,7.0,17.0,2710.0,L5,L8,304.9131418224628,313.9679271679311,crop→imp,0.3769585150894685,301.0,"{""type"":""MultiPoint"",""coordinates"":[]}",
00000000000000000046_5,2000.0,Montevideo,2.998211566689747,8.410773750716203,8.03416429474106,2020.0,305.1327990729856,313.5435728237018,302.20935007231253,305.2075616390023,7.0,17.0,10337.0,L5,L8,305.1327990729856,313.1669633677267,crop→veg,1.4378672215792754,302.0,"{""type"":""MultiPoint"",""coordinates"":[]}",
00000000000000000046_6,2000.0,Montevideo,2.2707868262805846,3.1535275081594136,3.1535275081594136,2020.0,305.8038591230345,308.9573866311939,301.537836591109,303.8086234173896,7.0,17.0,2.0,L5,L8,305.8038591230345,308.9573866311939,crop→wat,0.00027819816611768895,304.0,"{""type"":""MultiPoint"",""coordinates"":[]}",
00000000000000000046_7,2000.0,Montevideo,8.109528258975274,11.991867098066225,11.924516981460386,2020.0,298.7436858776334,310.73555297569965,296.24044212159623,304.3499703805715,7.0,17.0,1131.0,L5,L8,298.7436858776334,310.6682028590938,wat→imp,0.157321062939553,401.0,"{""type"":""MultiPoint"",""coordinates"":[]}",
00000000000000000046_8,2000.0,Montevideo,4.032268451003915,8.481357823145174,8.077420404704299,2020.0,299.80854793940307,308.28990576254824,297.82451873436526,301.85678718536917,7.0,17.0,755.0,L5,L8,299.80854793940307,307.88596834410737,wat→veg,0.1050198077094275,402.0,"{""type"":""MultiPoint"",""coordinates"":[]}",
00000000000000000046_9,2000.0,Montevideo,2.988327762376798,7.688897137749734,7.54268040139084,2020.0,297.4950235296079,305.18392066735765,296.5456123938559,299.5339401562327,7.0,17.0,9.0,L5,L8,297.4950235296079,305.03770393099876,wat→bare,0.0012518917475296,405.0,"{""type"":""MultiPoint"",""coordinates"":[]}",
00000000000000000046_10,2000.0,Montevideo,8.885759371911547,12.213633317914857,12.08671179993911,2020.0,300.2545983699536,312.46823168786847,298.164374622006,307.05013399391754,7.0,17.0,97.0,L5,L8,300.2545983699536,312.3413101698927,bare→imp,0.0134926110567079,501.0,"{""type"":""MultiPoint"",""coordinates"":[]}",
00000000000000000046_11,2000.0,Montevideo,5.53025989608625,9.45453291317824,9.27154870629289,2020.0,303.3567502153414,312.8112831285196,299.9828333389791,305.51309323506536,7.0,17.0,3.0,L5,L8,303.3567502153414,312.62829892163427,bare→veg,0.0004172972491765334,502.0,"{""type"":""MultiPoint"",""coordinates"":[]}",
00000000000000000046_12,2000.0,Montevideo,3.343487194752925,6.777730375401063,6.325179269218836,2020.0,301.18428391916046,307.9620142945615,298.2997655562435,301.64325275099645,7.0,17.0,64.0,L5,L8,301.18428391916046,307.5094631883793,bare→wat,0.008902341315766,504.0,"{""type"":""MultiPoint"",""coordinates"":[]}",
00000000000000000046_13,2000.0,Montevideo,5.277392863846956,9.775779079983296,9.648275003602691,2020.0,303.05915624670496,312.83493532668825,300.9271428768943,306.2045357407413,7.0,17.0,336447.0,L5,L8,303.05915624670496,312.70743125030765,imp→imp,46.79946919789904,101.0,"{""type"":""MultiPoint"",""coordinates"":[]}",
00000000000000000046_14,2000.0,Montevideo,3.531672517966115,8.67965653772302,8.254460489131588,2020.0,303.43840402147924,312.11806055920226,300.34897828387574,303.88065080184185,7.0,17.0,279079.0,L5,L8,303.43840402147924,311.69286451061083,veg→veg,38.81963300097926,202.0,"{""type"":""MultiPoint"",""coordinates"":[]}",
00000000000000000046_15,2000.0,Montevideo,4.522241586931443,10.56801624033335,9.906622462065968,2020.0,305.07326753536523,315.6412837756986,302.360664827914,306.8829064148454,7.0,17.0,11461.0,L5,L8,305.07326753536523,314.9798899974312,crop→crop,1.5942145909374164,303.0,"{""type"":""MultiPoint"",""coordinates"":[]}",
00000000000000000046_16,2000.0,Montevideo,3.754281222291468,7.012439399736991,6.275857955041545,2020.0,297.49738161564,304.509821015377,295.5256835459251,299.2799647682166,7.0,17.0,5351.0,L5,L8,297.49738161564,303.77323957068154,wat→wat,0.7443191934478768,404.0,"{""type"":""MultiPoint"",""coordinates"":[]}",
00000000000000000046_17,2000.0,Montevideo,3.7077174099554218,6.296344903023737,6.1412133871349965,2020.0,297.31507873021764,303.6114236332414,295.3541692820074,299.0618866919628,7.0,17.0,3579.0,L5,L8,297.31507873021764,303.45629211735263,bare→bare,0.4978356182676044,505.0,"{""type"":""MultiPoint"",""coordinates"":[]}",
0000000000000000004a_0,2000.0,Fianarantsoa,8.51786805803988,13.175577075108263,13.175577075108263,2020.0,297.9310385713007,311.10661564640895,297.9310385713007,306.44890662934057,2.0,10.0,5881.0,L5,L8,297.9310385713007,311.10661564640895,veg→imp,5.673026836185442,201.0,"{""type"":""MultiPoint"",""coordinates"":[]}",
0000000000000000004a_1,2000.0,Fianarantsoa,,,,2020.0,,309.4213367715362,,305.61675743483136,2.0,10.0,1619.0,L5,L8,,309.4213367715362,veg→crop,1.561746377790211,203.0,"{""type"":""MultiPoint"",""coordinates"":[]}",
0000000000000000004a_2,2000.0,Fianarantsoa,,,,2020.0,,309.1091388516067,,305.48017671165326,2.0,10.0,458.0,L5,L8,,309.1091388516067,veg→wat,0.4418034842667799,204.0,"{""type"":""MultiPoint"",""coordinates"":[]}",
0000000000000000004a_3,2000.0,Fianarantsoa,,,,2020.0,,309.1731372079239,,305.01142415259653,2.0,10.0,195.0,L5,L8,,309.1731372079239,crop→imp,0.1881041035633669,301.0,"{""type"":""MultiPoint"",""coordinates"":[]}",
0000000000000000004a_4,2000.0,Fianarantsoa,,,,2020.0,,310.62875260878303,,307.53328979898896,2.0,10.0,215.0,L5,L8,,310.62875260878303,crop→veg,0.2073968321339687,302.0,"{""type"":""MultiPoint"",""coordinates"":[]}",
0000000000000000004a_5,2000.0,Fianarantsoa,,,,2020.0,,307.9642917401977,,304.5738796791493,2.0,10.0,3.0,L5,L8,,307.9642917401977,crop→wat,0.0028939092855902,304.0,"{""type"":""MultiPoint"",""coordinates"":[]}",
0000000000000000004a_6,2000.0,Fianarantsoa,,,,2020.0,,308.7619428683973,,305.86351179616776,2.0,10.0,6.0,L5,L8,,308.7619428683973,wat→imp,0.0057878185711805,401.0,"{""type"":""MultiPoint"",""coordinates"":[]}",
0000000000000000004a_7,2000.0,Fianarantsoa,,,,2020.0,,308.8424707092973,,305.6716789215639,2.0,10.0,40.0,L5,L8,,308.8424707092973,wat→veg,0.0385854571412034,402.0,"{""type"":""MultiPoint"",""coordinates"":[]}",
0000000000000000004a_8,2000.0,Fianarantsoa,,,,2020.0,,308.1766358569158,,305.1072091623761,2.0,10.0,163.0,L5,L8,,308.1766358569158,wat→crop,0.1572357378504041,403.0,"{""type"":""MultiPoint"",""coordinates"":[]}",
0000000000000000004a_9,2000.0,Fianarantsoa,,,,2020.0,,307.1832826407763,,305.35510398511457,2.0,10.0,2.0,L5,L8,,307.1832826407763,wat→bare,0.0019292728570601,405.0,"{""type"":""MultiPoint"",""coordinates"":[]}",
0000000000000000004a_10,2000.0,Fianarantsoa,9.485177901759355,13.192804156142188,13.192804156142188,2020.0,298.1471694646034,311.3399736207456,298.1471694646034,307.63234736636275,2.0,10.0,23906.0,L5,L8,298.1471694646034,311.3399736207456,imp→imp,23.06059846044026,101.0,"{""type"":""MultiPoint"",""coordinates"":[]}",
0000000000000000004a_11,2000.0,Fianarantsoa,7.978950477917408,12.855043419407025,12.855043419407025,2020.0,297.6395485133424,310.4945919327494,297.6395485133424,305.6184989912598,2.0,10.0,66417.0,L5,L8,297.6395485133424,310.4945919327494,veg→veg,64.0682576736828,202.0,"{""type"":""MultiPoint"",""coordinates"":[]}",
0000000000000000004a_12,2000.0,Fianarantsoa,,,,2020.0,,309.6760100454087,,305.54568164277555,2.0,10.0,4616.0,L5,L8,,309.6760100454087,crop→crop,4.452761754094882,303.0,"{""type"":""MultiPoint"",""coordinates"":[]}",
0000000000000000004a_13,2000.0,Fianarantsoa,,,,2020.0,,308.5287425841888,,304.8920825932234,2.0,10.0,145.0,L5,L8,,308.5287425841888,wat→wat,0.1398722821368626,404.0,"{""type"":""MultiPoint"",""coordinates"":[]}",
00000000000000000007_0,2000.0,London,3.2646819004016265,4.228009025736412,4.228009025736412,2020.0,306.032478988616,310.2604880143524,300.1003528222006,303.3650347226022,7.0,9.0,182772.0,L5,L8,306.032478988616,310.2604880143524,veg→imp,6.434949522973262,201.0,"{""type"":""MultiPoint"",""coordinates"":[]}",
00000000000000000007_1,2000.0,London,4.581811277417046,8.188200964680561,8.188200964680561,2020.0,302.93056297031876,311.1187639349993,298.73780340400236,303.3196146814194,7.0,9.0,9974.0,L5,L8,302.93056297031876,311.1187639349993,veg→crop,0.3511598414534792,203.0,"{""type"":""MultiPoint"",""coordinates"":[]}",
00000000000000000007_2,2000.0,London,1.4382867116504483,3.870159835108325,3.870159835108325,2020.0,301.51443098897556,305.3845908240839,297.6627472581969,299.1010339698473,7.0,9.0,987.0,L5,L8,301.51443098897556,305.3845908240839,veg→wat,0.0347498258987952,204.0,"{""type"":""MultiPoint"",""coordinates"":[]}",
00000000000000000007_3,2000.0,London,-4.884129402477242,-1.8438485084810168,-1.8438485084810168,2020.0,310.2214186232002,308.37757011471916,304.1527393297868,299.26860992730957,7.0,9.0,9.0,L5,L8,310.2214186232002,308.37757011471916,veg→bare,0.0003168677133628748,205.0,"{""type"":""MultiPoint"",""coordinates"":[]}",
00000000000000000007_4,2000.0,London,4.411280679548327,7.631754550756398,7.631754550756398,2020.0,302.9201148318823,310.5518693826387,298.8442061687156,303.2554868482639,7.0,9.0,11266.0,L5,L8,302.9201148318823,310.5518693826387,crop→imp,0.3966479620829052,301.0,"{""type"":""MultiPoint"",""coordinates"":[]}",
00000000000000000007_5,2000.0,London,4.498759273716303,8.738358192426745,8.738358192426745,2020.0,302.4880799333816,311.22643812580833,298.77069156194716,303.26945083566346,7.0,9.0,18666.0,L5,L8,302.4880799333816,311.22643812580833,crop→veg,0.6571836375146023,302.0,"{""type"":""MultiPoint"",""coordinates"":[]}",
00000000000000000007_6,2000.0,London,2.227872949904736,7.27008946188505,7.27008946188505,2020.0,298.76021913854277,306.0303086004278,297.7856468038436,300.0135197537483,7.0,9.0,131.0,L5,L8,298.76021913854277,306.0303086004278,crop→wat,0.0046121856056151,304.0,"{""type"":""MultiPoint"",""coordinates"":[]}",
00000000000000000007_7,2000.0,London,1.8971409002306243,2.611678099130586,2.611678099130586,2020.0,303.3759549361499,305.9876330352805,298.4273019052185,300.3244428054491,7.0,9.0,17142.0,L5,L8,303.3759549361499,305.9876330352805,wat→imp,0.6035273713851554,401.0,"{""type"":""MultiPoint"",""coordinates"":[]}",
00000000000000000007_8,2000.0,London,2.940936716453507,5.047313493559159,5.047313493559159,2020.0,300.4875749042377,305.53488839779686,296.87807501635245,299.81901173280596,7.0,9.0,372.0,L5,L8,300.4875749042377,305.53488839779686,wat→veg,0.0130971988189988,402.0,"{""type"":""MultiPoint"",""coordinates"":[]}",
00000000000000000007_9,2000.0,London,4.304164091288442,6.820967734702265,6.820967734702265,2020.0,301.82439558415746,308.6453633188597,297.34711355497024,301.6512776462587,7.0,9.0,197.0,L5,L8,301.82439558415746,308.6453633188597,wat→crop,0.0069358821702762,403.0,"{""type"":""MultiPoint"",""coordinates"":[]}",
00000000000000000007_10,2000.0,London,1.688098660726439,3.7845502189535978,3.7845502189535978,2020.0,297.8113034092,301.5958536281536,294.91764325100684,296.6057419117333,7.0,9.0,9.0,L5,L8,297.8113034092,301.5958536281536,wat→bare,0.0003168677133628748,405.0,"{""type"":""MultiPoint"",""coordinates"":[]}",
00000000000000000007_11,2000.0,London,2.3941121371951795,3.347455392461427,3.347455392461427,2020.0,303.4120246773237,306.7594800697851,298.1573490681327,300.5514612053279,7.0,9.0,188.0,L5,L8,303.4120246773237,306.7594800697851,bare→imp,0.0066190144569133,501.0,"{""type"":""MultiPoint"",""coordinates"":[]}",
00000000000000000007_12,2000.0,London,0.2609232709529578,-0.7850787460566835,-0.7850787460566835,2020.0,315.92073649464214,315.13565774858546,308.1646188333576,308.4255421043106,7.0,9.0,45.0,L5,L8,315.92073649464214,315.13565774858546,bare→veg,0.0015843385668143,502.0,"{""type"":""MultiPoint"",""coordinates"":[]}",
00000000000000000007_13,2000.0,London,4.5276485637559745,6.031177095878377,6.031177095878377,2020.0,305.0451338759444,311.07631097182275,300.8647655727125,305.39241413646846,7.0,9.0,1.0,L5,L8,305.0451338759444,311.07631097182275,bare→crop,3.5207523706986086e-05,503.0,"{""type"":""MultiPoint"",""coordinates"":[]}",
00000000000000000007_14,2000.0,London,-0.0757005814198805,1.9422650029815711,1.9422650029815711,2020.0,301.67822081270805,303.6204858156896,297.4773314356672,297.40163085424734,7.0,9.0,31.0,L5,L8,301.67822081270805,303.6204858156896,bare→wat,0.0010914332349165,504.0,"{""type"":""MultiPoint"",""coordinates"":[]}",
00000000000000000007_15,2000.0,London,3.1517427623327308,3.399276943638654,3.399276943638654,2020.0,308.37561272977416,311.7748896734128,301.5988197268057,304.7505624891384,7.0,9.0,2285575.0,L5,L8,308.37561272977416,311.7748896734128,imp→imp,80.46943599659473,101.0,"{""type"":""MultiPoint"",""coordinates"":[]}",
00000000000000000007_16,2000.0,London,4.355205914179976,6.826845369422017,6.826845369422017,2020.0,302.523319268748,309.35016463817004,297.9424585985352,302.2976645127152,7.0,9.0,212577.0,L5,L8,302.523319268748,309.35016463817004,veg→veg,7.484309767059982,202.0,"{""type"":""MultiPoint"",""coordinates"":[]}",
00000000000000000007_17,2000.0,London,4.744303831882291,9.554073802087771,9.554073802087771,2020.0,301.6070045572689,311.1610783593567,298.32140578604833,303.0657096179306,7.0,9.0,55541.0,L5,L8,301.6070045572689,311.1610783593567,crop→crop,1.9554610742097145,303.0,"{""type"":""MultiPoint"",""coordinates"":[]}",
00000000000000000007_18,2000.0,London,1.1152120090915787,3.1172540685481636,3.1172540685481636,2020.0,296.67372347942353,299.7909775479717,294.2882838748177,295.4034958839093,7.0,9.0,44819.0,L5,L8,296.67372347942353,299.7909775479717,wat→wat,1.5779660050234097,404.0,"{""type"":""MultiPoint"",""coordinates"":[]}",
00000000000000000013_0,2000.0,Tehran,-0.3603921298268346,-0.2947471861405688,-0.7725239029851991,2020.0,322.29469568989293,321.99994850375236,317.90620424178627,317.54581211195944,7.0,16.0,34650.0,L5,L8,322.29469568989293,321.52217178690773,veg→imp,3.9926346549165297,201.0,"{""type"":""MultiPoint"",""coordinates"":[]}",
00000000000000000013_1,2000.0,Tehran,2.0484980546569886,2.948566424503781,2.3313535226223507,2020.0,322.67617574379375,325.62474216829753,318.43486295462475,320.48336100928174,7.0,16.0,5589.0,L5,L8,322.67617574379375,325.0075292664161,veg→crop,0.6440067845982246,203.0,"{""type"":""MultiPoint"",""coordinates"":[]}",
00000000000000000013_2,2000.0,Tehran,-6.392823457453687,-7.316958726784094,-7.556501127197691,2020.0,319.9291660969912,312.6122073702071,315.47059648510896,309.07777302765527,7.0,16.0,44.0,L5,L8,319.9291660969912,312.3726649697935,veg→wat,0.0050700122602114,204.0,"{""type"":""MultiPoint"",""coordinates"":[]}",
00000000000000000013_3,2000.0,Tehran,4.01628302409091,6.77124716780412,5.634706955232502,2020.0,321.65881030668726,328.4300574744914,318.25111880704685,322.26740183113776,7.0,16.0,103.0,L5,L8,321.65881030668726,327.29351726191976,veg→bare,0.0118684377909495,205.0,"{""type"":""MultiPoint"",""coordinates"":[]}",
00000000000000000013_4,2000.0,Tehran,2.577608454910944,2.853241484484613,2.139295657470825,2020.0,318.9069050535387,321.7601465380233,314.12289767864877,316.7005061335597,7.0,16.0,5157.0,L5,L8,318.9069050535387,321.04620071100953,crop→imp,0.5942284824070575,301.0,"{""type"":""MultiPoint"",""coordinates"":[]}",
00000000000000000013_5,2000.0,Tehran,4.643025521325399,5.732271037894179,4.754175481120171,2020.0,320.53521502300146,326.26748606089564,315.7549818100603,320.3980073313857,7.0,16.0,1134.0,L5,L8,320.53521502300146,325.2893905041216,crop→veg,0.1306680432518136,302.0,"{""type"":""MultiPoint"",""coordinates"":[]}",
00000000000000000013_6,2000.0,Tehran,-10.77995022078062,-13.118698783001207,-13.164274414725128,2020.0,319.73543406433936,306.61673528133815,314.663128148854,303.8831779280734,7.0,16.0,1375.0,L5,L8,319.73543406433936,306.57115964961423,crop→wat,0.1584378831316083,304.0,"{""type"":""MultiPoint"",""coordinates"":[]}",
00000000000000000013_7,2000.0,Tehran,7.909504472570347,8.346428990246409,6.931323367557695,2020.0,320.4678914439207,328.8143204341671,313.95025702785193,321.8597615004223,7.0,16.0,218.0,L5,L8,320.4678914439207,327.3992148114784,crop→bare,0.0251196061983204,305.0,"{""type"":""MultiPoint"",""coordinates"":[]}",
00000000000000000013_8,2000.0,Tehran,2.438262710407628,3.0347664269846746,2.571892822458153,2020.0,311.52444331532627,314.55920974231094,308.38936402340335,310.827626733811,7.0,16.0,106.0,L5,L8,311.52444331532627,314.0963361377844,wat→imp,0.0122141204450548,401.0,"{""type"":""MultiPoint"",""coordinates"":[]}",
00000000000000000013_9,2000.0,Tehran,3.006770960187737,3.4481148081839024,3.348674835604527,2020.0,314.7777400122911,318.225854820475,311.2483232806533,314.25509424084106,7.0,16.0,3.0,L5,L8,314.7777400122911,318.1264148478956,wat→bare,0.00034568265410532724,405.0,"{""type"":""MultiPoint"",""coordinates"":[]}",
00000000000000000013_10,2000.0,Tehran,-1.1809170125559945,-0.4919571742410653,-1.135565655738219,2020.0,325.0420804598866,324.55012328564555,320.68420997125696,319.50329295870097,7.0,16.0,21852.0,L5,L8,325.0420804598866,323.9065148041484,bare→imp,2.5179524525032035,501.0,"{""type"":""MultiPoint"",""coordinates"":[]}",
00000000000000000013_11,2000.0,Tehran,-2.08493070446292,-0.4410189807339861,-1.309152910266505,2020.0,324.5201083480809,324.0790893673469,320.53596936375436,318.45103865929144,7.0,16.0,287.0,L5,L8,324.5201083480809,323.2109554378144,bare→veg,0.0330703072427429,502.0,"{""type"":""MultiPoint"",""coordinates"":[]}",
00000000000000000013_12,2000.0,Tehran,0.8928513308911761,3.7255895809632302,2.5318349660908552,2020.0,324.2525589555076,327.9781485364708,320.70993433663045,321.60278566752163,7.0,16.0,46.0,L5,L8,324.2525589555076,326.78439392159845,bare→crop,0.0053004673629483,503.0,"{""type"":""MultiPoint"",""coordinates"":[]}",
00000000000000000013_13,2000.0,Tehran,-11.333386812651495,-12.661025676893814,-12.78799255507613,2020.0,322.864594121426,310.2035684445322,318.44723029974665,307.11384348709515,7.0,16.0,159.0,L5,L8,322.864594121426,310.0766015663499,bare→wat,0.0183211806675823,504.0,"{""type"":""MultiPoint"",""coordinates"":[]}",
00000000000000000013_14,2000.0,Tehran,-1.1295875059042828,-1.249602143539903,-1.6147271382523058,2020.0,320.4969756145154,319.2473734709755,316.2943281994073,315.164740693503,7.0,16.0,731731.0,L5,L8,320.4969756145154,318.8822484762631,imp→imp,84.31557139038173,101.0,"{""type"":""MultiPoint"",""coordinates"":[]}",
00000000000000000013_15,2000.0,Tehran,1.0847430344891222,1.7392958700437475,1.1486233655486444,2020.0,322.9135946582382,324.65289052828194,318.73738605990854,319.82212909439767,7.0,16.0,48060.0,L5,L8,322.9135946582382,324.06221802378684,veg→veg,5.537836118767342,202.0,"{""type"":""MultiPoint"",""coordinates"":[]}",
00000000000000000013_16,2000.0,Tehran,4.590246596651582,6.106045289285419,5.189439830994047,2020.0,318.5686342863241,324.6746795756095,313.94249513572805,318.53274173237963,7.0,16.0,5172.0,L5,L8,318.5686342863241,323.75807411731813,crop→crop,0.5959568956775841,303.0,"{""type"":""MultiPoint"",""coordinates"":[]}",
00000000000000000013_17,2000.0,Tehran,2.245490932597761,2.769051855814155,2.3191390488688626,2020.0,309.60572354555126,312.3747754013654,306.7136522835667,308.9591432161645,7.0,16.0,350.0,L5,L8,309.60572354555126,311.9248625944201,wat→wat,0.0403296429789548,404.0,"{""type"":""MultiPoint"",""coordinates"":[]}",
00000000000000000013_18,2000.0,Tehran,1.9595137390731452,4.205614856833961,3.1302564344503025,2020.0,324.70876150697893,328.9143763638129,320.8469072444541,322.80642098352723,7.0,16.0,11812.0,L5,L8,324.70876150697893,327.83901794142923,bare→bare,1.3610678367640416,505.0,"{""type"":""MultiPoint"",""coordinates"":[]}",
00000000000000000015_0,2000.0,Cairo,-3.5744044053452058,-6.006441114253846,-6.006441114253846,2020.0,324.5821530262565,318.57571191200265,319.5617286161331,315.9873242107879,14.0,18.0,56.0,L5,L8,324.5821530262565,318.57571191200265,imp→veg,0.0014488606522046,102.0,"{""type"":""MultiPoint"",""coordinates"":[]}",
00000000000000000015_1,2000.0,Cairo,-2.076674266089128,-4.43994533177414,-4.4868475943339945,2020.0,326.0376830537424,321.59773772196826,320.8103174798922,318.7336432138031,14.0,18.0,37.0,L5,L8,326.0376830537424,321.5508354594084,imp→bare,0.0009572829309209114,105.0,"{""type"":""MultiPoint"",""coordinates"":[]}",
00000000000000000015_2,2000.0,Cairo,-0.3813033867970716,-3.4263275719962394,-3.627420929898335,2020.0,323.47449373151346,320.0481661595172,317.1358820081959,316.7545786213988,14.0,18.0,16483.0,L5,L8,323.47449373151346,319.8470728016151,veg→imp,0.4264566094694427,201.0,"{""type"":""MultiPoint"",""coordinates"":[]}",
00000000000000000015_3,2000.0,Cairo,-1.194937835705673,-3.461744794583524,-3.8830511365327425,2020.0,321.1591106100556,317.6973658154721,315.8028849870773,314.6079471513716,14.0,18.0,671.0,L5,L8,321.1591106100556,317.2760594735229,veg→crop,0.0173604553148089,203.0,"{""type"":""MultiPoint"",""coordinates"":[]}",
00000000000000000015_4,2000.0,Cairo,-0.6487272921785916,-1.6131697417878854,-1.9219565920420791,2020.0,313.1449665870156,311.5317968452277,309.2319311023321,308.5832038101535,14.0,18.0,315.0,L5,L8,313.1449665870156,311.2230099949735,veg→wat,0.008149841168651,204.0,"{""type"":""MultiPoint"",""coordinates"":[]}",
00000000000000000015_5,2000.0,Cairo,0.5258092814896713,-2.466746784802581,-2.706670337057176,2020.0,324.1577901254144,321.6910433406118,317.5682391362663,318.09404841775597,14.0,18.0,20728.0,L5,L8,324.1577901254144,321.45111978835723,veg→bare,0.5362854214088825,205.0,"{""type"":""MultiPoint"",""coordinates"":[]}",
00000000000000000015_6,2000.0,Cairo,2.220413065515345,-0.3420547249540391,-0.3843445000783276,2020.0,317.93684930839083,317.5947945834368,313.0888889698041,315.30930203531943,14.0,18.0,2470.0,L5,L8,317.93684930839083,317.5525048083125,crop→imp,0.0639051037668824,301.0,"{""type"":""MultiPoint"",""coordinates"":[]}",
00000000000000000015_7,2000.0,Cairo,2.556831628870839,-0.0089942530211715,-0.1307330004154892,2020.0,317.5009038513931,317.49190959837193,312.64280304773797,315.1996346766088,14.0,18.0,1358.0,L5,L8,317.5009038513931,317.3701708509776,crop→veg,0.035134870815962,302.0,"{""type"":""MultiPoint"",""coordinates"":[]}",
00000000000000000015_8,2000.0,Cairo,0.4861649082427561,-0.5686419485421084,-0.5966437702361418,2020.0,310.0031606476432,309.4345186991011,306.21537817241335,306.7015430806561,14.0,18.0,373.0,L5,L8,310.0031606476432,309.40651687740706,crop→wat,0.0096504468441486,304.0,"{""type"":""MultiPoint"",""coordinates"":[]}",
00000000000000000015_9,2000.0,Cairo,3.3478672554698505,-0.3097494459312315,-0.3936207855342672,2020.0,321.7374434353874,321.42769398945615,315.8232999400788,319.17116719554866,14.0,18.0,1152.0,L5,L8,321.7374434353874,321.3438226498531,crop→bare,0.0298051334167808,305.0,"{""type"":""MultiPoint"",""coordinates"":[]}",
00000000000000000015_10,2000.0,Cairo,1.831149139328545,0.5931418765077296,0.1335041172368392,2020.0,312.0595443637933,312.652686240301,307.67596646528733,309.5071156046159,14.0,18.0,613.0,L5,L8,312.0595443637933,312.19304848103013,wat→imp,0.0158598496393113,401.0,"{""type"":""MultiPoint"",""coordinates"":[]}",
00000000000000000015_11,2000.0,Cairo,1.5725997675040162,0.9478659279354248,0.6351542403256758,2020.0,309.2889778466263,310.23684377456175,305.7779221006106,307.35052186811464,14.0,18.0,306.0,L5,L8,309.2889778466263,309.924132086952,wat→veg,0.0079169885638324,402.0,"{""type"":""MultiPoint"",""coordinates"":[]}",
00000000000000000015_12,2000.0,Cairo,-2.934447040626708,-3.6174238853628258,-3.6735034256901145,2020.0,313.4549037233607,309.8374798379979,310.2963600491986,307.3619130085719,14.0,18.0,117.0,L5,L8,313.4549037233607,309.7814002976706,wat→crop,0.0030270838626418,403.0,"{""type"":""MultiPoint"",""coordinates"":[]}",
00000000000000000015_13,2000.0,Cairo,3.6320251429428936,1.4513402548253111,1.0968708541221872,2020.0,317.25877673636995,318.71011699119526,311.94187481894494,315.57389996188783,14.0,18.0,148.0,L5,L8,317.25877673636995,318.35564759049214,wat→bare,0.0038291317236836,405.0,"{""type"":""MultiPoint"",""coordinates"":[]}",
00000000000000000015_14,2000.0,Cairo,-2.8820516969342975,-4.682295588279828,-4.700548128865989,2020.0,326.6560739070015,321.97377831872166,321.9681648907557,319.0861131938214,14.0,18.0,391227.0,L5,L8,326.6560739070015,321.9555257781355,bare→imp,10.122025113929604,501.0,"{""type"":""MultiPoint"",""coordinates"":[]}",
00000000000000000015_15,2000.0,Cairo,-3.39543580397725,-5.392520744208639,-5.447758738857374,2020.0,326.808091096462,321.4155703522534,321.8447377987405,318.44930199476323,14.0,18.0,24447.0,L5,L8,326.808091096462,321.36033235760465,bare→veg,0.6325052922222573,502.0,"{""type"":""MultiPoint"",""coordinates"":[]}",
00000000000000000015_16,2000.0,Cairo,-7.567144285579104,-9.760847019811765,-9.777572725837956,2020.0,327.42574967293575,317.664902653124,322.67291316582543,315.10576888024633,14.0,18.0,4330.0,L5,L8,327.42574967293575,317.6481769470978,bare→crop,0.1120279754293931,503.0,"{""type"":""MultiPoint"",""coordinates"":[]}",
00000000000000000015_17,2000.0,Cairo,-10.506640172286268,-11.52441595594098,-11.581728431688587,2020.0,325.52746455015796,314.003048594217,321.41030103277586,310.9036608604896,14.0,18.0,1184.0,L5,L8,325.52746455015796,313.94573611846937,bare→wat,0.0306330537894691,504.0,"{""type"":""MultiPoint"",""coordinates"":[]}",
00000000000000000015_18,2000.0,Cairo,-1.129222414239848,-3.743995038935452,-3.8329250715877943,2020.0,324.71102889810743,320.967033859172,319.03968513690376,317.9104627226639,14.0,18.0,400307.0,L5,L8,324.71102889810743,320.87810382651963,imp→imp,10.356947519679927,101.0,"{""type"":""MultiPoint"",""coordinates"":[]}",
00000000000000000015_19,2000.0,Cairo,0.4096639275051075,-2.605809973867281,-2.8193011339913028,2020.0,323.48778819331847,320.8819782194512,317.1351956917098,317.5448596192149,14.0,18.0,25932.0,L5,L8,323.48778819331847,320.66848705932716,veg→veg,0.6709259720173264,202.0,"{""type"":""MultiPoint"",""coordinates"":[]}",
00000000000000000015_20,2000.0,Cairo,0.4906612699911648,-1.253362902853553,-1.377396289873161,2020.0,315.5983955998231,314.34503269696955,311.22205858438724,311.7127198543784,14.0,18.0,2659.0,L5,L8,315.5983955998231,314.22099930994995,crop→crop,0.068795008468073,303.0,"{""type"":""MultiPoint"",""coordinates"":[]}",
00000000000000000015_21,2000.0,Cairo,1.2298988853623882,0.9290286179527244,0.7420212803381219,2020.0,307.4236538356455,308.3526824535982,304.28523752230694,305.51513640766933,14.0,18.0,9665.0,L5,L8,307.4236538356455,308.1656751159836,wat→wat,0.2500578250635299,404.0,"{""type"":""MultiPoint"",""coordinates"":[]}",
00000000000000000015_22,2000.0,Cairo,-1.3265678854149314,-2.217892368108835,-2.2341852508600937,2020.0,326.04619540953246,323.8283030414236,322.00965774892654,320.6830898635116,14.0,18.0,2960528.0,L5,L8,326.04619540953246,323.81201015867236,bare→bare,76.59629515982228,505.0,"{""type"":""MultiPoint"",""coordinates"":[]}",
00000000000000000026_0,2000.0,Belgrade,-2.698558126724379,-4.900612194908433,-4.900612194908433,2020.0,313.42922545084525,308.5286132559368,306.90178181246847,304.2032236857441,9.0,10.0,29382.0,L5,L8,313.42922545084525,308.5286132559368,veg→imp,4.842513650574948,201.0,"{""type"":""MultiPoint"",""coordinates"":[]}",
00000000000000000026_1,2000.0,Belgrade,-3.563075414705281,-4.816420749274357,-4.816420749274357,2020.0,314.30281094130436,309.48639019203,308.10430835822666,304.5412329435214,9.0,10.0,6639.0,L5,L8,314.30281094130436,309.48639019203,veg→crop,1.0941885551074493,203.0,"{""type"":""MultiPoint"",""coordinates"":[]}",
00000000000000000026_2,2000.0,Belgrade,-1.003145495967999,-3.2833301293204045,-3.2833301293204045,2020.0,306.6364575802143,303.3531274508939,301.20680251075277,300.20365701478477,9.0,10.0,679.0,L5,L8,306.6364575802143,303.3531274508939,veg→wat,0.1119075205479677,204.0,"{""type"":""MultiPoint"",""coordinates"":[]}",
00000000000000000026_3,2000.0,Belgrade,-0.5400716630753095,-0.994530949046748,-0.994530949046748,2020.0,304.8666182293726,303.87208728032584,300.89905883091063,300.3589871678353,9.0,10.0,3.0,L5,L8,304.8666182293726,303.87208728032584,veg→bare,0.0004944367623621552,205.0,"{""type"":""MultiPoint"",""coordinates"":[]}",
00000000000000000026_4,2000.0,Belgrade,-4.165495775528825,-5.108946275169387,-5.108946275169387,2020.0,315.4569391172568,310.3479928420874,309.83518109415405,305.6696853186252,9.0,10.0,18050.0,L5,L8,315.4569391172568,310.3479928420874,crop→imp,2.974861186878967,301.0,"{""type"":""MultiPoint"",""coordinates"":[]}",
00000000000000000026_5,2000.0,Belgrade,-6.887990590883987,-9.86733496500932,-9.867386949280387,2020.0,317.4027529228213,307.535417957812,310.09098437177494,303.20299378089095,9.0,10.0,14977.0,L5,L8,317.4027529228213,307.53536597354093,crop→veg,2.4683931299659996,302.0,"{""type"":""MultiPoint"",""coordinates"":[]}",
00000000000000000026_6,2000.0,Belgrade,-3.0342314012108886,-5.825663299928522,-5.825663299928522,2020.0,308.4744250623118,302.6487617623833,303.1456356702541,300.1114042690432,9.0,10.0,32.0,L5,L8,308.4744250623118,302.6487617623833,crop→wat,0.0052739921318629,304.0,"{""type"":""MultiPoint"",""coordinates"":[]}",
00000000000000000026_7,2000.0,Belgrade,0.5797921453623189,-0.1350144666285473,-0.1350144666285473,2020.0,305.6679172856561,305.5329028190275,301.65702889573566,302.236821041098,9.0,10.0,3738.0,L5,L8,305.6679172856561,305.5329028190275,wat→imp,0.6160682059032453,401.0,"{""type"":""MultiPoint"",""coordinates"":[]}",
00000000000000000026_8,2000.0,Belgrade,-0.2760686815034887,-1.5577277961858158,-1.5577277961858158,2020.0,305.0401233203356,303.4823955241498,300.5396473082259,300.2635786267224,9.0,10.0,1017.0,L5,L8,305.0401233203356,303.4823955241498,wat→veg,0.1676140624407706,402.0,"{""type"":""MultiPoint"",""coordinates"":[]}",
00000000000000000026_9,2000.0,Belgrade,0.4358442093048325,1.1737636183313498,1.1737636183313498,2020.0,306.95289801008647,308.1266616284178,303.1140884647418,303.54993267404666,9.0,10.0,50.0,L5,L8,306.95289801008647,308.1266616284178,wat→crop,0.0082406127060359,403.0,"{""type"":""MultiPoint"",""coordinates"":[]}",
00000000000000000026_10,2000.0,Belgrade,2.1814804277976805,1.3405784234498697,1.3405784234498697,2020.0,302.5238346589832,303.8644130824331,298.43946061221897,300.62094104001665,9.0,10.0,10.0,L5,L8,302.5238346589832,303.8644130824331,wat→bare,0.0016481225412071,405.0,"{""type"":""MultiPoint"",""coordinates"":[]}",
00000000000000000026_11,2000.0,Belgrade,-2.5474648180377244,-1.4352699575931638,-1.4352699575931638,2020.0,308.1624651207073,306.7271951631141,304.6704614683494,302.1229966503117,9.0,10.0,5.0,L5,L8,308.1624651207073,306.7271951631141,bare→imp,0.0008240612706035919,501.0,"{""type"":""MultiPoint"",""coordinates"":[]}",
00000000000000000026_12,2000.0,Belgrade,,,,2020.0,,,,,9.0,10.0,2.0,L5,L8,,,bare→wat,0.00032962450824143677,504.0,"{""type"":""MultiPoint"",""coordinates"":[]}",
00000000000000000026_13,2000.0,Belgrade,-1.680709787726812,-2.875337355390741,-2.875337355390741,2020.0,314.0331516501914,311.1578142948007,308.30160388948775,306.62089410176094,9.0,10.0,281805.0,L5,L8,314.0331516501914,311.1578142948007,imp→imp,46.44491727248904,101.0,"{""type"":""MultiPoint"",""coordinates"":[]}",
00000000000000000026_14,2000.0,Belgrade,-2.5100558541309397,-5.285287377716941,-5.285287377716941,2020.0,310.75046439669535,305.4651770189784,303.99378481654435,301.4837289624134,9.0,10.0,103561.0,L5,L8,310.75046439669535,305.4651770189784,veg→veg,17.068121848995716,202.0,"{""type"":""MultiPoint"",""coordinates"":[]}",
00000000000000000026_15,2000.0,Belgrade,-5.392243364708349,-6.166879062856083,-6.166879062856083,2020.0,315.8015851510613,309.63470608820523,310.04142481768974,304.6491814529814,9.0,10.0,107464.0,L5,L8,315.8015851510613,309.63470608820523,crop→crop,17.71138407682888,303.0,"{""type"":""MultiPoint"",""coordinates"":[]}",
00000000000000000026_16,2000.0,Belgrade,1.126568185973042,0.3486714454772368,0.3486714454772368,2020.0,299.61266471127476,299.961336156752,296.5734191389013,297.6999873248743,9.0,10.0,39336.0,L5,L8,299.61266471127476,299.961336156752,wat→wat,6.483054828092579,404.0,"{""type"":""MultiPoint"",""coordinates"":[]}",
00000000000000000026_17,2000.0,Belgrade,-0.8948652695490864,-0.6424288665838276,-0.6424288665838276,2020.0,304.6669069272081,304.0244780606243,300.7976633954766,299.9027981259275,9.0,10.0,1.0,L5,L8,304.6669069272081,304.0244780606243,bare→bare,0.0001648122541207184,505.0,"{""type"":""MultiPoint"",""coordinates"":[]}",
0000000000000000002f_0,2000.0,Washington,4.566171645830764,7.774590411677366,7.774590411677366,2020.0,304.1859979723964,311.9605883840738,302.07168383188554,306.6378554777163,6.0,6.0,2735.0,L5,L8,304.1859979723964,311.9605883840738,veg→imp,1.08724170555825,201.0,"{""type"":""MultiPoint"",""coordinates"":[]}",
0000000000000000002f_1,2000.0,Washington,5.519082036158011,8.377433178296144,8.377433178296144,2020.0,301.26965674773635,309.6470899260325,299.03442387884564,304.55350591500365,6.0,6.0,105.0,L5,L8,301.26965674773635,309.6470899260325,veg→crop,0.0417405407983971,203.0,"{""type"":""MultiPoint"",""coordinates"":[]}",
0000000000000000002f_2,2000.0,Washington,3.848873120599137,6.425336413956018,6.425336413956018,2020.0,301.6517096209239,308.0770460348799,299.83797201472646,303.6868451353256,6.0,6.0,244.0,L5,L8,301.6517096209239,308.0770460348799,veg→wat,0.0969970662362753,204.0,"{""type"":""MultiPoint"",""coordinates"":[]}",
0000000000000000002f_3,2000.0,Washington,2.669032894464351,6.097459590366157,6.097459590366157,2020.0,304.5868141810105,310.68427377137664,302.6547400294572,305.3237729239215,6.0,6.0,239.0,L5,L8,304.5868141810105,310.68427377137664,crop→imp,0.0950094214363516,301.0,"{""type"":""MultiPoint"",""coordinates"":[]}",
0000000000000000002f_4,2000.0,Washington,0.5140172522495163,2.9021556107366564,2.9021556107366564,2020.0,305.86442939096736,308.766585001704,303.7124211072715,304.226438359521,6.0,6.0,49.0,L5,L8,305.86442939096736,308.766585001704,crop→veg,0.019478919039252,302.0,"{""type"":""MultiPoint"",""coordinates"":[]}",
0000000000000000002f_5,2000.0,Washington,4.175174292063787,6.686780773985049,6.686780773985049,2020.0,303.0439845333515,309.7307653073365,301.0555506020038,305.2307248940676,6.0,6.0,1712.0,L5,L8,303.0439845333515,309.7307653073365,wat→imp,0.6805695794938661,401.0,"{""type"":""MultiPoint"",""coordinates"":[]}",
0000000000000000002f_6,2000.0,Washington,3.7582528742605064,6.2021991698355805,6.2021991698355805,2020.0,301.6612255586589,307.86342472849446,300.0898053851176,303.8480582593781,6.0,6.0,340.0,L5,L8,301.6612255586589,307.86342472849446,wat→veg,0.1351598463948098,402.0,"{""type"":""MultiPoint"",""coordinates"":[]}",
0000000000000000002f_7,2000.0,Washington,2.5507928860338325,6.396774577168458,6.396774577168458,2020.0,303.6431098418482,310.03988441901663,302.898025643935,305.44881852996883,6.0,6.0,1.0,L5,L8,303.6431098418482,310.03988441901663,wat→bare,0.0003975289599847349,405.0,"{""type"":""MultiPoint"",""coordinates"":[]}",
0000000000000000002f_8,2000.0,Washington,4.36312246584788,5.6818144875497865,5.6818144875497865,2020.0,303.2747387350026,308.9565532225524,301.1940315161883,305.5571539820362,6.0,6.0,2.0,L5,L8,303.2747387350026,308.9565532225524,bare→imp,0.0007950579199694698,501.0,"{""type"":""MultiPoint"",""coordinates"":[]}",
0000000000000000002f_9,2000.0,Washington,4.106439028076522,6.9967041754654815,6.9967041754654815,2020.0,301.64715729205045,308.64386146751593,300.0417192487508,304.1481582768273,6.0,6.0,5.0,L5,L8,301.64715729205045,308.64386146751593,bare→wat,0.0019876447999236,504.0,"{""type"":""MultiPoint"",""coordinates"":[]}",
0000000000000000002f_10,2000.0,Washington,2.8410685140594865,7.063951957832785,7.063951957832785,2020.0,307.24165395931817,314.30560591715096,305.4214211097478,308.2624896238073,6.0,6.0,206047.0,L5,L8,307.24165395931817,314.30560591715096,imp→imp,81.90964961797467,101.0,"{""type"":""MultiPoint"",""coordinates"":[]}",
0000000000000000002f_11,2000.0,Washington,2.8081376177211723,6.543337469218443,6.543337469218443,2020.0,299.4846953178319,306.02803278705034,298.4803310484129,301.28846866613407,6.0,6.0,15697.0,L5,L8,299.4846953178319,306.02803278705034,veg→veg,6.240012084880384,202.0,"{""type"":""MultiPoint"",""coordinates"":[]}",
0000000000000000002f_12,2000.0,Washington,2.54434097425775,5.651138755048237,5.651138755048237,2020.0,304.3277944499498,309.97893320499804,302.45161678452155,304.9959577587793,6.0,6.0,1858.0,L5,L8,304.3277944499498,309.97893320499804,crop→crop,0.7386088076516374,303.0,"{""type"":""MultiPoint"",""coordinates"":[]}",
0000000000000000002f_13,2000.0,Washington,4.340946675014891,6.310630313623335,6.310630313623335,2020.0,300.2948943272233,306.6055246408466,298.13581999639536,302.47676667141025,6.0,6.0,11498.0,L5,L8,300.2948943272233,306.6055246408466,wat→wat,4.570787981904481,404.0,"{""type"":""MultiPoint"",""coordinates"":[]}",
0000000000000000002f_14,2000.0,Washington,3.313345309614874,5.451428480048833,5.451428480048833,2020.0,299.6437294054888,305.0951578855376,298.5128503120181,301.82619562163296,6.0,6.0,11022.0,L5,L8,299.6437294054888,305.0951578855376,bare→bare,4.381564196951748,505.0,"{""type"":""MultiPoint"",""coordinates"":[]}",
0000000000000000004c_0,,Luanda,,,,,,,,,,,,,,,,NO_DATA,,,"{""type"":""MultiPoint"",""coordinates"":[]}",Insufficient LST imagery
00000000000000000037_0,2000.0,Guadalajara,8.168388323890497,15.797178939508797,15.797178939508797,2020.0,300.8510450466903,316.64822398619907,299.021726031399,307.1901143552895,4.0,5.0,778.0,L5,L8,300.8510450466903,316.64822398619907,veg→imp,0.4286406911142454,201.0,"{""type"":""MultiPoint"",""coordinates"":[]}",
00000000000000000037_1,2000.0,Guadalajara,6.693160861213585,19.31453091830531,19.31453091830531,2020.0,306.59025602767724,325.90478694598255,303.7709289114201,310.4640897726337,4.0,5.0,19.0,L5,L8,306.59025602767724,325.90478694598255,veg→crop,0.0104680888575458,203.0,"{""type"":""MultiPoint"",""coordinates"":[]}",
00000000000000000037_2,2000.0,Guadalajara,4.436163700044915,9.340958956865336,9.340958956865336,2020.0,301.34473717593676,310.6856961328021,298.49123015778423,302.92739385782914,4.0,5.0,60.0,L5,L8,301.34473717593676,310.6856961328021,veg→wat,0.0330571227080394,204.0,"{""type"":""MultiPoint"",""coordinates"":[]}",
00000000000000000037_3,2000.0,Guadalajara,10.010765167437626,16.67053980573354,16.67053980573354,2020.0,300.30802236732444,316.978562173058,299.42232726280133,309.43309243023896,4.0,5.0,129.0,L5,L8,300.30802236732444,316.978562173058,crop→imp,0.0710728138222849,301.0,"{""type"":""MultiPoint"",""coordinates"":[]}",
00000000000000000037_4,2000.0,Guadalajara,8.003664730341598,17.607655614376313,17.607655614376313,2020.0,300.1292928552244,317.7369484696007,299.38641433204447,307.39007906238606,4.0,5.0,6.0,L5,L8,300.1292928552244,317.7369484696007,crop→veg,0.0033057122708039,302.0,"{""type"":""MultiPoint"",""coordinates"":[]}",
00000000000000000037_5,2000.0,Guadalajara,3.728213617910967,11.057508938647686,11.057508938647686,2020.0,299.9432257339335,311.0007346725812,298.8508502110938,302.5790638290048,4.0,5.0,1.0,L5,L8,299.9432257339335,311.0007346725812,crop→wat,0.0005509520451339915,304.0,"{""type"":""MultiPoint"",""coordinates"":[]}",
00000000000000000037_6,2000.0,Guadalajara,9.237808787825829,15.607220142471988,15.607220142471988,2020.0,298.1668167767178,313.77403691918977,296.8971883073387,306.1349970951645,4.0,5.0,53.0,L5,L8,298.1668167767178,313.77403691918977,wat→imp,0.0292004583921015,401.0,"{""type"":""MultiPoint"",""coordinates"":[]}",
00000000000000000037_7,2000.0,Guadalajara,6.42573629501311,12.8745303266183,12.8745303266183,2020.0,300.4052941470452,313.2798244736635,297.70712351459883,304.13285980961194,4.0,5.0,25.0,L5,L8,300.4052941470452,313.2798244736635,wat→veg,0.0137738011283497,402.0,"{""type"":""MultiPoint"",""coordinates"":[]}",
00000000000000000037_8,2000.0,Guadalajara,7.223737873919731,15.659685247463583,15.659685247463583,2020.0,298.53599597559963,314.1956812230632,297.70272468026815,304.9264625541879,4.0,5.0,1.0,L5,L8,298.53599597559963,314.1956812230632,wat→crop,0.0005509520451339915,403.0,"{""type"":""MultiPoint"",""coordinates"":[]}",
00000000000000000037_9,2000.0,Guadalajara,7.29114935739824,12.612990923174095,12.612990923174095,2020.0,306.85963417491905,319.47262509809315,304.6476116694997,311.93876102689796,4.0,5.0,168605.0,L5,L8,306.85963417491905,319.47262509809315,imp→imp,92.89326956981664,101.0,"{""type"":""MultiPoint"",""coordinates"":[]}",
00000000000000000037_10,2000.0,Guadalajara,7.514186541101708,14.885221436073492,14.885221436073492,2020.0,301.05757632109567,315.94279775716916,298.1156813399012,305.6298678810029,4.0,5.0,11657.0,L5,L8,301.05757632109567,315.94279775716916,veg→veg,6.42244799012694,202.0,"{""type"":""MultiPoint"",""coordinates"":[]}",
00000000000000000037_11,2000.0,Guadalajara,6.550839602073836,11.539260948310982,11.539260948310982,2020.0,300.8289991378899,312.3682600862009,299.2201430581212,305.77098266019505,4.0,5.0,91.0,L5,L8,300.8289991378899,312.3682600862009,crop→crop,0.0501366361071932,303.0,"{""type"":""MultiPoint"",""coordinates"":[]}",
00000000000000000037_12,2000.0,Guadalajara,5.13696855171105,11.433512715942072,11.433512715942072,2020.0,300.08843824648244,311.5219509624245,298.0774446801922,303.2144132319032,4.0,5.0,79.0,L5,L8,300.08843824648244,311.5219509624245,wat→wat,0.0435252115655853,404.0,"{""type"":""MultiPoint"",""coordinates"":[]}",
00000000000000000038_0,2000.0,Monterrey,0.29989926790455,1.78478049341237,1.78478049341237,2020.0,312.96900693893326,314.75378743234563,310.5419423681315,310.84184163603607,5.0,6.0,26867.0,L5,L8,312.96900693893326,314.75378743234563,veg→imp,6.7344109928286935,201.0,"{""type"":""MultiPoint"",""coordinates"":[]}",
00000000000000000038_1,2000.0,Monterrey,-3.010169201641702,-3.9131388278771055,-3.9131388278771055,2020.0,316.99052026306646,313.07738143518935,312.4741600094248,309.4639908077831,5.0,6.0,39.0,L5,L8,316.99052026306646,313.07738143518935,veg→crop,0.0097756366070018,203.0,"{""type"":""MultiPoint"",""coordinates"":[]}",
00000000000000000038_2,2000.0,Monterrey,1.3734434302174918,1.7161598895488055,1.7161598895488055,2020.0,304.33742014859666,306.05358003814547,302.7381116936215,304.11155512383897,5.0,6.0,135.0,L5,L8,304.33742014859666,306.05358003814547,veg→wat,0.0338387421011602,204.0,"{""type"":""MultiPoint"",""coordinates"":[]}",
00000000000000000038_3,2000.0,Monterrey,-0.3860169088629277,0.97408748634831,0.97408748634831,2020.0,315.7129564420035,316.6870439283518,312.60304913040693,312.217032221544,5.0,6.0,37.0,L5,L8,315.7129564420035,316.6870439283518,veg→bare,0.0092743219092068,205.0,"{""type"":""MultiPoint"",""coordinates"":[]}",
00000000000000000038_4,2000.0,Monterrey,-0.1385935446141388,-0.2261219154988794,-0.2261219154988794,2020.0,314.1549376619669,313.92881574646805,310.7714474236146,310.63285387900044,5.0,6.0,27.0,L5,L8,314.1549376619669,313.92881574646805,crop→imp,0.006767748420232,301.0,"{""type"":""MultiPoint"",""coordinates"":[]}",
00000000000000000038_5,2000.0,Monterrey,2.297652689263998,5.669004128056486,5.669004128056486,2020.0,309.1084758112515,314.77747993930797,308.19200906737206,310.48966175663605,5.0,6.0,38.0,L5,L8,309.1084758112515,314.77747993930797,wat→imp,0.0095249792581043,401.0,"{""type"":""MultiPoint"",""coordinates"":[]}",
00000000000000000038_6,2000.0,Monterrey,0.9863843340667132,1.412440744979449,1.412440744979449,2020.0,303.9800988453585,305.39253959033795,302.8311548431901,303.81753917725683,5.0,6.0,36.0,L5,L8,303.9800988453585,305.39253959033795,wat→veg,0.0090236645603094,402.0,"{""type"":""MultiPoint"",""coordinates"":[]}",
00000000000000000038_7,2000.0,Monterrey,6.403102139505506,9.10502124270431,9.10502124270431,2020.0,311.9431753789583,321.0481966216626,308.92873909738915,315.33184123689466,5.0,6.0,31.0,L5,L8,311.9431753789583,321.0481966216626,bare→imp,0.0077703778158219,501.0,"{""type"":""MultiPoint"",""coordinates"":[]}",
00000000000000000038_8,2000.0,Monterrey,-0.3067057006466598,2.06993343032849,2.06993343032849,2020.0,314.94234554052366,317.01227897085215,313.2285949767779,312.92188927613125,5.0,6.0,215951.0,L5,L8,314.94234554052366,317.01227897085215,imp→imp,54.12970515176049,101.0,"{""type"":""MultiPoint"",""coordinates"":[]}",
00000000000000000038_9,2000.0,Monterrey,-1.1733177696091843,0.0929242501201201,0.0929242501201201,2020.0,305.801666927998,305.8945911781181,304.67421006923394,303.50089229962475,5.0,6.0,155679.0,L5,L8,305.801666927998,305.8945911781181,veg→veg,39.02208541901136,202.0,"{""type"":""MultiPoint"",""coordinates"":[]}",
00000000000000000038_10,2000.0,Monterrey,1.204075109566304,1.6180214403792093,1.6180214403792093,2020.0,304.54485545376497,306.1628768941442,303.00545753103194,304.20953264059824,5.0,6.0,111.0,L5,L8,304.54485545376497,306.1628768941442,wat→wat,0.0278229657276206,404.0,"{""type"":""MultiPoint"",""coordinates"":[]}",
0000000000000000001c_0,2000.0,Tashkent,-0.8102079507845588,2.685826661868873,2.685817752004425,2020.0,315.95055666136915,318.636383323238,314.40360984426206,313.5934018934775,10.0,24.0,39801.0,L5,L8,315.95055666136915,318.6363744133736,veg→imp,4.242534712229065,201.0,"{""type"":""MultiPoint"",""coordinates"":[]}",
0000000000000000001c_1,2000.0,Tashkent,-0.2305917860288673,2.519400570739208,2.519400570739208,2020.0,314.8119814846921,317.33138205543133,312.70223734589297,312.4716455598641,10.0,24.0,12092.0,L5,L8,314.8119814846921,317.33138205543133,veg→crop,1.2889306736080466,203.0,"{""type"":""MultiPoint"",""coordinates"":[]}",
0000000000000000001c_2,2000.0,Tashkent,-2.206842379200282,-0.9791235532757696,-0.9791235532757696,2020.0,310.6332275684818,309.65410401520603,308.7341723425653,306.527329963365,10.0,24.0,3051.0,L5,L8,310.6332275684818,309.65410401520603,veg→wat,0.3252172911989869,204.0,"{""type"":""MultiPoint"",""coordinates"":[]}",
0000000000000000001c_3,2000.0,Tashkent,-1.0941454813328733,2.3380145573955815,2.3380145573955815,2020.0,317.89170935029483,320.2297239076904,316.67245715429544,315.57831167296257,10.0,24.0,690.0,L5,L8,317.89170935029483,320.2297239076904,veg→bare,0.0735496332111769,205.0,"{""type"":""MultiPoint"",""coordinates"":[]}",
0000000000000000001c_4,2000.0,Tashkent,2.314314437628866,3.9792811195841296,3.977220953190056,2020.0,315.1046091907568,319.0838903103409,311.6146356900562,313.9289501276851,10.0,24.0,44809.0,L5,L8,315.1046091907568,319.08183014394683,crop→imp,4.7763558182023615,301.0,"{""type"":""MultiPoint"",""coordinates"":[]}",
0000000000000000001c_5,2000.0,Tashkent,1.1869355785432845,3.016500120881915,3.0164865084261123,2020.0,315.07040678051106,318.086906901393,311.62991401847955,312.81684959702284,10.0,24.0,5346.0,L5,L8,315.07040678051106,318.0868932889372,crop→veg,0.5698497668796408,302.0,"{""type"":""MultiPoint"",""coordinates"":[]}",
0000000000000000001c_6,2000.0,Tashkent,-4.298732279219507,-5.391651453186455,-5.391651453186455,2020.0,312.8636176093229,307.47196615613643,309.20382240387073,304.9050901246512,10.0,24.0,891.0,L5,L8,312.8636176093229,307.47196615613643,crop→wat,0.0949749611466068,304.0,"{""type"":""MultiPoint"",""coordinates"":[]}",
0000000000000000001c_7,2000.0,Tashkent,3.7635681978151183,6.999243950096741,6.999243950096741,2020.0,312.64018628191684,319.6394302320136,311.1969167770671,314.9604849748822,10.0,24.0,55.0,L5,L8,312.64018628191684,319.6394302320136,crop→bare,0.00586265192263,305.0,"{""type"":""MultiPoint"",""coordinates"":[]}",
0000000000000000001c_8,2000.0,Tashkent,4.434326771363203,7.168412370124258,7.168412370124258,2020.0,308.61439666104775,315.782809031172,306.8505189761866,311.2848457475498,10.0,24.0,502.0,L5,L8,308.61439666104775,315.782809031172,wat→imp,0.0535100230029142,401.0,"{""type"":""MultiPoint"",""coordinates"":[]}",
0000000000000000001c_9,2000.0,Tashkent,5.132765850444173,7.607041502718516,7.607041502718516,2020.0,306.9676594154745,314.574700918193,305.19840036538164,310.3311662158258,10.0,24.0,1080.0,L5,L8,306.9676594154745,314.574700918193,wat→veg,0.11512116502619,402.0,"{""type"":""MultiPoint"",""coordinates"":[]}",
0000000000000000001c_10,2000.0,Tashkent,1.2433034312227278,2.358768019439651,2.358768019439651,2020.0,307.5169070975337,309.87567511697335,305.6884691807758,306.93177261199855,10.0,24.0,365.0,L5,L8,307.5169070975337,309.87567511697335,wat→crop,0.0389066900319994,403.0,"{""type"":""MultiPoint"",""coordinates"":[]}",
0000000000000000001c_11,2000.0,Tashkent,12.731775762617872,16.32437380051283,16.32437380051283,2020.0,303.30635116294843,319.63072496346126,302.02684108579723,314.7586168484151,10.0,24.0,147.0,L5,L8,303.30635116294843,319.63072496346126,wat→bare,0.0156692696841203,405.0,"{""type"":""MultiPoint"",""coordinates"":[]}",
0000000000000000001c_12,2000.0,Tashkent,2.479972125671168,6.458205060574528,6.458205060574528,2020.0,319.4545585250643,325.9127635856388,318.6524158590219,321.1323879846931,10.0,24.0,20.0,L5,L8,319.4545585250643,325.9127635856388,bare→imp,0.0021318734264109,501.0,"{""type"":""MultiPoint"",""coordinates"":[]}",
0000000000000000001c_13,2000.0,Tashkent,1.6187230431671082,4.380627120801023,4.380627120801023,2020.0,316.23695918354406,320.6175863043451,314.1114122226169,315.730135265784,10.0,24.0,11.0,L5,L8,316.23695918354406,320.6175863043451,bare→veg,0.001172530384526,502.0,"{""type"":""MultiPoint"",""coordinates"":[]}",
0000000000000000001c_14,2000.0,Tashkent,-0.56351623227647,-0.6898287846009907,-0.6898287846009907,2020.0,305.49972505073896,304.80989626613797,303.9729003393642,303.4093841070877,10.0,24.0,11.0,L5,L8,305.49972505073896,304.80989626613797,bare→crop,0.001172530384526,503.0,"{""type"":""MultiPoint"",""coordinates"":[]}",
0000000000000000001c_15,2000.0,Tashkent,-0.271945802683831,-0.2671914447014956,-0.2671914447014956,2020.0,305.0945059205143,304.8273144758128,303.5645239894794,303.2925781867956,10.0,24.0,1.0,L5,L8,305.0945059205143,304.8273144758128,bare→wat,0.00010659367132054635,504.0,"{""type"":""MultiPoint"",""coordinates"":[]}",
0000000000000000001c_16,2000.0,Tashkent,-0.0421911745470424,3.5852393845770507,3.5851228091430016,2020.0,314.48079228968464,318.0660316742617,313.07966945352786,313.0374782789808,10.0,24.0,529441.0,L5,L8,314.48079228968464,318.06591509882765,imp→imp,56.43505993762138,101.0,"{""type"":""MultiPoint"",""coordinates"":[]}",
0000000000000000001c_17,2000.0,Tashkent,0.7224632787891778,3.9076034210136186,3.907603352598244,2020.0,314.7942149737703,318.7018183947839,313.10543813735194,313.8279014161411,10.0,24.0,34005.0,L5,L8,314.7942149737703,318.70181832636854,veg→veg,3.6247177932551793,202.0,"{""type"":""MultiPoint"",""coordinates"":[]}",
0000000000000000001c_18,2000.0,Tashkent,0.4401933755879099,2.4452745634825988,2.444829102864219,2020.0,315.64734772513714,318.09262228861974,311.04290409587105,311.48309747145896,10.0,24.0,263837.0,L5,L8,315.64734772513714,318.09217682800136,crop→crop,28.12335446019899,303.0,"{""type"":""MultiPoint"",""coordinates"":[]}",
0000000000000000001c_19,2000.0,Tashkent,1.3112835302495682,2.1425066964497432,2.1425066964497432,2020.0,306.35594809513395,308.4984547915837,304.2279960170905,305.5392795473401,10.0,24.0,1731.0,L5,L8,306.35594809513395,308.4984547915837,wat→wat,0.1845136450558657,404.0,"{""type"":""MultiPoint"",""coordinates"":[]}",
0000000000000000001c_20,2000.0,Tashkent,1.5720634309324168,5.625576023732549,5.625576023732549,2020.0,317.3552543898609,322.9808304135934,316.3666343812598,317.93869781219223,10.0,24.0,256.0,L5,L8,317.3552543898609,322.9808304135934,bare→bare,0.0272879798580598,505.0,"{""type"":""MultiPoint"",""coordinates"":[]}",
00000000000000000041_0,2000.0,Oslo,2.7580922622964295,6.908467515302505,6.908427694872728,2020.0,293.2618713247548,300.1703388400573,292.7799375341444,295.5380297964408,6.0,19.0,23744.0,L5,L8,293.2618713247548,300.1702990196275,veg→imp,2.2316292848710875,201.0,"{""type"":""MultiPoint"",""coordinates"":[]}",
00000000000000000041_1,2000.0,Oslo,-2.540712909503327,1.2856471735778428,1.2856471735778428,2020.0,297.2263129446595,298.51196011823737,296.51759887039896,293.97688596089563,6.0,19.0,497.0,L5,L8,297.2263129446595,298.51196011823737,veg→crop,0.0467115799604502,203.0,"{""type"":""MultiPoint"",""coordinates"":[]}",
00000000000000000041_2,2000.0,Oslo,1.7911483123563698,4.755164064095311,4.754986226211884,2020.0,290.0330187676304,294.7881828317257,289.7586895657699,291.54983787812625,6.0,19.0,3911.0,L5,L8,290.0330187676304,294.78800499384226,veg→wat,0.3675834793266013,204.0,"{""type"":""MultiPoint"",""coordinates"":[]}",
00000000000000000041_3,2000.0,Oslo,0.4815966087930405,4.270030289632359,4.270030289632359,2020.0,290.67529871085134,294.9453290004837,290.67529871085134,291.1568953196444,6.0,19.0,155.0,L5,L8,290.67529871085134,294.9453290004837,veg→bare,0.0145679977743858,205.0,"{""type"":""MultiPoint"",""coordinates"":[]}",
00000000000000000041_4,2000.0,Oslo,0.8820194416146592,5.1625732872076355,5.1625732872076355,2020.0,292.8987203983913,298.0612936855989,292.8987203983913,293.78073984000594,6.0,19.0,833.0,L5,L8,292.8987203983913,298.0612936855989,crop→imp,0.0782912396520222,301.0,"{""type"":""MultiPoint"",""coordinates"":[]}",
00000000000000000041_5,2000.0,Oslo,-4.932897291344602,-1.220738208465832,-1.220738208465832,2020.0,299.3319827218122,298.1112445133464,299.3319827218122,294.3990854304676,6.0,19.0,226.0,L5,L8,299.3319827218122,298.1112445133464,crop→veg,0.0212410806258787,302.0,"{""type"":""MultiPoint"",""coordinates"":[]}",
00000000000000000041_6,2000.0,Oslo,4.027001077918385,7.2499077022234815,7.2499077022234815,2020.0,290.86293814373846,298.11284584596194,290.85480074782,294.88180182573836,6.0,19.0,3915.0,L5,L8,290.86293814373846,298.11284584596194,wat→imp,0.3679594276562629,401.0,"{""type"":""MultiPoint"",""coordinates"":[]}",
00000000000000000041_7,2000.0,Oslo,2.7456884598545344,5.808021654694244,5.807647895845491,2020.0,288.6259939643702,294.43401561906444,288.4839755943925,291.22966405424705,6.0,19.0,6004.0,L5,L8,288.6259939643702,294.4336418602157,wat→veg,0.5642984428220186,402.0,"{""type"":""MultiPoint"",""coordinates"":[]}",
00000000000000000041_8,2000.0,Oslo,2.406436581820685,5.695825334992833,5.695825334992833,2020.0,288.7748618096065,294.4706871445993,288.66799923150705,291.07443581332774,6.0,19.0,574.0,L5,L8,288.7748618096065,294.4706871445993,wat→bare,0.0539485853064354,405.0,"{""type"":""MultiPoint"",""coordinates"":[]}",
00000000000000000041_9,2000.0,Oslo,1.775289797019468,5.263125072318644,5.263125072318644,2020.0,293.98723710327494,299.2503621755936,293.98723710327494,295.7625269002944,6.0,19.0,550.0,L5,L8,293.98723710327494,299.2503621755936,bare→imp,0.051692895328466,501.0,"{""type"":""MultiPoint"",""coordinates"":[]}",
00000000000000000041_10,2000.0,Oslo,4.598043205223746,8.794263850918355,8.794263850918355,2020.0,287.51198038898974,296.3062442399081,287.51198038898974,292.1100235942135,6.0,19.0,40.0,L5,L8,287.51198038898974,296.3062442399081,bare→veg,0.0037594832966157,502.0,"{""type"":""MultiPoint"",""coordinates"":[]}",
00000000000000000041_11,2000.0,Oslo,2.3950034849314648,4.812069806139732,4.812069806139732,2020.0,289.79188378152895,294.6039535876687,289.29973646378966,291.6947399487211,6.0,19.0,1529.0,L5,L8,289.79188378152895,294.6039535876687,bare→wat,0.1437062490131356,504.0,"{""type"":""MultiPoint"",""coordinates"":[]}",
00000000000000000041_12,2000.0,Oslo,3.580536398836898,9.034704463763887,9.03466631910311,2020.0,293.2281824803852,302.2628869441491,293.10025123191843,296.68078763075533,6.0,19.0,390298.0,L5,L8,293.2281824803852,302.2628487994883,imp→imp,36.68297029256299,101.0,"{""type"":""MultiPoint"",""coordinates"":[]}",
00000000000000000041_13,2000.0,Oslo,2.9441928463684803,6.301670699286319,6.301601238190699,2020.0,289.17693024882954,295.47860094811585,288.76489545229384,291.7090882986623,6.0,19.0,517017.0,L5,L8,289.17693024882954,295.47853148702023,veg→veg,48.59291938915916,202.0,"{""type"":""MultiPoint"",""coordinates"":[]}",
00000000000000000041_14,2000.0,Oslo,3.393614402552487,7.471043563553849,7.471043563553849,2020.0,289.94838195665125,297.4194255202051,289.94838195665125,293.34199635920373,6.0,19.0,4302.0,L5,L8,289.94838195665125,297.4194255202051,crop→crop,0.40433242855102,303.0,"{""type"":""MultiPoint"",""coordinates"":[]}",
00000000000000000041_15,2000.0,Oslo,2.707256614637231,5.317246156844249,5.317246156844249,2020.0,288.02995313968415,293.3471992965284,287.9250091230817,290.6322657377189,6.0,19.0,59546.0,L5,L8,288.02995313968415,293.3471992965284,wat→wat,5.596554809506982,404.0,"{""type"":""MultiPoint"",""coordinates"":[]}",
00000000000000000041_16,2000.0,Oslo,3.8218890379085906,4.824581666110305,4.824581666110305,2020.0,287.7951969153147,292.619778581425,287.7951969153147,291.6170859532233,6.0,19.0,50835.0,L5,L8,287.7951969153147,292.619778581425,bare→bare,4.777833334586495,505.0,"{""type"":""MultiPoint"",""coordinates"":[]}",
0000000000000000001e_0,2000.0,Beirut,0.3742576612888797,2.3324138425629144,2.2766856300279414,2020.0,313.0849199668145,315.4173338093774,311.08375845443106,311.45801611571994,14.0,22.0,666.0,L5,L8,313.0849199668145,315.3616055968424,veg→imp,2.2609227008860375,201.0,"{""type"":""MultiPoint"",""coordinates"":[]}",
0000000000000000001e_1,2000.0,Beirut,-2.576849564345366,0.4423986132060236,0.3259865986644854,2020.0,313.77130590675574,314.21370451996177,311.8684383060213,309.2915887416759,14.0,22.0,4.0,L5,L8,313.77130590675574,314.0972925054202,veg→crop,0.0135791153206368,203.0,"{""type"":""MultiPoint"",""coordinates"":[]}",
0000000000000000001e_2,2000.0,Beirut,-3.6231783705451335,-3.238564196173968,-3.239182140031005,2020.0,312.5219194423917,309.28335524621775,310.4367600931466,306.81358172260144,14.0,22.0,15.0,L5,L8,312.5219194423917,309.2827373023607,veg→wat,0.0509216824523882,204.0,"{""type"":""MultiPoint"",""coordinates"":[]}",
0000000000000000001e_3,2000.0,Beirut,0.4308466767680556,2.1893216436075704,2.0389130402148794,2020.0,314.2696146914621,316.45893633506967,311.9999087248717,312.4307554016398,14.0,22.0,47.0,L5,L8,314.2696146914621,316.308527731677,veg→bare,0.1595546050174831,205.0,"{""type"":""MultiPoint"",""coordinates"":[]}",
0000000000000000001e_4,2000.0,Beirut,-2.9739552302478387,0.0974786596545413,0.0655141004523898,2020.0,317.7148736559456,317.81235231560015,315.42901688686027,312.45506165661243,14.0,22.0,29.0,L5,L8,317.7148736559456,317.780387756398,crop→imp,0.0984485860746172,301.0,"{""type"":""MultiPoint"",""coordinates"":[]}",
0000000000000000001e_5,2000.0,Beirut,3.8978526372428632,6.180190637442706,6.127029435800807,2020.0,306.91760673927377,313.09779737671647,305.5987859314286,309.4966385686715,14.0,22.0,532.0,L5,L8,306.91760673927377,313.0446361750746,wat→imp,1.8060223376447024,401.0,"{""type"":""MultiPoint"",""coordinates"":[]}",
0000000000000000001e_6,2000.0,Beirut,5.645368501066059,8.766939803355115,8.766939803355115,2020.0,303.6449950444081,312.41193484776323,303.12892386176543,308.7742923628315,14.0,22.0,2.0,L5,L8,303.6449950444081,312.41193484776323,wat→veg,0.0067895576603184,402.0,"{""type"":""MultiPoint"",""coordinates"":[]}",
0000000000000000001e_7,2000.0,Beirut,7.018196160338732,10.822795599326128,10.80432892620513,2020.0,304.18011168898863,315.00290728831476,303.15044567133015,310.1686418316689,14.0,22.0,63.0,L5,L8,304.18011168898863,314.98444061519376,wat→bare,0.2138710663000305,405.0,"{""type"":""MultiPoint"",""coordinates"":[]}",
0000000000000000001e_8,2000.0,Beirut,0.8583478878154551,4.426910513636756,4.375734369782265,2020.0,313.8459695057193,318.2728800193561,312.2164378627907,313.07478575060617,14.0,22.0,219.0,L5,L8,313.8459695057193,318.2217038755016,bare→imp,0.7434565638048681,501.0,"{""type"":""MultiPoint"",""coordinates"":[]}",
0000000000000000001e_9,2000.0,Beirut,0.1308451990081494,3.306610276418155,2.875212616452359,2020.0,309.91092250267553,313.2175327790937,308.9365371008955,309.06738229990367,14.0,22.0,6.0,L5,L8,309.91092250267553,312.7861351191279,bare→wat,0.0203686729809552,504.0,"{""type"":""MultiPoint"",""coordinates"":[]}",
0000000000000000001e_10,2000.0,Beirut,-1.5625637631185327,0.4061428910711129,0.3630912173353522,2020.0,314.955260193201,315.3614030842721,312.7470122355428,311.18444847242426,14.0,22.0,26964.0,L5,L8,314.955260193201,315.31835141053637,imp→imp,91.53681637641309,101.0,"{""type"":""MultiPoint"",""coordinates"":[]}",
0000000000000000001e_11,2000.0,Beirut,1.1487160632353834,2.328629660632714,2.2824329254137297,2020.0,315.6482734380304,317.9769030986631,312.6494244616672,313.7981405249026,14.0,22.0,28.0,L5,L8,315.6482734380304,317.93070636344413,veg→veg,0.095053807244458,202.0,"{""type"":""MultiPoint"",""coordinates"":[]}",
0000000000000000001e_12,2000.0,Beirut,-2.012304199643552,1.307484568953555,1.1906738855947765,2020.0,312.9360717367943,314.24355630574786,311.1548478131244,309.1425436134808,14.0,22.0,2.0,L5,L8,312.9360717367943,314.1267456223891,crop→crop,0.0067895576603184,303.0,"{""type"":""MultiPoint"",""coordinates"":[]}",
0000000000000000001e_13,2000.0,Beirut,0.5589537873310633,2.872597606814054,2.7404944678576726,2020.0,305.8400220417116,308.7126196485257,304.6806635776658,305.2396173649969,14.0,22.0,286.0,L5,L8,305.8400220417116,308.5805165095693,wat→wat,0.9709067454255356,404.0,"{""type"":""MultiPoint"",""coordinates"":[]}",
0000000000000000001e_14,2000.0,Beirut,1.3072508467564603,2.6404318023396627,2.5957762002582285,2020.0,305.1323555925029,307.77278739484257,304.04220405668593,305.3494549034424,14.0,22.0,594.0,L5,L8,305.1323555925029,307.72813179276113,bare→bare,2.016498625114574,505.0,"{""type"":""MultiPoint"",""coordinates"":[]}",
00000000000000000043_0,2000.0,Santiago,5.52555701957175,8.24120525048545,8.01189593855355,2020.0,305.500591742693,313.74179699317847,302.8819664151677,308.40752343473946,4.0,10.0,451.0,L5,L8,305.500591742693,313.51248768124657,veg→imp,1.4472755278865286,201.0,"{""type"":""MultiPoint"",""coordinates"":[]}",
00000000000000000043_1,2000.0,Santiago,-1.9323042980722676,0.9905277183779616,0.1931027508555871,2020.0,312.39632634197073,313.3868540603487,308.397394013091,306.46508971501873,4.0,10.0,2.0,L5,L8,312.39632634197073,312.5894290928263,veg→crop,0.006418073294397,203.0,"{""type"":""MultiPoint"",""coordinates"":[]}",
00000000000000000043_2,2000.0,Santiago,3.558081161060784,5.216233428388932,5.172009197147986,2020.0,302.24406686879763,307.46030029718656,299.88580300480027,303.44388416586105,4.0,10.0,5.0,L5,L8,302.24406686879763,307.4160760659456,veg→wat,0.0160451832359925,204.0,"{""type"":""MultiPoint"",""coordinates"":[]}",
00000000000000000043_3,2000.0,Santiago,11.253415863738836,16.010009892051357,15.659014232019103,2020.0,305.53105524227794,321.5410651343293,303.36352875057617,314.616944614315,4.0,10.0,2.0,L5,L8,305.53105524227794,321.19006947429705,crop→imp,0.006418073294397,301.0,"{""type"":""MultiPoint"",""coordinates"":[]}",
00000000000000000043_4,2000.0,Santiago,3.9847786820050146,6.288600878186799,6.098564888554108,2020.0,304.3034867142516,310.5920875924384,301.8290924001645,305.8138710821695,4.0,10.0,45.0,L5,L8,304.3034867142516,310.4020516028057,wat→imp,0.144406649123933,401.0,"{""type"":""MultiPoint"",""coordinates"":[]}",
00000000000000000043_5,2000.0,Santiago,4.682169512281234,6.422785515295345,6.141708261092788,2020.0,309.41186739161304,315.8346529069084,305.6598923723919,310.3420618846731,4.0,10.0,17.0,L5,L8,309.41186739161304,315.55357565270583,bare→imp,0.0545536230023746,501.0,"{""type"":""MultiPoint"",""coordinates"":[]}",
00000000000000000043_6,2000.0,Santiago,2.2237062918848096,3.6846098880083673,3.49630775855303,2020.0,311.33759000446435,315.0221998924727,307.2607170062738,309.4844232981586,4.0,10.0,30622.0,L5,L8,311.33759000446435,314.8338977630174,imp→imp,98.2671202105128,101.0,"{""type"":""MultiPoint"",""coordinates"":[]}",
00000000000000000043_7,2000.0,Santiago,6.1834627576349135,9.332226253794602,9.040934961030873,2020.0,307.8019531145528,317.1341793683474,304.8445131756425,311.0279759332774,4.0,10.0,5.0,L5,L8,307.8019531145528,316.8428880755837,veg→veg,0.0160451832359925,202.0,"{""type"":""MultiPoint"",""coordinates"":[]}",
00000000000000000043_8,2000.0,Santiago,3.580374967050716,6.207700203160471,6.084990711237424,2020.0,298.9547077552926,305.16240795845306,297.58034625532343,301.16072122237415,4.0,10.0,13.0,L5,L8,298.9547077552926,305.03969846653,wat→wat,0.0417174764135806,404.0,"{""type"":""MultiPoint"",""coordinates"":[]}",
0000000000000000000a_0,2000.0,Istanbul,1.4904705586302498,-3.0616829110034587,-2.881354488061504,2020.0,312.59450045856204,309.5328175475586,305.55646472775675,307.046935286387,30.0,34.0,365140.0,L5,L8,312.38544566474957,309.50409117668806,veg→imp,4.179004308789895,201.0,"{""type"":""MultiPoint"",""coordinates"":[]}",
0000000000000000000a_1,2000.0,Istanbul,1.0171389041126415,-3.291603419326009,-3.149451111657072,2020.0,314.6997607747896,311.4081573554636,307.25633129187986,308.2734701959925,30.0,34.0,88537.0,L5,L8,314.4967911299119,311.34734001825484,veg→crop,1.0133003902265731,203.0,"{""type"":""MultiPoint"",""coordinates"":[]}",
0000000000000000000a_2,2000.0,Istanbul,-2.4822950478013013,-6.5777622462391605,-6.416251221463028,2020.0,311.1809506785166,304.6031884322774,305.27887901298493,302.79658396518363,30.0,34.0,13924.0,L5,L8,311.0100862819678,304.5938350605048,veg→wat,0.1593593032688571,204.0,"{""type"":""MultiPoint"",""coordinates"":[]}",
0000000000000000000a_3,2000.0,Istanbul,1.6649719271907202,-1.5200923572992906,-1.440728619808965,2020.0,312.79191445488004,311.27182209758075,306.86932129990214,308.53429322709286,30.0,34.0,1093.0,L5,L8,312.7070415030188,311.2663128832098,veg→bare,0.0125093161787461,205.0,"{""type"":""MultiPoint"",""coordinates"":[]}",
0000000000000000000a_4,2000.0,Istanbul,-0.8364853368160539,-5.331175832071494,-5.348041676190292,2020.0,317.5230528774971,312.1918770454256,309.5155413210352,308.67905598421913,30.0,34.0,237037.0,L5,L8,317.50247569518854,312.15443401899824,crop→imp,2.712873539854933,301.0,"{""type"":""MultiPoint"",""coordinates"":[]}",
0000000000000000000a_5,2000.0,Istanbul,-1.4088706269528188,-6.3713353592875706,-6.359395404398072,2020.0,316.6903893145418,310.3190539552542,308.6433363429181,307.23446571596526,30.0,34.0,67502.0,L5,L8,316.61485581059975,310.2554604062017,crop→veg,0.7725561397051418,302.0,"{""type"":""MultiPoint"",""coordinates"":[]}",
0000000000000000000a_6,2000.0,Istanbul,-4.049656308315548,-7.604957747341928,-7.541901262574925,2020.0,313.43141430650417,305.82645655916224,306.980971485111,302.93131517679547,30.0,34.0,523.0,L5,L8,313.3327039549971,305.7908026924222,crop→wat,0.0059857020690614,304.0,"{""type"":""MultiPoint"",""coordinates"":[]}",
0000000000000000000a_7,2000.0,Istanbul,-0.1497641914061773,-2.682093371335384,-2.6688695300480845,2020.0,316.84405898272547,314.1619656113901,309.8777929390236,309.72802874761743,30.0,34.0,51.0,L5,L8,316.8292283501507,314.1603588201026,crop→bare,0.000583691788761255,305.0,"{""type"":""MultiPoint"",""coordinates"":[]}",
0000000000000000000a_8,2000.0,Istanbul,3.900790907286421,2.0952889520101508,2.104574096339604,2020.0,305.3122431848209,307.40753213683104,301.3004890248455,305.2012799321319,30.0,34.0,25357.0,L5,L8,305.29350650155754,307.39808059789715,wat→imp,0.290209268384689,401.0,"{""type"":""MultiPoint"",""coordinates"":[]}",
0000000000000000000a_9,2000.0,Istanbul,5.432117554719355,2.746746010318134,2.771075225546838,2020.0,305.5511431578322,308.29788916815033,300.84507431996656,306.2771918746859,30.0,34.0,19679.0,L5,L8,305.52432637675156,308.2954016022984,wat→veg,0.2252249159026026,402.0,"{""type"":""MultiPoint"",""coordinates"":[]}",
0000000000000000000a_10,2000.0,Istanbul,5.830769171499014,2.7561938546989495,2.769531655395781,2020.0,306.6153404150572,309.3715342697561,301.6476709096857,307.4784400811847,30.0,34.0,2058.0,L5,L8,306.5988057444217,309.3683373998175,wat→crop,0.0235536804170718,403.0,"{""type"":""MultiPoint"",""coordinates"":[]}",
0000000000000000000a_11,2000.0,Istanbul,4.828627599493075,2.6271049458279094,2.645339386359012,2020.0,305.7302824003134,308.3573873461413,301.65136099928645,306.4799885987795,30.0,34.0,2213.0,L5,L8,305.7111509454337,308.3564903317927,wat→bare,0.0253276456574246,405.0,"{""type"":""MultiPoint"",""coordinates"":[]}",
0000000000000000000a_12,2000.0,Istanbul,3.24936472809668,1.2912129480028511,1.3034006733640808,2020.0,312.80068391614026,314.0918968641431,307.943714043738,311.1930787718347,30.0,34.0,818.0,L5,L8,312.78635549482044,314.0897561681845,bare→imp,0.0093619584942491,501.0,"{""type"":""MultiPoint"",""coordinates"":[]}",
0000000000000000000a_13,2000.0,Istanbul,1.3030361177553118,-0.3101297936289029,-0.2677391091377785,2020.0,313.1386871229864,312.8285573293575,308.02805832496875,309.33109444272407,30.0,34.0,284.0,L5,L8,313.0892291822547,312.82149007311693,bare→veg,0.0032503621178077,502.0,"{""type"":""MultiPoint"",""coordinates"":[]}",
0000000000000000000a_14,2000.0,Istanbul,4.169576758561561,2.7323751132238385,2.7326412480717295,2020.0,308.4570584446487,311.1894335578725,305.4725139328193,309.6420906913809,30.0,34.0,54.0,L5,L8,308.44092010607403,311.17356135414576,bare→crop,0.0006180265998648582,503.0,"{""type"":""MultiPoint"",""coordinates"":[]}",
0000000000000000000a_15,2000.0,Istanbul,-2.5911461634195234,-5.525169206327348,-5.472097438033984,2020.0,307.23134582632116,301.7061766199938,302.70092906373446,300.10978290031494,30.0,34.0,616.0,L5,L8,307.17618523028113,301.70408779224715,bare→wat,0.0070500812132731,504.0,"{""type"":""MultiPoint"",""coordinates"":[]}",
0000000000000000000a_16,2000.0,Istanbul,0.3713348149220792,-3.150848185026348,-3.0909407462362424,2020.0,315.05043987120285,311.8995916861765,308.6002625932941,308.97159740821616,30.0,34.0,2263615.0,L5,L8,314.9726020650154,311.88166131877915,imp→imp,25.90693114542761,101.0,"{""type"":""MultiPoint"",""coordinates"":[]}",
0000000000000000000a_17,2000.0,Istanbul,-0.5106329549597604,-5.455449913910513,-5.110953902234996,2020.0,309.700959557261,304.2455096433505,302.4280091587853,301.91737620382554,30.0,34.0,3663336.0,L5,L8,309.33884437761463,304.22789047537964,veg→veg,41.926649856343154,202.0,"{""type"":""MultiPoint"",""coordinates"":[]}",
0000000000000000000a_18,2000.0,Istanbul,-1.8463249478582495,-5.949997887323434,-6.0701252477561525,2020.0,317.92233477898924,311.9723368916658,309.9461313595726,308.0998064117143,30.0,34.0,1150519.0,L5,L8,317.9055879991359,311.83546275137974,crop→crop,13.167617512035497,303.0,"{""type"":""MultiPoint"",""coordinates"":[]}",
0000000000000000000a_19,2000.0,Istanbul,0.9691671407913988,-0.421789608872757,-0.3626110066717274,2020.0,302.4913454083413,302.06955579946856,298.95310479174594,299.92227193253734,30.0,34.0,179568.0,L5,L8,302.4239794314194,302.0613684247477,wat→wat,2.055144453417275,404.0,"{""type"":""MultiPoint"",""coordinates"":[]}",
0000000000000000000a_20,2000.0,Istanbul,1.3605822400421062,0.1587481166292264,0.2013167382488632,2020.0,299.05101924094015,299.2097673575694,296.0923191704659,297.452901410508,30.0,34.0,655564.0,L5,L8,299.00221195198,299.20352869022884,bare→bare,7.502888702107516,505.0,"{""type"":""MultiPoint"",""coordinates"":[]}",
0000000000000000000e_0,2000.0,Tokyo,2.368922573509849,3.0639886712958173,3.0639886712958173,2020.0,307.44822453833643,310.51221320963225,305.0709154290381,307.43983800254796,12.0,41.0,318428.0,L5,L8,307.44822453833643,310.51221320963225,veg→imp,9.728368961166325,201.0,"{""type"":""MultiPoint"",""coordinates"":[]}",
0000000000000000000e_1,2000.0,Tokyo,0.3357255697911796,2.9924386704915378,2.9924386704915378,2020.0,305.7187941603188,308.71123283081033,303.02958607654824,303.3653116463394,12.0,41.0,94.0,L5,L8,305.7187941603188,308.71123283081033,veg→crop,0.0028718161793235,203.0,"{""type"":""MultiPoint"",""coordinates"":[]}",
0000000000000000000e_2,2000.0,Tokyo,1.6675940400456284,1.4104351105567616,1.4104351105567616,2020.0,301.75032211519164,303.1607572257484,298.4592836300998,300.1268776701454,12.0,41.0,1873.0,L5,L8,301.75032211519164,303.1607572257484,veg→wat,0.0572224649348189,204.0,"{""type"":""MultiPoint"",""coordinates"":[]}",
0000000000000000000e_3,2000.0,Tokyo,7.199434216420229,4.933298686635737,4.933298686635737,2020.0,302.3622590218153,307.29555770845104,299.23389366493626,306.4333278813565,12.0,41.0,514.0,L5,L8,302.3622590218153,307.29555770845104,veg→bare,0.0157033352784286,205.0,"{""type"":""MultiPoint"",""coordinates"":[]}",
0000000000000000000e_4,2000.0,Tokyo,2.5663860372144995,4.023478940173106,4.023478940173106,2020.0,306.1186641297636,310.1421430699367,303.2389179626127,305.8053039998272,12.0,41.0,297.0,L5,L8,306.1186641297636,310.1421430699367,crop→imp,0.0090737170772243,301.0,"{""type"":""MultiPoint"",""coordinates"":[]}",
0000000000000000000e_5,2000.0,Tokyo,-2.771179929137702,0.855504701199493,0.855504701199493,2020.0,309.24713780103275,310.10264250223224,307.83303980663777,305.06185987750007,12.0,41.0,318.0,L5,L8,309.24713780103275,310.10264250223224,crop→veg,0.0097152930321796,302.0,"{""type"":""MultiPoint"",""coordinates"":[]}",
0000000000000000000e_6,2000.0,Tokyo,5.711453887467826,7.75820445557963,7.75820445557963,2020.0,304.53633575917064,312.29454021475027,301.30965185535484,307.02110574282267,12.0,41.0,7.0,L5,L8,304.53633575917064,312.29454021475027,crop→wat,0.00021385865165175256,304.0,"{""type"":""MultiPoint"",""coordinates"":[]}",
0000000000000000000e_7,2000.0,Tokyo,1.6793320571794084,2.3211826603126724,2.3211826603126724,2020.0,304.466687684779,306.7878703450917,302.3482681225742,304.0276001797536,12.0,41.0,47183.0,L5,L8,304.466687684779,306.7878703450917,wat→imp,1.4414989658406632,401.0,"{""type"":""MultiPoint"",""coordinates"":[]}",
0000000000000000000e_8,2000.0,Tokyo,1.5235315639718578,0.9071796444425786,0.9071796444425786,2020.0,302.47962863049923,303.3868082749418,299.7836888057347,301.30722036970656,12.0,41.0,7387.0,L5,L8,302.47962863049923,303.3868082749418,wat→veg,0.2256819799644994,402.0,"{""type"":""MultiPoint"",""coordinates"":[]}",
0000000000000000000e_9,2000.0,Tokyo,,,,2020.0,,306.2997278358932,,302.81503750237806,12.0,41.0,85.0,L5,L8,,306.2997278358932,wat→crop,0.0025968550557712,403.0,"{""type"":""MultiPoint"",""coordinates"":[]}",
0000000000000000000e_10,2000.0,Tokyo,2.7290886228795443,2.2887294953026753,2.2887294953026753,2020.0,302.66129896615735,304.95002846146,299.96538089437706,302.6944695172566,12.0,41.0,935.0,L5,L8,302.66129896615735,304.95002846146,wat→bare,0.028565405613484,405.0,"{""type"":""MultiPoint"",""coordinates"":[]}",
0000000000000000000e_11,2000.0,Tokyo,2.203312409428179,1.7456302440528475,1.7456302440528475,2020.0,307.6213523386123,309.3669825826652,304.273321761828,306.4766341712562,12.0,41.0,17429.0,L5,L8,307.6213523386123,309.3669825826652,bare→imp,0.5324774913769137,501.0,"{""type"":""MultiPoint"",""coordinates"":[]}",
0000000000000000000e_12,2000.0,Tokyo,5.642147000369107,4.177166348547928,4.177166348547928,2020.0,299.7751310784384,303.9522974269863,296.14159049685315,301.78373749722226,12.0,41.0,23832.0,L5,L8,299.7751310784384,303.9522974269863,bare→veg,0.7280970551663667,502.0,"{""type"":""MultiPoint"",""coordinates"":[]}",
0000000000000000000e_13,2000.0,Tokyo,3.654797436637068,2.798531939587633,2.798531939587633,2020.0,301.4465649084373,304.24509684802496,297.8424523740641,301.4972498107012,12.0,41.0,526.0,L5,L8,301.4465649084373,304.24509684802496,bare→wat,0.0160699501098316,504.0,"{""type"":""MultiPoint"",""coordinates"":[]}",
0000000000000000000e_14,2000.0,Tokyo,0.6842887642891355,1.9677236809008036,1.9677236809008036,2020.0,308.5075968083867,310.4753204892875,306.05681329375494,306.7411020580441,12.0,41.0,1422392.0,L5,L8,308.5075968083867,310.4753204892875,imp→imp,43.45583360574852,101.0,"{""type"":""MultiPoint"",""coordinates"":[]}",
0000000000000000000e_15,2000.0,Tokyo,-0.565776865780208,0.9004713060546123,0.9004713060546123,2020.0,300.6079115538127,301.5083828598673,298.7955637089711,298.2297868431909,12.0,41.0,918791.0,L5,L8,300.6079115538127,301.5083828598673,veg→veg,28.07020062996649,202.0,"{""type"":""MultiPoint"",""coordinates"":[]}",
0000000000000000000e_16,2000.0,Tokyo,0.6394466014050408,1.515488257789059,1.515488257789059,2020.0,306.5042929629925,308.01978122078157,303.40611386078524,304.0455604621903,12.0,41.0,46.0,L5,L8,306.5042929629925,308.01978122078157,crop→crop,0.0014053568537115,303.0,"{""type"":""MultiPoint"",""coordinates"":[]}",
0000000000000000000e_17,2000.0,Tokyo,1.8500333226944576,1.1898029621648334,1.1898029621648334,2020.0,300.7993958248959,301.98919878706073,297.6618294474104,299.51186277010487,12.0,41.0,36755.0,L5,L8,300.7993958248959,301.98919878706073,wat→wat,1.1229106773514523,404.0,"{""type"":""MultiPoint"",""coordinates"":[]}",
0000000000000000000e_18,2000.0,Tokyo,-2.3211357304602984,-0.0958212700345484,-0.0958212700345484,2020.0,298.8027584886573,298.7069372186227,298.79792442152143,296.47678869106113,12.0,41.0,476298.0,L5,L8,298.8027584886573,298.7069372186227,bare→bare,14.551492580632347,505.0,"{""type"":""MultiPoint"",""coordinates"":[]}",
00000000000000000016_0,2000.0,Algiers,0.629408789002639,4.408512213293761,4.515194435903538,2020.0,315.0485155741557,319.4570277874495,312.3300321329408,312.95944092194344,17.0,22.0,39255.0,L5,L8,314.93737537309346,319.452569808997,veg→imp,3.65308234348187,201.0,"{""type"":""MultiPoint"",""coordinates"":[]}",
00000000000000000016_1,2000.0,Algiers,2.2364157050631093,6.668618117798076,6.941891349967705,2020.0,315.65570382814417,322.32432194594224,312.5788439830761,314.81525968813924,17.0,22.0,7089.0,L5,L8,315.3778084492509,322.3196997992186,veg→crop,0.6597045149138447,203.0,"{""type"":""MultiPoint"",""coordinates"":[]}",
00000000000000000016_2,2000.0,Algiers,-3.256325784969306,-1.7217844954450925,-1.4889745312025298,2020.0,313.2917476086918,311.56996311324673,309.7943771430647,306.5380513580954,17.0,22.0,275.0,L5,L8,313.05357654827264,311.5646020170701,veg→wat,0.0255915843703353,204.0,"{""type"":""MultiPoint"",""coordinates"":[]}",
00000000000000000016_3,2000.0,Algiers,1.4572486610514943,4.358809538113746,4.4347028372098976,2020.0,315.44365093783654,319.8024604759503,312.46504543955837,313.92229410060986,17.0,22.0,637.0,L5,L8,315.35902546788634,319.79372830509624,veg→bare,0.0592794154323767,205.0,"{""type"":""MultiPoint"",""coordinates"":[]}",
00000000000000000016_4,2000.0,Algiers,0.5897344177414539,4.470714290323201,4.729922494879872,2020.0,318.1595674415107,322.6302817318339,314.5625980294769,315.1523324472183,17.0,22.0,121109.0,L5,L8,317.89399198922854,322.6239144841084,crop→imp,11.270440696388889,301.0,"{""type"":""MultiPoint"",""coordinates"":[]}",
00000000000000000016_5,2000.0,Algiers,0.1779316499876699,4.490267184280583,4.606932123832337,2020.0,316.97553645032076,321.46580363460134,313.9380535813244,314.1159852313121,17.0,22.0,17707.0,L5,L8,316.8535265760773,321.4604586999096,crop→veg,1.647818852529193,302.0,"{""type"":""MultiPoint"",""coordinates"":[]}",
00000000000000000016_6,2000.0,Algiers,-8.068477153903586,-7.0153847289574855,-7.017075046468847,2020.0,318.12593629518375,311.11055156622626,314.0268221971947,305.9583450432911,17.0,22.0,1527.0,L5,L8,318.12593629518375,311.1088612487149,crop→wat,0.1421030884854621,304.0,"{""type"":""MultiPoint"",""coordinates"":[]}",
00000000000000000016_7,2000.0,Algiers,1.163873839621658,5.465142143824835,5.461913074984125,2020.0,317.5931250732381,323.05826721706296,314.71127093443033,315.875144774052,17.0,22.0,194.0,L5,L8,317.5931250732381,323.05503814822225,crop→bare,0.0180536995194365,305.0,"{""type"":""MultiPoint"",""coordinates"":[]}",
00000000000000000016_8,2000.0,Algiers,4.841309085611158,6.513613952414062,6.512440246072856,2020.0,306.3818154441455,312.89542939655956,303.9425143556821,308.78382344129324,17.0,22.0,1441.0,L5,L8,306.3818154441455,312.89425569021836,wat→imp,0.1340999021005572,401.0,"{""type"":""MultiPoint"",""coordinates"":[]}",
00000000000000000016_9,2000.0,Algiers,4.290217966785974,6.187733060864389,6.470399982738684,2020.0,309.625719933305,315.8134529941694,306.7543859973334,311.04460396411935,17.0,22.0,151.0,L5,L8,309.3356403284952,315.80604031123386,wat→veg,0.0140521063269841,402.0,"{""type"":""MultiPoint"",""coordinates"":[]}",
00000000000000000016_10,2000.0,Algiers,0.6011978468823713,0.6556092168918894,3.0204267984876196,2020.0,311.7591923995843,312.4148016164762,304.4494240435208,305.0506218904032,17.0,22.0,204.0,L5,L8,309.382806522167,312.40323332065464,wat→crop,0.0189843025874487,403.0,"{""type"":""MultiPoint"",""coordinates"":[]}",
00000000000000000016_11,2000.0,Algiers,7.879213122648537,9.848207878230426,9.84409612012314,2020.0,306.06175630089194,315.90996417912237,303.41695447332836,311.2961675959769,17.0,22.0,511.0,L5,L8,306.06175630089194,315.9058524210151,wat→bare,0.0475538167754231,405.0,"{""type"":""MultiPoint"",""coordinates"":[]}",
00000000000000000016_12,2000.0,Algiers,3.0085466805508645,5.336866041419228,5.390596538992213,2020.0,310.6124623003299,315.94932834174915,308.24250120208046,311.2510478826313,17.0,22.0,246.0,L5,L8,310.555903529755,315.94650006874724,bare→imp,0.0228928354730999,501.0,"{""type"":""MultiPoint"",""coordinates"":[]}",
00000000000000000016_13,2000.0,Algiers,4.662309759667153,7.564051655583228,7.555810703017357,2020.0,311.5650425807931,319.1290942363763,308.9643167093257,313.62662646899287,17.0,22.0,20.0,L5,L8,311.5650425807931,319.12085328381045,bare→veg,0.0018612061360243,502.0,"{""type"":""MultiPoint"",""coordinates"":[]}",
00000000000000000016_14,2000.0,Algiers,4.207693645867323,8.419108569131083,8.400807835591422,2020.0,315.1626705644754,323.58177913360646,311.9684184496551,316.1761120955224,17.0,22.0,1.0,L5,L8,315.1626705644754,323.5634784000668,bare→crop,9.306030680121947e-05,503.0,"{""type"":""MultiPoint"",""coordinates"":[]}",
00000000000000000016_15,2000.0,Algiers,0.3449705302097641,1.243180091917111,1.2346686341388704,2020.0,311.7009882211805,312.94416831309763,307.27823121903293,307.6232017492427,17.0,22.0,44.0,L5,L8,311.7009882211805,312.9356568553194,bare→wat,0.0040946534992536,504.0,"{""type"":""MultiPoint"",""coordinates"":[]}",
00000000000000000016_16,2000.0,Algiers,0.8838610802466746,4.175264074384813,4.528354627663816,2020.0,316.1268436844907,320.30210775887554,312.6684992235072,313.55236030375386,17.0,22.0,487734.0,L5,L8,315.76629686754177,320.2946514952056,imp→imp,45.388675677385976,101.0,"{""type"":""MultiPoint"",""coordinates"":[]}",
00000000000000000016_17,2000.0,Algiers,0.4647374302545586,4.773491094201745,4.8524295207411114,2020.0,313.2132827483339,317.9867738425356,310.79158805675786,311.2563254870124,17.0,22.0,65069.0,L5,L8,313.1286059531726,317.9810354739137,veg→veg,6.05534110324855,202.0,"{""type"":""MultiPoint"",""coordinates"":[]}",
00000000000000000016_18,2000.0,Algiers,1.5181228922471632,6.048045768707823,6.309392753684335,2020.0,317.68710806536785,323.7351538340757,314.2232279594957,315.7413508517429,17.0,22.0,323470.0,L5,L8,317.41817528771827,323.7275680414026,crop→crop,30.102217440990454,303.0,"{""type"":""MultiPoint"",""coordinates"":[]}",
00000000000000000016_19,2000.0,Algiers,2.3958703533522225,3.4339769592336324,4.040732807007544,2020.0,306.38364737168394,309.81762433091757,302.91892637099255,305.3147967243448,17.0,22.0,2405.0,L5,L8,305.77088730342746,309.811620110435,wat→wat,0.2238100378569328,404.0,"{""type"":""MultiPoint"",""coordinates"":[]}",
00000000000000000016_20,2000.0,Algiers,3.493417735008336,4.625381939476711,4.6283489400505005,2020.0,303.7817188282416,308.4071007677183,300.7641082630519,304.25752599806026,17.0,22.0,5483.0,L5,L8,303.7776722893525,308.406021229403,bare→bare,0.5102496621910863,505.0,"{""type"":""MultiPoint"",""coordinates"":[]}",
00000000000000000004_0,2000.0,Mexico City,2.634826179292702,6.2298250554205765,6.2298250554205765,2020.0,302.3206899468455,308.5505150022661,299.79899764988005,302.43382382917275,11.0,12.0,63167.0,L5,L8,302.3206899468455,308.5505150022661,veg→imp,3.573624864151112,201.0,"{""type"":""MultiPoint"",""coordinates"":[]}",
00000000000000000004_1,2000.0,Mexico City,1.4798596050703168,4.1368065037220845,4.1368065037220845,2020.0,303.3320236737941,307.46883017751617,299.88449480118624,301.36435440625655,11.0,12.0,14967.0,L5,L8,303.3320236737941,307.46883017751617,veg→crop,0.8467466136075751,203.0,"{""type"":""MultiPoint"",""coordinates"":[]}",
00000000000000000004_2,2000.0,Mexico City,-1.1016765438403695,-0.0750743691205571,-0.0750743691205571,2020.0,304.0390644293117,303.9639900601911,301.4232636570778,300.32158711323746,11.0,12.0,1381.0,L5,L8,304.0390644293117,303.9639900601911,veg→wat,0.0781290220747017,204.0,"{""type"":""MultiPoint"",""coordinates"":[]}",
00000000000000000004_3,2000.0,Mexico City,2.469930629306191,2.045440801106224,2.045440801106224,2020.0,305.1288507065016,307.17429150760785,301.34436223586187,303.81429286516806,11.0,12.0,82.0,L5,L8,305.1288507065016,307.17429150760785,veg→bare,0.0046390874801778,205.0,"{""type"":""MultiPoint"",""coordinates"":[]}",
00000000000000000004_4,2000.0,Mexico City,4.3740813244742185,8.162360808254505,8.162360808254505,2020.0,303.0374550906651,311.1998158989196,299.6355465134949,304.0096278379691,11.0,12.0,3472.0,L5,L8,303.0374550906651,311.1998158989196,crop→imp,0.1964257528192357,301.0,"{""type"":""MultiPoint"",""coordinates"":[]}",
00000000000000000004_5,2000.0,Mexico City,2.70764207241416,5.486791094667865,5.486791094667865,2020.0,303.4897481596324,308.9765392543003,299.98627153597187,302.693913608386,11.0,12.0,6112.0,L5,L8,303.4897481596324,308.9765392543003,crop→veg,0.3457817399859356,302.0,"{""type"":""MultiPoint"",""coordinates"":[]}",
00000000000000000004_6,2000.0,Mexico City,2.142883065086153,3.4811552220759268,3.4811552220759268,2020.0,299.41131616881046,302.8924713908864,297.91020970562465,300.0530927707108,11.0,12.0,787.0,L5,L8,299.41131616881046,302.8924713908864,crop→wat,0.0445239249621942,304.0,"{""type"":""MultiPoint"",""coordinates"":[]}",
00000000000000000004_7,2000.0,Mexico City,4.74711594698374,8.53815873540401,8.53815873540401,2020.0,300.1039858040053,308.6421445394093,298.4711453615465,303.21826130853026,11.0,12.0,4.0,L5,L8,300.1039858040053,308.6421445394093,crop→bare,0.0002262969502525757,305.0,"{""type"":""MultiPoint"",""coordinates"":[]}",
00000000000000000004_8,2000.0,Mexico City,2.813441786437579,4.493834903649258,4.493834903649258,2020.0,301.27452879394065,305.7683636975899,298.54445151411437,301.35789330055195,11.0,12.0,446.0,L5,L8,301.27452879394065,305.7683636975899,wat→imp,0.0252321099531621,401.0,"{""type"":""MultiPoint"",""coordinates"":[]}",
00000000000000000004_9,2000.0,Mexico City,5.215136723262674,5.896903512914605,5.896903512914605,2020.0,299.5062840539023,305.4031875668169,296.5140991558403,301.729235879103,11.0,12.0,199.0,L5,L8,299.5062840539023,305.4031875668169,wat→veg,0.0112582732750656,402.0,"{""type"":""MultiPoint"",""coordinates"":[]}",
00000000000000000004_10,2000.0,Mexico City,5.502522212030215,3.8397840977031024,3.8397840977031024,2020.0,298.7151048046089,302.55488890231203,294.16627863803893,299.66880085006915,11.0,12.0,348.0,L5,L8,298.7151048046089,302.55488890231203,wat→crop,0.019687834671974,403.0,"{""type"":""MultiPoint"",""coordinates"":[]}",
00000000000000000004_11,2000.0,Mexico City,0.6614260236775635,1.0239860448002671,1.0239860448002671,2020.0,299.78956260275913,300.8135486475594,297.5140128426407,298.17543886631825,11.0,12.0,23.0,L5,L8,299.78956260275913,300.8135486475594,wat→bare,0.0013012074639523,405.0,"{""type"":""MultiPoint"",""coordinates"":[]}",
00000000000000000004_12,2000.0,Mexico City,2.389533899299636,-4.056154096874991,-4.056154096874991,2020.0,311.6931621695679,307.63700807269294,302.7286540588589,305.11818795815856,11.0,12.0,20.0,L5,L8,311.6931621695679,307.63700807269294,bare→imp,0.0011314847512628,501.0,"{""type"":""MultiPoint"",""coordinates"":[]}",
00000000000000000004_13,2000.0,Mexico City,2.012553547773564,1.7807708471159458,1.7807708471159458,2020.0,309.62340830051437,311.4041791476303,305.35930217839564,307.3718557261692,11.0,12.0,56.0,L5,L8,309.62340830051437,311.4041791476303,bare→veg,0.003168157303536,502.0,"{""type"":""MultiPoint"",""coordinates"":[]}",
00000000000000000004_14,2000.0,Mexico City,3.536681411749953,1.7067702017151305,1.7067702017151305,2020.0,301.1016998013181,302.8084700030332,295.78803606242633,299.3247174741763,11.0,12.0,9.0,L5,L8,301.1016998013181,302.8084700030332,bare→crop,0.0005091681380682954,503.0,"{""type"":""MultiPoint"",""coordinates"":[]}",
00000000000000000004_15,2000.0,Mexico City,1.4011077508469612,-0.811371182015364,-0.811371182015364,2020.0,303.5594231379543,302.74805195593893,298.7048674898129,300.10597524065986,11.0,12.0,97.0,L5,L8,303.5594231379543,302.74805195593893,bare→wat,0.0054877010436249,504.0,"{""type"":""MultiPoint"",""coordinates"":[]}",
00000000000000000004_16,2000.0,Mexico City,3.0196815268288333,4.822450526479145,4.822450526479145,2020.0,308.3288509511405,313.15130147761965,304.07875899034735,307.0984405171762,11.0,12.0,889187.0,L5,L8,308.3288509511405,313.15130147761965,imp→imp,50.30507657605925,101.0,"{""type"":""MultiPoint"",""coordinates"":[]}",
00000000000000000004_17,2000.0,Mexico City,0.2308084770247092,0.993689047080636,0.993689047080636,2020.0,297.38298122164974,298.3766702687304,295.1122741844426,295.3430826614673,11.0,12.0,768813.0,L5,L8,297.38298122164974,298.3766702687304,veg→veg,43.49500930363337,202.0,"{""type"":""MultiPoint"",""coordinates"":[]}",
00000000000000000004_18,2000.0,Mexico City,2.232620049704451,6.75529134359482,6.75529134359482,2020.0,304.0708693869313,310.8261607305261,300.28245481293897,302.5150748626434,11.0,12.0,15560.0,L5,L8,304.0708693869313,310.8261607305261,crop→crop,0.8802951364825194,303.0,"{""type"":""MultiPoint"",""coordinates"":[]}",
00000000000000000004_19,2000.0,Mexico City,1.1204618922668033,2.077517360109198,2.077517360109198,2020.0,299.60481529691396,301.68233265702315,297.4624153366192,298.582877228886,11.0,12.0,2685.0,L5,L8,299.60481529691396,301.68233265702315,wat→wat,0.1519018278570414,404.0,"{""type"":""MultiPoint"",""coordinates"":[]}",
00000000000000000004_20,2000.0,Mexico City,0.9523111480712032,1.0025698078769665,1.0025698078769665,2020.0,302.86117463640744,303.8637444442844,299.7002332883323,300.6525444364035,11.0,12.0,174.0,L5,L8,302.86117463640744,303.8637444442844,bare→bare,0.009843917335987,505.0,"{""type"":""MultiPoint"",""coordinates"":[]}",
0000000000000000000b_0,2000.0,Moscow,2.730490904166402,6.393430356841009,6.381349784429915,2020.0,294.5844162426475,300.9778465994885,294.38200995975257,297.11250086391897,9.0,26.0,376397.0,L5,L8,294.5844162426475,300.9657660270774,veg→imp,7.487438945257314,201.0,"{""type"":""MultiPoint"",""coordinates"":[]}",
0000000000000000000b_1,2000.0,Moscow,1.1668798013589594,4.797551050185575,4.736441800041007,2020.0,294.1609231953992,298.9584742455848,293.2256719128482,294.3925517142072,9.0,26.0,53044.0,L5,L8,294.1609231953992,298.8973649954402,veg→crop,1.0551723616613016,203.0,"{""type"":""MultiPoint"",""coordinates"":[]}",
0000000000000000000b_2,2000.0,Moscow,1.879478095580282,4.574892168884105,4.542636691510097,2020.0,293.1340236000665,297.7089157689506,292.5464447003322,294.42592279591247,9.0,26.0,3472.0,L5,L8,293.1340236000665,297.6766602915766,veg→wat,0.0690664059966827,204.0,"{""type"":""MultiPoint"",""coordinates"":[]}",
0000000000000000000b_3,2000.0,Moscow,-0.378075636179858,2.3032602848160764,2.275087125947266,2020.0,292.48265927366333,294.7859195584794,292.2746234419766,291.89654780579673,9.0,26.0,55.0,L5,L8,292.48265927366333,294.7577463996106,veg→bare,0.0010940818922285,205.0,"{""type"":""MultiPoint"",""coordinates"":[]}",
0000000000000000000b_4,2000.0,Moscow,3.346569557201576,7.26108592901187,7.24882382683586,2020.0,294.1180101107366,301.37909603974845,293.8496355752809,297.1962051324825,9.0,26.0,116107.0,L5,L8,294.1180101107366,301.36683393757244,crop→imp,2.3096466592905656,301.0,"{""type"":""MultiPoint"",""coordinates"":[]}",
0000000000000000000b_5,2000.0,Moscow,0.6777303971514925,4.376627715530901,4.348343080802465,2020.0,294.24298551681204,298.61961323234294,293.65901779119935,294.33674818835084,9.0,26.0,188774.0,L5,L8,294.24298551681204,298.5913285976145,crop→veg,3.755167547700976,302.0,"{""type"":""MultiPoint"",""coordinates"":[]}",
0000000000000000000b_6,2000.0,Moscow,2.4940480035825203,5.975805990198637,5.972957122074604,2020.0,293.52444561794425,299.5002516081429,293.26298172146346,295.757029725046,9.0,26.0,124.0,L5,L8,293.52444561794425,299.49740274001886,crop→wat,0.0024666573570243,304.0,"{""type"":""MultiPoint"",""coordinates"":[]}",
0000000000000000000b_7,2000.0,Moscow,2.715437859133033,5.580507220660138,5.579660619867752,2020.0,294.7825809100233,300.3630881306834,294.7565429415682,297.47198080070126,9.0,26.0,28516.0,L5,L8,294.7825809100233,300.36224152989104,wat→imp,0.5672516225234462,401.0,"{""type"":""MultiPoint"",""coordinates"":[]}",
0000000000000000000b_8,2000.0,Moscow,1.9631476608349772,4.705716614277151,4.6942413798967095,2020.0,292.6903279736476,297.39604458792473,292.2234010380678,294.18654869890275,9.0,26.0,2282.0,L5,L8,292.6903279736476,297.3845693535443,wat→veg,0.0453944523284648,402.0,"{""type"":""MultiPoint"",""coordinates"":[]}",
0000000000000000000b_9,2000.0,Moscow,2.5509340758711687,5.21403344587975,5.21403344587975,2020.0,291.9051963157772,297.1192297616569,291.9051963157772,294.45613039164834,9.0,26.0,33.0,L5,L8,291.9051963157772,297.1192297616569,wat→crop,0.0006564491353371343,403.0,"{""type"":""MultiPoint"",""coordinates"":[]}",
0000000000000000000b_10,2000.0,Moscow,1.0979744080956948,3.829236698452007,3.828838263104672,2020.0,292.4477245533921,296.2769612518441,292.2292188879317,293.3271932960274,9.0,26.0,34.0,L5,L8,292.4477245533921,296.2765628164968,wat→bare,0.0006763415333776536,405.0,"{""type"":""MultiPoint"",""coordinates"":[]}",
0000000000000000000b_11,2000.0,Moscow,2.5259661744471487,6.302719806954826,6.302719806954826,2020.0,296.4565203905288,302.7592401974836,296.4565203905288,298.98248656497594,9.0,26.0,225.0,L5,L8,296.4565203905288,302.7592401974836,bare→imp,0.0044757895591168,501.0,"{""type"":""MultiPoint"",""coordinates"":[]}",
0000000000000000000b_12,2000.0,Moscow,-0.2469138855981327,5.4514301159154,5.4514301159154,2020.0,293.3120920999578,298.7635222158732,293.3120920999578,293.06517821435966,9.0,26.0,8.0,L5,L8,293.3120920999578,298.7635222158732,bare→veg,0.0001591391843241538,502.0,"{""type"":""MultiPoint"",""coordinates"":[]}",
0000000000000000000b_13,2000.0,Moscow,1.1319111918479052,3.0106352841161197,3.0106352841161197,2020.0,293.61471541281503,296.62535069693115,293.37569430675694,294.50760549860485,9.0,26.0,74.0,L5,L8,293.61471541281503,296.62535069693115,bare→wat,0.0014720374549984,504.0,"{""type"":""MultiPoint"",""coordinates"":[]}",
0000000000000000000b_14,2000.0,Moscow,2.585003312530148,6.24325410142086,6.2355337327664415,2020.0,295.5536974395927,301.7969515410136,295.450205803357,298.03520911588714,9.0,26.0,2231622.0,L5,L8,295.5536974395927,301.78923117235917,imp→imp,44.39231309997959,101.0,"{""type"":""MultiPoint"",""coordinates"":[]}",
0000000000000000000b_15,2000.0,Moscow,1.3686727024509082,5.236288750702556,5.187656365549401,2020.0,291.75189893493854,296.9881876856411,291.2081745424216,292.5768472448725,9.0,26.0,1829345.0,L5,L8,291.75189893493854,296.93955530048794,veg→veg,36.39005889343364,202.0,"{""type"":""MultiPoint"",""coordinates"":[]}",
0000000000000000000b_16,2000.0,Moscow,1.1111941890908383,4.705234994037596,4.664810725770678,2020.0,294.4180528243525,299.1232878183901,293.4090976470495,294.52029183614036,9.0,26.0,133180.0,L5,L8,294.4180528243525,299.0828635501232,crop→crop,2.64926957103635,303.0,"{""type"":""MultiPoint"",""coordinates"":[]}",
0000000000000000000b_17,2000.0,Moscow,1.8858013009293584,4.03444131260818,4.0270817673392685,2020.0,292.27043035906763,296.3048716716758,292.0869290345889,293.97273033551824,9.0,26.0,63715.0,L5,L8,292.27043035906763,296.2975121264069,wat→wat,1.2674441411516824,404.0,"{""type"":""MultiPoint"",""coordinates"":[]}",
0000000000000000000b_18,2000.0,Moscow,3.0843928702853987,7.879565707770041,7.879565707770041,2020.0,293.13009482692735,301.0096605346974,293.13009482692735,296.21448769721275,9.0,26.0,39.0,L5,L8,293.13009482692735,301.0096605346974,bare→bare,0.0007758035235802497,505.0,"{""type"":""MultiPoint"",""coordinates"":[]}",
0000000000000000000c_0,2000.0,Beijing,5.137286629306914,2.4285949183165485,2.4285949183165485,2020.0,309.13186829387513,311.5604632121917,305.7137643477595,310.8510509770664,37.0,31.0,1352.0,L5,L8,309.13186829387513,311.5604632121917,imp→veg,0.0056208188144437,102.0,"{""type"":""MultiPoint"",""coordinates"":[]}",
0000000000000000000c_1,2000.0,Beijing,3.647996358054968,0.908303955871986,0.908303955871986,2020.0,308.76842622908595,309.67673018495793,305.04668179392803,308.694678151983,37.0,31.0,24.0,L5,L8,308.76842622908595,309.67673018495793,imp→crop,9.977784877710814e-05,103.0,"{""type"":""MultiPoint"",""coordinates"":[]}",
0000000000000000000c_2,2000.0,Beijing,8.969961212928297,6.165813107962151,6.165813107962151,2020.0,306.9898498806331,313.1556629885952,304.1857017756669,313.1556629885952,37.0,31.0,25.0,L5,L8,306.9898498806331,313.1556629885952,imp→wat,0.00010393525914282096,104.0,"{""type"":""MultiPoint"",""coordinates"":[]}",
0000000000000000000c_3,2000.0,Beijing,6.260743912441569,2.7647910680279324,2.7647910680279324,2020.0,310.57495657486874,313.33974764289667,307.0790037304551,313.33974764289667,37.0,31.0,3.0,L5,L8,310.57495657486874,313.33974764289667,imp→bare,1.2472231097138518e-05,105.0,"{""type"":""MultiPoint"",""coordinates"":[]}",
0000000000000000000c_4,2000.0,Beijing,2.406053407114939,0.7431477468576304,0.7431477468576304,2020.0,309.3900562106571,310.13320395751475,305.9953535567419,308.40140696385686,37.0,31.0,1331591.0,L5,L8,309.3900562106571,310.13320395751475,veg→imp,5.535970226289924,201.0,"{""type"":""MultiPoint"",""coordinates"":[]}",
0000000000000000000c_5,2000.0,Beijing,2.4373337854373176,0.6814006660937935,0.6814006660937935,2020.0,308.88306848408814,309.56446915018194,305.3937335005516,307.8310672859889,37.0,31.0,271739.0,L5,L8,308.88306848408814,309.56446915018194,veg→crop,1.1297305353684413,203.0,"{""type"":""MultiPoint"",""coordinates"":[]}",
0000000000000000000c_6,2000.0,Beijing,-0.8321518075198924,-3.1839222724001957,-3.1839222724001957,2020.0,308.73581626610036,305.55189399370016,305.1718140020601,304.3396621945402,37.0,31.0,81587.0,L5,L8,308.73581626610036,305.55189399370016,veg→wat,0.3391906395074134,204.0,"{""type"":""MultiPoint"",""coordinates"":[]}",
0000000000000000000c_7,2000.0,Beijing,-0.5426506205764667,-1.3920217427140074,-1.3920217427140074,2020.0,307.54445372116214,306.15243197844813,304.47526220469405,303.9326115841176,37.0,31.0,3323.0,L5,L8,307.54445372116214,306.15243197844813,veg→bare,0.0138150746452637,205.0,"{""type"":""MultiPoint"",""coordinates"":[]}",
0000000000000000000c_8,2000.0,Beijing,5.0648936669044815,2.597352943924818,2.597352943924818,2020.0,308.32481603685693,310.92216898078175,304.48684886545203,309.5517425323565,37.0,31.0,1217275.0,L5,L8,308.32481603685693,310.92216898078175,crop→imp,5.060711702923096,301.0,"{""type"":""MultiPoint"",""coordinates"":[]}",
0000000000000000000c_9,2000.0,Beijing,0.6478481661893625,-1.5376886402799528,-1.5376886402799528,2020.0,309.8339947514514,308.2963061111715,305.7452703338169,306.39311850000627,37.0,31.0,945729.0,L5,L8,309.8339947514514,308.2963061111715,crop→veg,3.9317835477552374,302.0,"{""type"":""MultiPoint"",""coordinates"":[]}",
0000000000000000000c_10,2000.0,Beijing,0.3528226905497149,-1.1928621895465312,-1.1928621895465312,2020.0,304.94168513269676,303.74882294315023,302.39529763616616,302.7481203267159,37.0,31.0,43638.0,L5,L8,304.94168513269676,303.74882294315023,crop→wat,0.1814210735389768,304.0,"{""type"":""MultiPoint"",""coordinates"":[]}",
0000000000000000000c_11,2000.0,Beijing,7.26876094290742,3.56027713927125,3.56027713927125,2020.0,308.9594037688657,312.51968090813693,304.170754997913,311.4395159408204,37.0,31.0,534.0,L5,L8,308.9594037688657,312.51968090813693,crop→bare,0.0022200571352906,305.0,"{""type"":""MultiPoint"",""coordinates"":[]}",
0000000000000000000c_12,2000.0,Beijing,6.519436542562744,5.484669468626919,5.484669468626919,2020.0,304.3428795332521,309.827549001879,302.4547150295842,308.9741515721469,37.0,31.0,67823.0,L5,L8,304.3428795332521,309.827549001879,wat→imp,0.2819680432337418,401.0,"{""type"":""MultiPoint"",""coordinates"":[]}",
0000000000000000000c_13,2000.0,Beijing,3.849600125854351,2.475285034251101,2.475285034251101,2020.0,305.05903737666495,307.53432241091605,302.67420708088764,306.523807206742,37.0,31.0,37737.0,L5,L8,305.05903737666495,307.53432241091605,wat→veg,0.1568881949709054,402.0,"{""type"":""MultiPoint"",""coordinates"":[]}",
0000000000000000000c_14,2000.0,Beijing,3.551435418840242,2.1326914141639577,2.1326914141639577,2020.0,304.04688156539254,306.1795729795565,301.8837291975094,305.43516461634965,37.0,31.0,21277.0,L5,L8,304.04688156539254,306.1795729795565,wat→crop,0.088457220351272,403.0,"{""type"":""MultiPoint"",""coordinates"":[]}",
0000000000000000000c_15,2000.0,Beijing,3.0573874399528336,0.7938348000852216,0.7938348000852216,2020.0,304.96523491528177,305.759069715367,302.43479497879827,305.4921824187511,37.0,31.0,1307.0,L5,L8,304.96523491528177,305.759069715367,wat→bare,0.0054337353479866,405.0,"{""type"":""MultiPoint"",""coordinates"":[]}",
0000000000000000000c_16,2000.0,Beijing,1.8287444769840135,0.974286299159928,0.974286299159928,2020.0,309.00403193429497,309.9783182334549,306.69126406626026,308.5200085432443,37.0,31.0,275.0,L5,L8,309.00403193429497,309.9783182334549,bare→imp,0.001143287850571,501.0,"{""type"":""MultiPoint"",""coordinates"":[]}",
0000000000000000000c_17,2000.0,Beijing,-1.0994118817727667,-1.5292750136021027,-1.5292750136021027,2020.0,309.7773937013879,308.2481186877858,307.41474431364276,306.31533243187,37.0,31.0,130.0,L5,L8,309.7773937013879,308.2481186877858,bare→veg,0.000540463347542669,502.0,"{""type"":""MultiPoint"",""coordinates"":[]}",
0000000000000000000c_18,2000.0,Beijing,2.820642510396169,1.032911783939312,1.032911783939312,2020.0,307.1725179193798,308.2054297033191,304.1259644929641,306.94660700336027,37.0,31.0,53.0,L5,L8,307.1725179193798,308.2054297033191,bare→crop,0.00022034274938278044,503.0,"{""type"":""MultiPoint"",""coordinates"":[]}",
0000000000000000000c_19,2000.0,Beijing,0.0736384632776321,-0.980206655737561,-0.980206655737561,2020.0,306.0073301788679,305.02712352313034,303.34162994471234,303.41526840798997,37.0,31.0,548.0,L5,L8,306.0073301788679,305.02712352313034,bare→wat,0.0022782608804106,504.0,"{""type"":""MultiPoint"",""coordinates"":[]}",
0000000000000000000c_20,2000.0,Beijing,4.513791341849128,2.4379642504054004,2.4379642504054004,2020.0,309.3897519449663,311.8277161953717,305.9769342812239,310.49072562307305,37.0,31.0,4530193.0,L5,L8,309.3897519449663,311.8277161953717,imp→imp,18.833871336879746,101.0,"{""type"":""MultiPoint"",""coordinates"":[]}",
0000000000000000000c_21,2000.0,Beijing,-0.0962923882157724,-0.7909762874311355,-0.7909860404226947,2020.0,305.96770983517,305.1767335477389,303.04102957732727,302.9447371891115,37.0,31.0,12966638.0,L5,L8,305.96770983517,305.1767237947473,veg→veg,53.90763522964599,202.0,"{""type"":""MultiPoint"",""coordinates"":[]}",
0000000000000000000c_22,2000.0,Beijing,2.600439821526095,0.6400268864719578,0.6400268864719578,2020.0,308.91544474949615,309.5554716359681,305.03247130738225,307.63291112890835,37.0,31.0,2238398.0,L5,L8,308.91544474949615,309.5554716359681,crop→crop,9.305939047790886,303.0,"{""type"":""MultiPoint"",""coordinates"":[]}",
0000000000000000000c_23,2000.0,Beijing,3.140073997092202,3.1687828454764713,3.1687828454764713,2020.0,299.57512539176633,302.7439082372428,298.171891481342,301.3119654784342,37.0,31.0,291874.0,L5,L8,299.57512539176633,302.7439082372428,wat→wat,1.2134399930820692,404.0,"{""type"":""MultiPoint"",""coordinates"":[]}",
0000000000000000000c_24,2000.0,Beijing,0.0489793467817207,-1.1266889416022536,-1.1266889416022536,2020.0,307.78019435088123,306.653505409279,304.3616466858678,304.41062603264953,37.0,31.0,362.0,L5,L8,307.78019435088123,306.653505409279,bare→bare,0.001504982552388,505.0,"{""type"":""MultiPoint"",""coordinates"":[]}",
0000000000000000000d_0,2000.0,Shanghai,7.744771828831347,6.138237264334293,6.139523038236348,2020.0,309.91542614373293,316.0536634080672,306.9891433623655,314.73391519119684,36.0,28.0,777172.0,L5,L8,309.9141403698309,316.0536634080672,veg→imp,7.246988735990858,201.0,"{""type"":""MultiPoint"",""coordinates"":[]}",
0000000000000000000d_1,2000.0,Shanghai,4.324990322518374,4.029275863064186,4.031419014130279,2020.0,307.5443601224639,311.5736359855281,305.7905420049001,310.11553232741846,36.0,28.0,403397.0,L5,L8,307.5422169713978,311.5736359855281,veg→crop,3.761604271811779,203.0,"{""type"":""MultiPoint"",""coordinates"":[]}",
0000000000000000000d_2,2000.0,Shanghai,4.202768512722059,3.657874669912701,3.660725485537512,2020.0,307.4323901326456,311.0902648025583,305.5402461736694,309.74301468639146,36.0,28.0,92920.0,L5,L8,307.4295393170208,311.0902648025583,veg→wat,0.8664622417537823,204.0,"{""type"":""MultiPoint"",""coordinates"":[]}",
0000000000000000000d_3,2000.0,Shanghai,4.937349580933358,4.044425856055852,4.044835105953666,2020.0,307.3000101969321,311.34443605298793,305.7147760749654,310.6521256558988,36.0,28.0,1736.0,L5,L8,307.29960094703426,311.34443605298793,veg→bare,0.0161878869100792,205.0,"{""type"":""MultiPoint"",""coordinates"":[]}",
0000000000000000000d_4,2000.0,Shanghai,6.596620518821453,4.225184257525143,4.228428882925755,2020.0,311.2081823811111,315.43336663863624,307.04567850658196,313.6422990254034,36.0,28.0,698702.0,L5,L8,311.2049377557105,315.43336663863624,crop→imp,6.515270138160258,301.0,"{""type"":""MultiPoint"",""coordinates"":[]}",
0000000000000000000d_5,2000.0,Shanghai,4.549970904158954,4.6277579519165215,4.632728653501545,2020.0,308.02017988298627,312.6479378349028,305.8246736990667,310.37464460322565,36.0,28.0,287440.0,L5,L8,308.01520918140125,312.6479378349028,crop→veg,2.6803261598117434,302.0,"{""type"":""MultiPoint"",""coordinates"":[]}",
0000000000000000000d_6,2000.0,Shanghai,4.100812701535631,4.18618907245326,4.189938733438282,2020.0,307.09043483701066,311.2766239094639,305.3163396724956,309.4171523740312,36.0,28.0,23594.0,L5,L8,307.08668517602564,311.2766239094639,crop→wat,0.2200097947905589,304.0,"{""type"":""MultiPoint"",""coordinates"":[]}",
0000000000000000000d_7,2000.0,Shanghai,5.5313029638962234,5.217709371652575,5.217778702630312,2020.0,307.7783446406357,312.99605401228825,305.6328532582941,311.16415622219034,36.0,28.0,287.0,L5,L8,307.77827530965794,312.99605401228825,crop→bare,0.0026762232391663,305.0,"{""type"":""MultiPoint"",""coordinates"":[]}",
0000000000000000000d_8,2000.0,Shanghai,8.2320421451181,6.875075556106879,6.876579768067927,2020.0,308.54611207748843,315.4211876335953,304.8143350178854,313.0463771630035,36.0,28.0,187152.0,L5,L8,308.5446078655274,315.4211876335953,wat→imp,1.7451586468866107,401.0,"{""type"":""MultiPoint"",""coordinates"":[]}",
0000000000000000000d_9,2000.0,Shanghai,6.007849058892361,4.986856786574151,4.988023302811428,2020.0,306.403311907474,311.39016869404816,304.0952175670607,310.10306662595303,36.0,28.0,340098.0,L5,L8,306.40214539123673,311.39016869404816,wat→veg,3.1713525128710485,402.0,"{""type"":""MultiPoint"",""coordinates"":[]}",
0000000000000000000d_10,2000.0,Shanghai,3.857875541190083,3.9472658575018618,3.949154905521823,2020.0,306.78599238832345,310.7332582458253,304.1870770131818,308.0449525543719,36.0,28.0,165647.0,L5,L8,306.7841033403035,310.7332582458253,wat→crop,1.544628400342109,403.0,"{""type"":""MultiPoint"",""coordinates"":[]}",
0000000000000000000d_11,2000.0,Shanghai,5.523115302611359,4.195175018920395,4.195760488760527,2020.0,306.41636829116845,310.61154331008885,303.9535972001059,309.47671250271725,36.0,28.0,3823.0,L5,L8,306.4157828213283,310.61154331008885,wat→bare,0.0356487855168393,405.0,"{""type"":""MultiPoint"",""coordinates"":[]}",
0000000000000000000d_12,2000.0,Shanghai,7.245847734646759,7.033604587554862,7.033604587554862,2020.0,309.883986532979,316.91759112053387,308.2736176000423,315.5194653346891,36.0,28.0,1192.0,L5,L8,309.883986532979,316.91759112053387,bare→imp,0.0111151850212065,501.0,"{""type"":""MultiPoint"",""coordinates"":[]}",
0000000000000000000d_13,2000.0,Shanghai,4.602899034681343,3.455228285856947,3.4572099142517345,2020.0,306.9767194835495,310.43194776940646,305.0820933157043,309.68499235038564,36.0,28.0,861.0,L5,L8,306.97473785515473,310.43194776940646,bare→veg,0.0080286697174989,502.0,"{""type"":""MultiPoint"",""coordinates"":[]}",
0000000000000000000d_14,2000.0,Shanghai,3.3089912411994646,2.302740571965387,2.302828397957853,2020.0,307.1891730979006,309.491913669866,305.37555492571875,308.6845461669182,36.0,28.0,2048.0,L5,L8,307.18908527190814,309.491913669866,bare→crop,0.0190972306404621,503.0,"{""type"":""MultiPoint"",""coordinates"":[]}",
0000000000000000000d_15,2000.0,Shanghai,2.6899032364248683,1.6544266855432852,1.654532205330952,2020.0,306.97856301050837,308.63298969605165,305.1685291217958,307.8584323582207,36.0,28.0,1440.0,L5,L8,306.9784574907207,308.63298969605165,bare→wat,0.0134277402940749,504.0,"{""type"":""MultiPoint"",""coordinates"":[]}",
0000000000000000000d_16,2000.0,Shanghai,8.641748945420375,6.347406602799083,6.3490850297559405,2020.0,311.03788138365564,317.3852879864547,307.5515188975388,316.1932678429592,36.0,28.0,4235011.0,L5,L8,311.0362029566988,317.3852879864547,imp→imp,39.49071378510468,101.0,"{""type"":""MultiPoint"",""coordinates"":[]}",
0000000000000000000d_17,2000.0,Shanghai,5.021860944261107,4.52852674363254,4.532517264082514,2020.0,308.0048846863851,312.5334114300176,305.98507799254986,311.00693893681097,36.0,28.0,655053.0,L5,L8,308.0008941659351,312.5334114300176,veg→veg,6.108251085315759,202.0,"{""type"":""MultiPoint"",""coordinates"":[]}",
0000000000000000000d_18,2000.0,Shanghai,3.599915760760098,4.109767337819221,4.114520044761264,2020.0,307.34810896257983,311.45787630039905,305.69841296321647,309.29832872397657,36.0,28.0,1446332.0,L5,L8,307.3433562556378,311.45787630039905,crop→crop,13.486785052090308,303.0,"{""type"":""MultiPoint"",""coordinates"":[]}",
0000000000000000000d_19,2000.0,Shanghai,4.1208211906014185,3.664040996493668,3.668904334830529,2020.0,306.2049956503901,309.8690366468838,303.38803246272676,307.5088536533282,36.0,28.0,325407.0,L5,L8,306.20013231205326,309.8690366468838,wat→wat,3.034361587412538,404.0,"{""type"":""MultiPoint"",""coordinates"":[]}",
0000000000000000000d_20,2000.0,Shanghai,5.704766799927938,2.8659183340438403,2.8659184928331456,2020.0,305.41149967071203,308.2774180047559,301.3611526618482,307.06591946177616,36.0,28.0,1074756.0,L5,L8,305.4114995119227,308.2774180047559,bare→bare,10.02190586631864,505.0,"{""type"":""MultiPoint"",""coordinates"":[]}",
00000000000000000040_0,2000.0,Vienna,1.2827687731890478,0.7650927249530923,0.7649545635237587,2020.0,304.5083474191946,305.2734401441477,300.9001222147485,302.1828909879375,12.0,18.0,12047.0,L5,L8,304.5083474191946,305.27330198271835,veg→imp,1.7482273929107326,201.0,"{""type"":""MultiPoint"",""coordinates"":[]}",
00000000000000000040_1,2000.0,Vienna,1.1719294544026295,0.0448129396537524,0.0438565945246978,2020.0,308.76844645195723,308.813259391611,303.19703819782967,304.3689676522323,12.0,18.0,2109.0,L5,L8,308.76844645195723,308.81230304648193,veg→crop,0.3060522596205474,203.0,"{""type"":""MultiPoint"",""coordinates"":[]}",
00000000000000000040_2,2000.0,Vienna,2.524675618934225,1.1108606671849088,1.11010230731722,2020.0,301.04071656744463,302.15157723462954,296.9606674703965,299.48534308933074,12.0,18.0,376.0,L5,L8,301.04071656744463,302.15081887476185,veg→wat,0.054564082322108,204.0,"{""type"":""MultiPoint"",""coordinates"":[]}",
00000000000000000040_3,2000.0,Vienna,1.5737816938063247,0.8747717723740607,0.8747717723740607,2020.0,304.6228765279104,305.4976483002845,299.7955004700509,301.36928216385724,12.0,18.0,4.0,L5,L8,304.6228765279104,305.4976483002845,veg→bare,0.0005804689608734897,205.0,"{""type"":""MultiPoint"",""coordinates"":[]}",
00000000000000000040_4,2000.0,Vienna,1.548531329448508,-0.5216205108677627,-0.5225245511867342,2020.0,310.6264249575087,310.1048044466409,304.00161719264196,305.55014852209047,12.0,18.0,7187.0,L5,L8,310.6264249575087,310.10390040632194,crop→imp,1.0429576054494425,301.0,"{""type"":""MultiPoint"",""coordinates"":[]}",
00000000000000000040_5,2000.0,Vienna,-0.1488957388386893,-1.966824221528384,-1.9672840843304016,2020.0,309.0197355615025,307.0529113399741,303.4848918588792,303.33599612004053,12.0,18.0,5196.0,L5,L8,309.0197355615025,307.0524514771721,crop→veg,0.7540291801746631,302.0,"{""type"":""MultiPoint"",""coordinates"":[]}",
00000000000000000040_6,2000.0,Vienna,0.9320425149771268,-3.539745147659005,-3.539745147659005,2020.0,307.64580470868407,304.10605956102506,302.5473688154621,303.47941133043923,12.0,18.0,47.0,L5,L8,307.64580470868407,304.10605956102506,crop→wat,0.0068205102902635,304.0,"{""type"":""MultiPoint"",""coordinates"":[]}",
00000000000000000040_7,2000.0,Vienna,2.182851431741085,1.5754301355725602,1.575045172097532,2020.0,301.7035259167059,303.2789560522785,299.02148366041826,301.20433509215934,12.0,18.0,6869.0,L5,L8,301.7035259167059,303.27857108880346,wat→imp,0.9968103230600002,401.0,"{""type"":""MultiPoint"",""coordinates"":[]}",
00000000000000000040_8,2000.0,Vienna,2.7110398643035296,1.287553244956143,1.2874442659441456,2020.0,299.8148153697962,301.1023686147523,296.3061898429961,299.01722970729963,12.0,18.0,417.0,L5,L8,299.8148153697962,301.1022596357403,wat→veg,0.0605138891710613,402.0,"{""type"":""MultiPoint"",""coordinates"":[]}",
00000000000000000040_9,2000.0,Vienna,,,,2020.0,,,,,12.0,18.0,70.0,L5,L8,,,wat→crop,0.010158206815286,403.0,"{""type"":""MultiPoint"",""coordinates"":[]}",
00000000000000000040_10,2000.0,Vienna,2.59861978789894,1.2715344869426417,1.2715344869426417,2020.0,299.05889175964927,300.3304262465919,293.39490751822734,295.9935273061263,12.0,18.0,4.0,L5,L8,299.05889175964927,300.3304262465919,wat→bare,0.0005804689608734897,405.0,"{""type"":""MultiPoint"",""coordinates"":[]}",
00000000000000000040_11,2000.0,Vienna,3.8772120309649263,1.6632836459345413,1.6632836459345413,2020.0,303.3015404842185,304.96482413015303,299.54059884326284,303.41781087422777,12.0,18.0,29.0,L5,L8,303.3015404842185,304.96482413015303,bare→imp,0.0042083999663328,501.0,"{""type"":""MultiPoint"",""coordinates"":[]}",
00000000000000000040_12,2000.0,Vienna,2.495875845790522,1.1595608738663827,1.1595608738663827,2020.0,295.9448415622614,297.10440243612777,293.6236006502197,296.11947649601024,12.0,18.0,19.0,L5,L8,295.9448415622614,297.10440243612777,bare→wat,0.002757227564149,504.0,"{""type"":""MultiPoint"",""coordinates"":[]}",
00000000000000000040_13,2000.0,Vienna,1.3275123600907364,1.0684638028599809,1.0682645407802625,2020.0,307.30279969204094,308.3712634949009,303.9255138268796,305.2530261869703,12.0,18.0,428032.0,L5,L8,307.30279969204094,308.3710642328212,imp→imp,62.114822565150384,101.0,"{""type"":""MultiPoint"",""coordinates"":[]}",
00000000000000000040_14,2000.0,Vienna,-0.0539774198734335,-0.0422980448563521,-0.0425007191274744,2020.0,301.9177013078921,301.87540326303576,298.340435007475,298.28645758760155,12.0,18.0,156452.0,L5,L8,301.9177013078921,301.87520058876464,veg→veg,22.703882466644803,202.0,"{""type"":""MultiPoint"",""coordinates"":[]}",
00000000000000000040_15,2000.0,Vienna,1.8805489493502705,0.7785569609059735,0.7758529290984484,2020.0,310.09745851903546,310.87601547994143,303.4124965054729,305.2930454548232,12.0,18.0,51759.0,L5,L8,310.09745851903546,310.8733114481339,crop→crop,7.511123236462739,303.0,"{""type"":""MultiPoint"",""coordinates"":[]}",
00000000000000000040_16,2000.0,Vienna,2.170494011217727,1.4525390295364105,1.452373880064556,2020.0,297.7999208910599,299.2524599205963,295.31212336146956,297.4826173726873,12.0,18.0,18481.0,L5,L8,297.7999208910599,299.25229477112447,wat→wat,2.681911716475741,404.0,"{""type"":""MultiPoint"",""coordinates"":[]}",
0000000000000000001d_0,2000.0,Amman,-2.885943848763418,-4.367525225571683,-4.3624190250986885,2020.0,323.6843373433491,319.31681211777743,319.0510786628921,316.1651348141287,11.0,16.0,113413.0,L5,L8,323.6307261091662,319.2683070840675,veg→imp,1.140665213206021,201.0,"{""type"":""MultiPoint"",""coordinates"":[]}",
0000000000000000001d_1,2000.0,Amman,-1.124216502529066,-2.452505342917334,-2.443273711616939,2020.0,325.36876213436807,322.91625679145073,320.0111267591975,318.88691025666844,11.0,16.0,29912.0,L5,L8,325.24739709483595,322.804123383219,veg→crop,0.3008436233713816,203.0,"{""type"":""MultiPoint"",""coordinates"":[]}",
0000000000000000001d_2,2000.0,Amman,-4.977268819648543,-7.54235551326741,-7.610250125079688,2020.0,324.1614626200065,316.6191071067391,318.2702887286921,313.29301990904355,11.0,16.0,51.0,L5,L8,324.0095072606963,316.3992571356166,veg→wat,0.0005129387801531313,204.0,"{""type"":""MultiPoint"",""coordinates"":[]}",
0000000000000000001d_3,2000.0,Amman,0.0712498785587172,-2.3510557746928384,-2.3510846197691535,2020.0,325.65985944971294,323.3088036750201,319.9225099641809,319.9937598427396,11.0,16.0,49137.0,L5,L8,325.5508023006697,323.19971768090056,veg→bare,0.4942014282428316,205.0,"{""type"":""MultiPoint"",""coordinates"":[]}",
0000000000000000001d_4,2000.0,Amman,-3.684553307262206,-5.152791560471485,-5.072387423448845,2020.0,327.6430222716008,322.4902307111293,322.14716566405775,318.46261235679555,11.0,16.0,65918.0,L5,L8,327.3818066232941,322.30941919984525,crop→imp,0.6629784021594923,301.0,"{""type"":""MultiPoint"",""coordinates"":[]}",
0000000000000000001d_5,2000.0,Amman,-1.6541642617343086,-3.29030252789687,-3.245820266853798,2020.0,326.368994131728,323.07869160383115,320.64347458282873,318.9893103210944,11.0,16.0,29248.0,L5,L8,326.2053858597975,322.9595655929437,crop→veg,0.2941653616062507,302.0,"{""type"":""MultiPoint"",""coordinates"":[]}",
0000000000000000001d_6,2000.0,Amman,-5.77807028807365,-7.485078666411994,-7.367026740899803,2020.0,327.0115091530815,319.5264304866695,321.1480283982529,315.36995811017925,11.0,16.0,117.0,L5,L8,326.78026425258247,319.41323751168267,crop→wat,0.0011767419074101,304.0,"{""type"":""MultiPoint"",""coordinates"":[]}",
0000000000000000001d_7,2000.0,Amman,-0.1983077970750173,-1.859165995993294,-1.7317180077718035,2020.0,327.5665635050838,325.7073975090905,321.2908704081738,321.0925626110988,11.0,16.0,67517.0,L5,L8,327.0239874416924,325.2922694339206,crop→bare,0.6790605415607641,305.0,"{""type"":""MultiPoint"",""coordinates"":[]}",
0000000000000000001d_8,2000.0,Amman,-0.1777885182053751,0.1965881323208123,0.2548659558894997,2020.0,317.1030144082157,317.2996025405365,313.80939385645445,313.6316053382491,11.0,16.0,2.0,L5,L8,317.044736584647,317.2996025405365,wat→imp,2.0115246280514953e-05,401.0,"{""type"":""MultiPoint"",""coordinates"":[]}",
0000000000000000001d_9,2000.0,Amman,1.4120623498826603,-0.2966708563861289,0.4517403013359171,2020.0,325.67212326456144,325.3754524081753,319.28431849088093,320.6963808407636,11.0,16.0,2.0,L5,L8,324.59928800918317,325.0510283105191,wat→veg,2.0115246280514953e-05,402.0,"{""type"":""MultiPoint"",""coordinates"":[]}",
0000000000000000001d_10,2000.0,Amman,2.381221575824384,0.3591871022917985,0.2641164491791983,2020.0,320.8425384925021,321.2017255947939,315.03039963738894,317.4116212132133,11.0,16.0,19.0,L5,L8,320.1430524122282,320.4071688614074,wat→bare,0.00019109483966489208,405.0,"{""type"":""MultiPoint"",""coordinates"":[]}",
0000000000000000001d_11,2000.0,Amman,-0.3232567328475966,-1.6891847073602548,-1.5996840371466874,2020.0,324.14744011782204,322.4582554104618,318.97420981333977,318.6509530804922,11.0,16.0,67351.0,L5,L8,323.77843796997024,322.17875393282355,bare→imp,0.6773909761194814,501.0,"{""type"":""MultiPoint"",""coordinates"":[]}",
0000000000000000001d_12,2000.0,Amman,0.8521991204099777,-0.3068209728223223,-0.4743334865288489,2020.0,324.1746378663788,323.8678168935565,318.9940895053522,319.84628862576216,11.0,16.0,37278.0,L5,L8,323.88483051823096,323.4104970317021,bare→veg,0.3749280754225182,502.0,"{""type"":""MultiPoint"",""coordinates"":[]}",
0000000000000000001d_13,2000.0,Amman,0.7390010981159776,-0.2640444557005139,-0.3120670037203013,2020.0,325.72045204811405,325.45640759241354,319.92936358275637,320.66836468087234,11.0,16.0,78221.0,L5,L8,325.3014252529168,324.98935824919647,bare→crop,0.7867173396540802,503.0,"{""type"":""MultiPoint"",""coordinates"":[]}",
0000000000000000001d_14,2000.0,Amman,-6.841200195129716,-9.599703959005808,-9.628352378858835,2020.0,324.63613574636054,315.03643178735473,318.14610356808794,311.3049033729582,11.0,16.0,723.0,L5,L8,324.47878421855694,314.8504318396981,bare→wat,0.0072716615304061,504.0,"{""type"":""MultiPoint"",""coordinates"":[]}",
0000000000000000001d_15,2000.0,Amman,-1.6847551343399232,-2.390290898394369,-2.3821659499529915,2020.0,321.5109202230853,319.1206293246909,317.49750540437503,315.8127502700351,11.0,16.0,502689.0,L5,L8,321.42087665210676,319.03871070215376,imp→imp,5.055856518752891,101.0,"{""type"":""MultiPoint"",""coordinates"":[]}",
0000000000000000001d_16,2000.0,Amman,-0.973991456115698,-3.306353089953518,-3.3191445825151504,2020.0,324.02247315105404,320.7161200611005,318.5631946093581,317.5892031532424,11.0,16.0,355198.0,L5,L8,323.97757982544226,320.6584352429271,veg→veg,3.572447624173175,202.0,"{""type"":""MultiPoint"",""coordinates"":[]}",
0000000000000000001d_17,2000.0,Amman,-1.291676925526474,-2.407384189787706,-2.3464027848615956,2020.0,327.43989721118965,325.03251302140194,321.478207198522,320.1865302729955,11.0,16.0,511398.0,L5,L8,327.15801464566704,324.81161186080544,crop→crop,5.143448358681393,303.0,"{""type"":""MultiPoint"",""coordinates"":[]}",
0000000000000000001d_18,2000.0,Amman,-4.082836667820516,-5.70761359155108,-5.2872339338248935,2020.0,323.0353250430251,317.32771145147404,317.26488741939824,313.1820507515777,11.0,16.0,25.0,L5,L8,322.2634961106572,316.9762621768323,wat→wat,0.0002514405785064369,404.0,"{""type"":""MultiPoint"",""coordinates"":[]}",
0000000000000000001d_19,2000.0,Amman,1.56898964987937,-1.273996324367431,-1.3118729403034877,2020.0,326.2209808500205,324.9469845256531,319.6991284094584,321.2681180593378,11.0,16.0,8034488.0,L5,L8,326.0368177645444,324.72494482424094,bare→bare,80.80785242892101,505.0,"{""type"":""MultiPoint"",""coordinates"":[]}",
00000000000000000029_0,,Astana,,,,,,,,,,,,,,,,NO_DATA,,,"{""type"":""MultiPoint"",""coordinates"":[]}",Insufficient LST imagery
00000000000000000049_0,2000.0,Harare,8.137928053611063,19.06899190682759,18.982215442945577,2020.0,298.0029785577095,317.0719704645371,297.76112463245437,305.89905268606543,4.0,36.0,204688.0,L5,L8,298.0029785577095,316.9851940006551,veg→imp,18.221051132317335,201.0,"{""type"":""MultiPoint"",""coordinates"":[]}",
00000000000000000049_1,2000.0,Harare,9.156713213953878,21.473188711184775,21.410473832745197,2020.0,297.633602219034,319.1067909302188,297.3563955146068,306.51310872856067,4.0,36.0,43183.0,L5,L8,297.633602219034,319.0440760517792,veg→crop,3.844092721834497,203.0,"{""type"":""MultiPoint"",""coordinates"":[]}",
00000000000000000049_2,2000.0,Harare,5.64003497573583,14.208632372783311,14.03442970788035,2020.0,297.4691699498546,311.6778023226379,297.4645410691115,303.1045760448473,4.0,36.0,267.0,L5,L8,297.4691699498546,311.5035996577349,veg→wat,0.0237679817689787,204.0,"{""type"":""MultiPoint"",""coordinates"":[]}",
00000000000000000049_3,2000.0,Harare,11.889068193504386,18.63006255756568,18.62533860804757,2020.0,292.4325627556694,311.06262531323506,292.4325627556694,304.32163094917377,4.0,36.0,55.0,L5,L8,292.4325627556694,311.05790136371695,veg→bare,0.004896026207093,205.0,"{""type"":""MultiPoint"",""coordinates"":[]}",
00000000000000000049_4,2000.0,Harare,8.051453631287302,18.937553011769353,18.838740714731102,2020.0,298.4523260936196,317.38987910538896,298.2170453358607,306.268498967148,4.0,36.0,35215.0,L5,L8,298.4523260936196,317.2910668083507,crop→imp,3.1347920524141863,301.0,"{""type"":""MultiPoint"",""coordinates"":[]}",
00000000000000000049_5,2000.0,Harare,8.108043598665233,19.434312142257227,19.346395170970595,2020.0,298.43488294301255,317.8691950852698,298.03745172024253,306.14549531890776,4.0,36.0,7288.0,L5,L8,298.43488294301255,317.78127811398315,crop→veg,0.6487679817689788,302.0,"{""type"":""MultiPoint"",""coordinates"":[]}",
00000000000000000049_6,2000.0,Harare,9.903426360447495,18.30847449914739,18.308231200281284,2020.0,294.14354908805274,312.45202358720013,294.14354908805274,304.04697544850023,4.0,36.0,39.0,L5,L8,294.14354908805274,312.451780288334,crop→wat,0.0034717276741204,304.0,"{""type"":""MultiPoint"",""coordinates"":[]}",
00000000000000000049_7,2000.0,Harare,9.137230067575388,18.27145554249267,18.156744095501494,2020.0,295.97262122025666,314.24407676274933,295.92256114866177,305.05979121623716,4.0,36.0,657.0,L5,L8,295.97262122025666,314.12936531575815,wat→imp,0.0584852585101837,401.0,"{""type"":""MultiPoint"",""coordinates"":[]}",
00000000000000000049_8,2000.0,Harare,11.202875040328763,19.76646124007584,19.696723859403903,2020.0,295.86860139640953,315.6350626364854,295.8041819440906,307.00705698441936,4.0,36.0,4625.0,L5,L8,295.86860139640953,315.56532525581343,wat→veg,0.4117112946873664,402.0,"{""type"":""MultiPoint"",""coordinates"":[]}",
00000000000000000049_9,2000.0,Harare,12.349371011151334,21.079098921014577,20.997019954550012,2020.0,295.99478690716427,317.07388582817885,295.9332861297981,308.2826571409494,4.0,36.0,585.0,L5,L8,295.99478690716427,316.9918068617143,wat→crop,0.0520759151118074,403.0,"{""type"":""MultiPoint"",""coordinates"":[]}",
00000000000000000049_10,2000.0,Harare,11.5296632834021,19.357284706315284,19.328643725859425,2020.0,295.74962309950087,315.10690780581615,295.74811125775267,307.27777454115477,4.0,36.0,682.0,L5,L8,295.74962309950087,315.0782668253603,wat→bare,0.0607107249679532,405.0,"{""type"":""MultiPoint"",""coordinates"":[]}",
00000000000000000049_11,2000.0,Harare,7.799759583378318,14.088129759235926,14.082386644070652,2020.0,298.34368328628227,312.4318130455182,298.2367880851166,306.0365476684949,4.0,36.0,62.0,L5,L8,298.34368328628227,312.4260699303529,bare→imp,0.0055191568152684,501.0,"{""type"":""MultiPoint"",""coordinates"":[]}",
00000000000000000049_12,2000.0,Harare,8.005492432107872,16.766859326359224,16.76589896297895,2020.0,296.7141737710729,313.48103309743215,296.7141737710729,304.7196662031808,4.0,36.0,5.0,L5,L8,296.7141737710729,313.4800727340519,bare→veg,0.0004450932915539097,502.0,"{""type"":""MultiPoint"",""coordinates"":[]}",
00000000000000000049_13,2000.0,Harare,7.575965220518185,13.99123716278001,13.905925216791388,2020.0,294.6083635410471,308.5996007038271,294.4797033405307,302.0556685610489,4.0,36.0,15.0,L5,L8,294.6083635410471,308.5142887578385,bare→wat,0.0013352798746617,504.0,"{""type"":""MultiPoint"",""coordinates"":[]}",
00000000000000000049_14,2000.0,Harare,7.458836829489542,17.19853528262405,17.14188876824238,2020.0,298.5579391574775,315.75647444010156,298.37046516721045,305.8293019967,4.0,36.0,509312.0,L5,L8,298.5579391574775,315.6998279257199,imp→imp,45.33827090158098,101.0,"{""type"":""MultiPoint"",""coordinates"":[]}",
00000000000000000049_15,2000.0,Harare,8.071484510639834,19.797645716043007,19.674942075390675,2020.0,297.59723057582545,317.39487629186846,297.3575947348827,305.42907924552253,4.0,36.0,269090.0,L5,L8,297.59723057582545,317.2721726512161,veg→veg,23.954030764848312,202.0,"{""type"":""MultiPoint"",""coordinates"":[]}",
00000000000000000049_16,2000.0,Harare,8.589872207982694,20.717816738791157,20.62910140958394,2020.0,297.94719644429705,318.6650131830882,297.5165059599673,306.10637816794997,4.0,36.0,46101.0,L5,L8,297.94719644429705,318.576297853881,crop→crop,4.103849166785358,303.0,"{""type"":""MultiPoint"",""coordinates"":[]}",
00000000000000000049_17,2000.0,Harare,6.999906471050394,13.719506365196937,13.64855863230946,2020.0,295.5453887209958,309.2648950861927,295.4438670974379,302.44377356848827,4.0,36.0,1486.0,L5,L8,295.5453887209958,309.19394735330525,wat→wat,0.1322817262498219,404.0,"{""type"":""MultiPoint"",""coordinates"":[]}",
00000000000000000049_18,2000.0,Harare,12.731159168270269,18.93976837918092,18.93520831387866,2020.0,292.74430482562934,311.68407320481026,292.74430482562934,305.4754639938996,4.0,36.0,5.0,L5,L8,292.74430482562934,311.679513139508,bare→bare,0.0004450932915539097,505.0,"{""type"":""MultiPoint"",""coordinates"":[]}",
0000000000000000004d_0,2000.0,Kinshasa,4.136077499951966,6.858845013729194,6.858845013729194,2020.0,295.379351079837,302.2381960935662,295.379351079837,299.515428579789,1.0,23.0,216723.0,L5,L8,295.379351079837,302.2381960935662,veg→imp,1.7991231139540935,201.0,"{""type"":""MultiPoint"",""coordinates"":[]}",
0000000000000000004d_1,2000.0,Kinshasa,4.425786182363197,8.394382527310768,8.394382527310768,2020.0,296.53630681199706,304.93068933930783,296.53630681199706,300.96209299436026,1.0,23.0,1303064.0,L5,L8,296.53630681199706,304.93068933930783,veg→crop,10.817368536618066,203.0,"{""type"":""MultiPoint"",""coordinates"":[]}",
0000000000000000004d_2,2000.0,Kinshasa,2.254461605856477,4.122658899031649,4.122658899031649,2020.0,295.1628944542054,299.28555335323705,295.1628944542054,297.4173560600619,1.0,23.0,34897.0,L5,L8,295.1628944542054,299.28555335323705,veg→wat,0.2896969832812207,204.0,"{""type"":""MultiPoint"",""coordinates"":[]}",
0000000000000000004d_3,2000.0,Kinshasa,2.1572338167425187,3.7561229242380705,3.7561229242380705,2020.0,294.99796033935286,298.7540832635909,294.99796033935286,297.1551941560954,1.0,23.0,350.0,L5,L8,294.99796033935286,298.7540832635909,veg→bare,0.0029055203641696,205.0,"{""type"":""MultiPoint"",""coordinates"":[]}",
0000000000000000004d_4,2000.0,Kinshasa,2.546772002391492,5.509553059677728,5.509553059677728,2020.0,297.3436288918266,302.8531819515043,297.3436288918266,299.8904008942181,1.0,23.0,11014.0,L5,L8,297.3436288918266,302.8531819515043,crop→imp,0.0914325751170405,301.0,"{""type"":""MultiPoint"",""coordinates"":[]}",
0000000000000000004d_5,2000.0,Kinshasa,5.988372868629483,9.321331100214366,9.321331100214366,2020.0,294.339036247022,303.6603673472364,294.339036247022,300.3274091156515,1.0,23.0,120116.0,L5,L8,294.339036247022,303.6603673472364,crop→veg,0.9971413830359948,302.0,"{""type"":""MultiPoint"",""coordinates"":[]}",
0000000000000000004d_6,2000.0,Kinshasa,,,,2020.0,,304.35598525113227,,299.1783098098974,1.0,23.0,67.0,L5,L8,,304.35598525113227,crop→wat,0.0005561996125696131,304.0,"{""type"":""MultiPoint"",""coordinates"":[]}",
0000000000000000004d_7,2000.0,Kinshasa,,,,2020.0,,299.5245520601527,,297.7602947667848,1.0,23.0,2807.0,L5,L8,,299.5245520601527,wat→imp,0.0233022733206403,401.0,"{""type"":""MultiPoint"",""coordinates"":[]}",
0000000000000000004d_8,2000.0,Kinshasa,2.667729177038325,5.129658806580608,5.129658806580608,2020.0,295.0396298256194,300.1692886322,295.0396298256194,297.7073590026577,1.0,23.0,18264.0,L5,L8,295.0396298256194,300.1692886322,wat→veg,0.1516183540891256,402.0,"{""type"":""MultiPoint"",""coordinates"":[]}",
0000000000000000004d_9,2000.0,Kinshasa,,,,2020.0,,301.16062348511934,,298.1099919842067,1.0,23.0,240.0,L5,L8,,301.16062348511934,wat→crop,0.0019923568211448,403.0,"{""type"":""MultiPoint"",""coordinates"":[]}",
0000000000000000004d_10,2000.0,Kinshasa,1.3375105905150235,3.148106639638399,3.148106639638399,2020.0,295.6854477441254,298.8335543837638,295.6854477441254,297.0229583346404,1.0,23.0,957.0,L5,L8,295.6854477441254,298.8335543837638,wat→bare,0.0079445228243152,405.0,"{""type"":""MultiPoint"",""coordinates"":[]}",
0000000000000000004d_11,2000.0,Kinshasa,,,,2020.0,,302.5157623386583,,298.9982001878443,1.0,23.0,304.0,L5,L8,,302.5157623386583,bare→imp,0.0025236519734501,501.0,"{""type"":""MultiPoint"",""coordinates"":[]}",
0000000000000000004d_12,2000.0,Kinshasa,1.2538527531659724,3.4387205006082695,3.4387205006082695,2020.0,295.60202805007305,299.0407485506813,295.60202805007305,296.855880803239,1.0,23.0,1307.0,L5,L8,295.60202805007305,299.0407485506813,bare→veg,0.0108500431884848,502.0,"{""type"":""MultiPoint"",""coordinates"":[]}",
0000000000000000004d_13,2000.0,Kinshasa,,,,2020.0,,,,,1.0,23.0,2.0,L5,L8,,,bare→crop,1.6602973509540692e-05,503.0,"{""type"":""MultiPoint"",""coordinates"":[]}",
0000000000000000004d_14,2000.0,Kinshasa,2.276989838447264,4.359741774007034,4.359741774007034,2020.0,295.2560141855535,299.61575595956054,295.2560141855535,297.5330040240008,1.0,23.0,5488.0,L5,L8,295.2560141855535,299.61575595956054,bare→wat,0.0455585593101796,504.0,"{""type"":""MultiPoint"",""coordinates"":[]}",
0000000000000000004d_15,2000.0,Kinshasa,2.989179020967015,6.034668894408583,6.034668894408583,2020.0,297.34485947553605,303.37952836994464,297.34485947553605,300.33403849650307,1.0,23.0,309732.0,L5,L8,297.34485947553605,303.37952836994464,imp→imp,2.571236095528529,101.0,"{""type"":""MultiPoint"",""coordinates"":[]}",
0000000000000000004d_16,2000.0,Kinshasa,3.8923161415036134,6.783431817412975,6.783431707463649,2020.0,295.87905509477434,302.6624869121873,295.87905509477434,299.77137123627796,1.0,23.0,9347144.0,L5,L8,295.87905509477434,302.662486802238,veg→veg,77.59519211093111,202.0,"{""type"":""MultiPoint"",""coordinates"":[]}",
0000000000000000004d_17,2000.0,Kinshasa,6.417520818345224,9.741257383725896,9.741257383725896,2020.0,293.6166498219816,303.3579072057075,293.6166498219816,300.0341706403268,1.0,23.0,358049.0,L5,L8,293.6166498219816,303.3579072057075,crop→crop,2.9723390310587674,303.0,"{""type"":""MultiPoint"",""coordinates"":[]}",
0000000000000000004d_18,2000.0,Kinshasa,2.3389490225289933,4.331344669556586,4.331344669556586,2020.0,294.9670293814135,299.2983740509701,294.9670293814135,297.3059784039425,1.0,23.0,315400.0,L5,L8,294.9670293814135,299.2983740509701,wat→wat,2.618288922454567,404.0,"{""type"":""MultiPoint"",""coordinates"":[]}",
0000000000000000004d_19,2000.0,Kinshasa,4.270596649931633,6.326127324890933,6.326127324890933,2020.0,293.81751984024777,300.1436471651387,293.81751984024777,298.0881164901794,1.0,23.0,110.0,L5,L8,293.81751984024777,300.1436471651387,bare→bare,0.000913163543024738,505.0,"{""type"":""MultiPoint"",""coordinates"":[]}",
0000000000000000004f_0,2000.0,Blantyre,20.00465785476524,29.1342677557696,29.058098150532544,2020.0,284.9049490584053,314.0392168141749,284.6343808731775,304.63903872794276,3.0,22.0,69692.0,L5,L8,284.9049490584053,313.96304720893784,veg→imp,2.990995940018712,201.0,"{""type"":""MultiPoint"",""coordinates"":[]}",
0000000000000000004f_1,2000.0,Blantyre,21.427545910173876,31.66071086788264,31.545943509824212,2020.0,284.18204911746994,315.8427599853526,283.595114620744,305.0226605309179,3.0,22.0,138510.0,L5,L8,284.18204911746994,315.72799262729416,veg→crop,5.944482116340351,203.0,"{""type"":""MultiPoint"",""coordinates"":[]}",
0000000000000000004f_2,2000.0,Blantyre,18.756447864746804,27.00755994977237,26.56543387910375,2020.0,284.3746283157585,311.3821882655309,284.30901126103106,303.06545912577786,3.0,22.0,435.0,L5,L8,284.3746283157585,310.94006219486226,veg→wat,0.0186690471490004,204.0,"{""type"":""MultiPoint"",""coordinates"":[]}",
0000000000000000004f_3,2000.0,Blantyre,20.102757522180585,28.425004398238173,28.35743817000832,2020.0,285.00167950456887,313.42668390280704,284.37843203664886,304.48118955882944,3.0,22.0,42918.0,L5,L8,285.00167950456887,313.3591176745772,crop→imp,1.841926817335176,301.0,"{""type"":""MultiPoint"",""coordinates"":[]}",
0000000000000000004f_4,2000.0,Blantyre,22.439976642743375,32.839650749319446,32.73488642451275,2020.0,282.52415500765636,315.3638057569758,282.20448929292786,304.64446593567124,3.0,22.0,31684.0,L5,L8,282.52415500765636,315.2590414321691,crop→veg,1.3597933100435182,302.0,"{""type"":""MultiPoint"",""coordinates"":[]}",
0000000000000000004f_5,2000.0,Blantyre,26.671856826516432,33.50996482459766,33.50996482459766,2020.0,277.18717960593654,310.6971444305342,277.18717960593654,303.85903643245297,3.0,22.0,55.0,L5,L8,277.18717960593654,310.6971444305342,wat→imp,0.0023604542372299,401.0,"{""type"":""MultiPoint"",""coordinates"":[]}",
0000000000000000004f_6,2000.0,Blantyre,19.331462239865516,28.288124856220804,28.197385766243823,2020.0,282.51126743368917,310.79939228991,282.50647096364935,301.83793320351486,3.0,22.0,564.0,L5,L8,282.51126743368917,310.708653199933,wat→veg,0.0242053852690488,402.0,"{""type"":""MultiPoint"",""coordinates"":[]}",
0000000000000000004f_7,2000.0,Blantyre,,,,2020.0,,,,,3.0,22.0,4.0,L5,L8,,,wat→crop,0.00017166939907126854,403.0,"{""type"":""MultiPoint"",""coordinates"":[]}",
0000000000000000004f_8,2000.0,Blantyre,,,,2020.0,,,,,3.0,22.0,6.0,L5,L8,,,bare→wat,0.00025750409860690284,504.0,"{""type"":""MultiPoint"",""coordinates"":[]}",
0000000000000000004f_9,2000.0,Blantyre,20.567002659279694,29.37423695815744,29.254398714831495,2020.0,283.9390608225538,313.31329778071125,283.7557559697287,304.3227586290084,3.0,22.0,262636.0,L5,L8,283.9390608225538,313.1934595373853,imp→imp,11.27164107362042,101.0,"{""type"":""MultiPoint"",""coordinates"":[]}",
0000000000000000004f_10,2000.0,Blantyre,21.304851431205577,32.21728922540092,32.11055949491134,2020.0,282.87624327983946,315.0935325052404,282.77368176515495,304.0785331963605,3.0,22.0,1440355.0,L5,L8,282.87624327983946,314.9868027747508,veg→veg,61.81621932482425,202.0,"{""type"":""MultiPoint"",""coordinates"":[]}",
0000000000000000004f_11,2000.0,Blantyre,22.485999885773825,32.808537196767816,32.70777140286117,2020.0,283.16125894066437,315.9697961374322,282.5750422330019,305.06104211877573,3.0,22.0,340460.0,L5,L8,283.16125894066437,315.86903034352554,crop→crop,14.611640901951024,303.0,"{""type"":""MultiPoint"",""coordinates"":[]}",
0000000000000000004f_12,2000.0,Blantyre,20.213125120487405,28.586057718072368,28.457450588907932,2020.0,281.48997240653296,310.0760301246053,281.4824980046176,301.695623125105,3.0,22.0,2741.0,L5,L8,281.48997240653296,309.9474229954409,wat→wat,0.1176364557135867,404.0,"{""type"":""MultiPoint"",""coordinates"":[]}",
0,2000.0,National Capital District,0.1953782030910247,,,2020.0,,,305.1267989545433,305.3221771576343,,,93534.37647058823,,,,,imp→imp,24.484541527427854,101.0,"{""type"":""MultiPoint"",""coordinates"":[]}",
1,2000.0,National Capital District,0.6422557556215907,,,2020.0,,,305.1658422439391,305.8080979995607,,,46217.62352941176,,,,,veg→imp,12.098410929811934,201.0,"{""type"":""MultiPoint"",""coordinates"":[]}",
2,2000.0,National Capital District,-0.3906930442501561,,,2020.0,,,303.78640001853296,303.3957069742828,,,176738.94509803923,,,,,veg→veg,46.26504397693258,202.0,"{""type"":""MultiPoint"",""coordinates"":[]}",
3,2000.0,National Capital District,2.8508946314977948,,,2020.0,,,301.23272533251753,304.0836199640153,,,1315.337254901961,,,,,veg→crop,0.3443165053903681,203.0,"{""type"":""MultiPoint"",""coordinates"":[]}",
4,2000.0,National Capital District,0.2395999684230219,,,2020.0,,,300.6839744050144,300.9235743734374,,,1059.5764705882357,,,,,veg→wat,0.277365874179542,204.0,"{""type"":""MultiPoint"",""coordinates"":[]}",
5,2000.0,National Capital District,-0.4418409495547735,,,2020.0,,,302.21367125074477,301.77183030119,,,11.0,,,,,veg→bare,0.0028794756213123,205.0,"{""type"":""MultiPoint"",""coordinates"":[]}",
6,2000.0,National Capital District,3.109635586444199,,,2020.0,,,301.0604629838966,304.1700985703408,,,331.0,,,,,crop→imp,0.0866460391503976,301.0,"{""type"":""MultiPoint"",""coordinates"":[]}",
7,2000.0,National Capital District,1.327433008758078,,,2020.0,,,300.71974886901387,302.04718187777195,,,511.1411764705883,,,,,crop→veg,0.1338016869723592,302.0,"{""type"":""MultiPoint"",""coordinates"":[]}",
8,2000.0,National Capital District,3.521465585273347,,,2020.0,,,301.190535885135,304.7120014704083,,,532.4117647058824,,,,,crop→crop,0.1393696997245866,303.0,"{""type"":""MultiPoint"",""coordinates"":[]}",
9,2000.0,National Capital District,3.618938513305693,,,2020.0,,,298.43801892902064,302.05695744232634,,,4.0,,,,,crop→wat,0.0010470820441135,304.0,"{""type"":""MultiPoint"",""coordinates"":[]}",
10,2000.0,National Capital District,1.822357263269396,,,2020.0,,,303.10131741306037,304.92367467632977,,,1254.9686274509804,,,,,wat→imp,0.3285137789324424,401.0,"{""type"":""MultiPoint"",""coordinates"":[]}",
11,2000.0,National Capital District,0.0392250939841574,,,2020.0,,,301.2688765603057,301.3081016542899,,,1604.4549019607844,,,,,wat→veg,0.4199989796082825,402.0,"{""type"":""MultiPoint"",""coordinates"":[]}",
12,2000.0,National Capital District,1.5636775208986364,,,2020.0,,,298.8224376276908,300.38611514858945,,,32.02745098039216,,,,,wat→crop,0.008383842210074,403.0,"{""type"":""MultiPoint"",""coordinates"":[]}",
13,2000.0,National Capital District,-0.1156450029723714,,,2020.0,,,301.749435639615,301.63379063664263,,,3765.654901960784,,,,,wat→wat,0.9857374080428424,404.0,"{""type"":""MultiPoint"",""coordinates"":[]}",
14,2000.0,National Capital District,3.6453006365410943,,,2020.0,,,301.609756415105,305.2550570516461,,,70.8156862745098,,,,,wat→bare,0.0185374583849046,405.0,"{""type"":""MultiPoint"",""coordinates"":[]}",
15,2000.0,National Capital District,1.8039105410563252,,,2020.0,,,302.6749055607229,304.4788161017792,,,69.0,,,,,bare→imp,0.018062165260959,501.0,"{""type"":""MultiPoint"",""coordinates"":[]}",
16,2000.0,National Capital District,1.4145492616023605,,,2020.0,,,302.63339991724604,304.0479491788484,,,10.0,,,,,bare→veg,0.0026177051102839,502.0,"{""type"":""MultiPoint"",""coordinates"":[]}",
17,2000.0,National Capital District,-0.7681355792731779,,,2020.0,,,301.923185610907,301.15505003163383,,,106.0,,,,,bare→wat,0.0277476741690095,504.0,"{""type"":""MultiPoint"",""coordinates"":[]}",
18,2000.0,National Capital District,-1.3860980525017794,,,2020.0,,,300.3009680487625,298.91486999626073,,,54834.721568627465,,,,,bare→bare,14.35411308711918,505.0,"{""type"":""MultiPoint"",""coordinates"":[]}",
00000000000000000057_0,2000.0,Dili,5.78534242042366,4.831330717877904,4.831330717877904,2020.0,307.3078376077574,312.1391683256353,300.63676769608156,306.4221101165052,11.0,17.0,18925.0,L5,L8,307.3078376077574,312.1391683256353,veg→imp,7.519379536957205,201.0,"{""type"":""MultiPoint"",""coordinates"":[]}",
00000000000000000057_1,2000.0,Dili,7.456156064922425,8.276284404078979,8.276284404078979,2020.0,306.72816234366445,315.00444674774343,298.79237332794656,306.248529392869,11.0,17.0,8615.0,L5,L8,306.72816234366445,315.00444674774343,veg→crop,3.4229566557932003,203.0,"{""type"":""MultiPoint"",""coordinates"":[]}",
00000000000000000057_2,2000.0,Dili,3.1889839750132865,1.9971568976749836,1.9971568976749836,2020.0,306.50643208321424,308.5035889808892,300.51621463735216,303.70519861236545,11.0,17.0,89.0,L5,L8,306.50643208321424,308.5035889808892,veg→wat,0.035361943397051,204.0,"{""type"":""MultiPoint"",""coordinates"":[]}",
00000000000000000057_3,2000.0,Dili,6.1981239942298885,5.546420967802021,5.546420967802021,2020.0,310.1536675342231,315.7000885020251,300.9349525552824,307.1330765495123,11.0,17.0,6707.0,L5,L8,310.1536675342231,315.7000885020251,crop→imp,2.664860161393499,301.0,"{""type"":""MultiPoint"",""coordinates"":[]}",
00000000000000000057_4,2000.0,Dili,6.8230717538576755,7.734328188468737,7.734328188468737,2020.0,307.0918938589231,314.8262220473918,299.75514741031566,306.57821916417333,11.0,17.0,4842.0,L5,L8,307.0918938589231,314.8262220473918,crop→veg,1.9238486508822603,302.0,"{""type"":""MultiPoint"",""coordinates"":[]}",
00000000000000000057_5,2000.0,Dili,0.5334696089875592,-1.534592913490144,-1.534592913490144,2020.0,306.0256767573096,304.49108384381947,299.6258299467361,300.15929955572363,11.0,17.0,1.0,L5,L8,306.0256767573096,304.49108384381947,crop→wat,0.0003973252067084388,304.0,"{""type"":""MultiPoint"",""coordinates"":[]}",
00000000000000000057_6,2000.0,Dili,3.614934151907846,3.5122606748956287,3.5122606748956287,2020.0,309.1171868450246,312.62944751992023,303.1670302015067,306.78196435341454,11.0,17.0,1012.0,L5,L8,309.1171868450246,312.62944751992023,wat→imp,0.4020931091889401,401.0,"{""type"":""MultiPoint"",""coordinates"":[]}",
00000000000000000057_7,2000.0,Dili,4.21070336858412,0.5396003852257536,0.5396003852257536,2020.0,307.00792795997677,307.5475283452025,300.0838738180605,304.29457718664463,11.0,17.0,357.0,L5,L8,307.00792795997677,307.5475283452025,wat→veg,0.1418450987949126,402.0,"{""type"":""MultiPoint"",""coordinates"":[]}",
00000000000000000057_8,2000.0,Dili,3.1004722685519255,0.2483480590520912,0.2483480590520912,2020.0,307.5634784746328,307.8118265336849,301.4503945415002,304.5508668100521,11.0,17.0,11.0,L5,L8,307.5634784746328,307.8118265336849,wat→crop,0.0043705772737928,403.0,"{""type"":""MultiPoint"",""coordinates"":[]}",
00000000000000000057_9,2000.0,Dili,5.873564943395252,-0.9005542246704863,-0.9005542246704863,2020.0,304.61370938737053,303.71315516270005,296.61603552920235,302.4896004725976,11.0,17.0,1.0,L5,L8,304.61370938737053,303.71315516270005,wat→bare,0.0003973252067084388,405.0,"{""type"":""MultiPoint"",""coordinates"":[]}",
00000000000000000057_10,2000.0,Dili,7.780893584937871,2.6463910428750523,2.6463910428750523,2020.0,303.70644153386894,306.352832576744,296.9883980774543,304.76929166239216,11.0,17.0,2.0,L5,L8,303.70644153386894,306.352832576744,bare→wat,0.0007946504134168776,504.0,"{""type"":""MultiPoint"",""coordinates"":[]}",
00000000000000000057_11,2000.0,Dili,3.3616903670584293,2.7180327229986005,2.7180327229986005,2020.0,309.4861760707096,312.2042087937082,303.2121831343022,306.57387350136065,11.0,17.0,47438.0,L5,L8,309.4861760707096,312.2042087937082,imp→imp,18.84831315583492,101.0,"{""type"":""MultiPoint"",""coordinates"":[]}",
00000000000000000057_12,2000.0,Dili,6.076461665893419,6.909651181735626,6.909651181735626,2020.0,303.15565261325037,310.065303794986,297.82791548676147,303.9043771526549,11.0,17.0,145907.0,L5,L8,303.15565261325037,310.065303794986,veg→veg,57.97252893520818,202.0,"{""type"":""MultiPoint"",""coordinates"":[]}",
00000000000000000057_13,2000.0,Dili,7.664864524319228,8.820869728271816,8.820869728271816,2020.0,306.4745751175881,315.2954448458599,298.72980579214243,306.39467031646166,11.0,17.0,14955.0,L5,L8,306.4745751175881,315.2954448458599,crop→crop,5.941998466324702,303.0,"{""type"":""MultiPoint"",""coordinates"":[]}",
00000000000000000057_14,2000.0,Dili,3.1158669762150453,2.4918531144448934,2.4918531144448934,2020.0,307.2497368826819,309.74158999712677,301.3124871746875,304.4283541509025,11.0,17.0,1245.0,L5,L8,307.2497368826819,309.74158999712677,wat→wat,0.4946698823520063,404.0,"{""type"":""MultiPoint"",""coordinates"":[]}",
00000000000000000057_15,2000.0,Dili,4.100323668907947,1.0714524183193816,1.0714524183193816,2020.0,304.5084700879947,305.57992250631406,298.5164706859681,302.61679435487605,11.0,17.0,1576.0,L5,L8,304.5084700879947,305.57992250631406,bare→bare,0.6261845257724995,505.0,"{""type"":""MultiPoint"",""coordinates"":[]}",
0000000000000000005d_0,2000.0,Phnom Penh,14.05464892968837,19.933017880202215,19.933017880202215,2020.0,290.62744357258066,310.5604614527829,290.606991982097,304.66164091178536,4.0,5.0,41374.0,L5,L8,290.62744357258066,310.5604614527829,veg→imp,5.266266314682769,201.0,"{""type"":""MultiPoint"",""coordinates"":[]}",
0000000000000000005d_1,2000.0,Phnom Penh,12.589101626223568,18.762739312837937,18.762739312837937,2020.0,291.0789914635832,309.8417307764211,291.0609589711707,303.65006059739426,4.0,5.0,12035.0,L5,L8,291.0789914635832,309.8417307764211,veg→crop,1.5318682046020962,203.0,"{""type"":""MultiPoint"",""coordinates"":[]}",
0000000000000000005d_2,2000.0,Phnom Penh,11.25478647618678,16.19274681435644,16.19274681435644,2020.0,290.5513634560309,306.74411027038735,290.5513634560309,301.8061499322177,4.0,5.0,2162.0,L5,L8,290.5513634560309,306.74411027038735,veg→wat,0.2751889537473811,204.0,"{""type"":""MultiPoint"",""coordinates"":[]}",
0000000000000000005d_3,2000.0,Phnom Penh,12.5931433608701,18.48981990776889,18.48981990776889,2020.0,290.56286321395646,309.05268312172535,290.56286321395646,303.15600657482656,4.0,5.0,140.0,L5,L8,290.56286321395646,309.05268312172535,veg→bare,0.017819821241736,205.0,"{""type"":""MultiPoint"",""coordinates"":[]}",
0000000000000000005d_4,2000.0,Phnom Penh,15.016315217423596,20.485483551617847,20.485483551617847,2020.0,289.6623760043718,310.14785955598967,289.65509294143794,304.67140815886154,4.0,5.0,120100.0,L5,L8,289.6623760043718,310.14785955598967,crop→imp,15.286860936660718,301.0,"{""type"":""MultiPoint"",""coordinates"":[]}",
0000000000000000005d_5,2000.0,Phnom Penh,14.180888060790096,20.99122222640301,20.99122222640301,2020.0,288.4698002072981,309.4610224337011,288.44897582973044,302.62986389052054,4.0,5.0,34611.0,L5,L8,288.4698002072981,309.4610224337011,crop→veg,4.4054416642694765,302.0,"{""type"":""MultiPoint"",""coordinates"":[]}",
0000000000000000005d_6,2000.0,Phnom Penh,12.122996650101754,16.57410551900813,16.57410551900813,2020.0,289.2315663499498,305.8056718689579,289.2315663499498,301.35456300005154,4.0,5.0,13293.0,L5,L8,289.2315663499498,305.8056718689579,crop→wat,1.6919920269028388,304.0,"{""type"":""MultiPoint"",""coordinates"":[]}",
0000000000000000005d_7,2000.0,Phnom Penh,13.75621958865753,18.970925596605696,18.970925596605696,2020.0,288.9215686588243,307.89249425543,288.9215686588243,302.6777882474818,4.0,5.0,946.0,L5,L8,288.9215686588243,307.89249425543,crop→bare,0.1204110778191593,305.0,"{""type"":""MultiPoint"",""coordinates"":[]}",
0000000000000000005d_8,2000.0,Phnom Penh,16.247098748797498,22.458032697746205,22.458032697746205,2020.0,288.75443641986425,311.21246911761045,288.75443641986425,305.00153516866175,4.0,5.0,10855.0,L5,L8,288.75443641986425,311.21246911761045,wat→imp,1.3816725684217497,401.0,"{""type"":""MultiPoint"",""coordinates"":[]}",
0000000000000000005d_9,2000.0,Phnom Penh,14.98257295123517,21.719974508037012,21.719974508037012,2020.0,288.0078270748986,309.7278015829356,288.00164131524207,302.98421426647724,4.0,5.0,7613.0,L5,L8,288.0078270748986,309.7278015829356,wat→veg,0.9690164222381186,402.0,"{""type"":""MultiPoint"",""coordinates"":[]}",
0000000000000000005d_10,2000.0,Phnom Penh,12.18283947395406,18.29122026386108,18.29122026386108,2020.0,289.3484924807911,307.6397127446522,289.3322474555398,301.51508692949386,4.0,5.0,7546.0,L5,L8,289.3484924807911,307.6397127446522,wat→crop,0.9604883649295736,403.0,"{""type"":""MultiPoint"",""coordinates"":[]}",
0000000000000000005d_11,2000.0,Phnom Penh,15.646382566149782,21.83114491856577,21.83114491856577,2020.0,286.15116420705243,307.9823091256182,286.15116420705243,301.7975467732022,4.0,5.0,2105.0,L5,L8,286.15116420705243,307.9823091256182,wat→bare,0.2679337408132457,405.0,"{""type"":""MultiPoint"",""coordinates"":[]}",
0000000000000000005d_12,2000.0,Phnom Penh,16.492444131195327,21.694901545644427,21.694901545644427,2020.0,288.7498454479861,310.44474699363053,288.7498454479861,305.24228957918143,4.0,5.0,56.0,L5,L8,288.7498454479861,310.44474699363053,bare→imp,0.0071279284966944,501.0,"{""type"":""MultiPoint"",""coordinates"":[]}",
0000000000000000005d_13,2000.0,Phnom Penh,12.502113452243918,17.782916295850725,17.782916295850725,2020.0,289.9688140712236,307.75173036707434,289.9688140712236,302.47092752346754,4.0,5.0,15.0,L5,L8,289.9688140712236,307.75173036707434,bare→veg,0.0019092665616145,502.0,"{""type"":""MultiPoint"",""coordinates"":[]}",
0000000000000000005d_14,2000.0,Phnom Penh,12.451423524336406,18.08264204907869,18.08264204907869,2020.0,288.4649588721183,306.547600921197,288.4649588721183,300.9163823964547,4.0,5.0,8.0,L5,L8,288.4649588721183,306.547600921197,bare→crop,0.0010182754995277,503.0,"{""type"":""MultiPoint"",""coordinates"":[]}",
0000000000000000005d_15,2000.0,Phnom Penh,12.255105149551468,16.638575135076167,16.638575135076167,2020.0,289.34526184814297,305.98383698321913,289.34526184814297,301.60036699769444,4.0,5.0,54.0,L5,L8,289.34526184814297,305.98383698321913,bare→wat,0.0068733596218124,504.0,"{""type"":""MultiPoint"",""coordinates"":[]}",
0000000000000000005d_16,2000.0,Phnom Penh,14.28753551943896,20.439186948948414,20.439186948948414,2020.0,291.2331539813532,311.67234093030163,291.22181784999424,305.5093533694332,4.0,5.0,189716.0,L5,L8,291.2331539813532,311.67234093030163,imp→imp,24.147894333551413,101.0,"{""type"":""MultiPoint"",""coordinates"":[]}",
0000000000000000005d_17,2000.0,Phnom Penh,11.26908155050279,17.07831991205495,17.07831991205495,2020.0,291.2880514507153,308.3663713627702,291.20609539119704,302.47517694169983,4.0,5.0,34568.0,L5,L8,291.2880514507153,308.3663713627702,veg→veg,4.399968433459515,202.0,"{""type"":""MultiPoint"",""coordinates"":[]}",
0000000000000000005d_18,2000.0,Phnom Penh,12.314875407994007,17.631183412023404,17.631183412023404,2020.0,290.12497121094316,307.75615462296656,290.1085196484564,302.42339505645043,4.0,5.0,243417.0,L5,L8,290.12497121094316,307.75615462296656,crop→crop,30.983195908569044,303.0,"{""type"":""MultiPoint"",""coordinates"":[]}",
0000000000000000005d_19,2000.0,Phnom Penh,14.165119949015264,17.257872153322523,17.257872153322523,2020.0,287.2162266214461,304.4740987747686,287.2160969552088,301.38121690422406,4.0,5.0,65013.0,L5,L8,287.2162266214461,304.4740987747686,wat→wat,8.275143131349902,404.0,"{""type"":""MultiPoint"",""coordinates"":[]}",
0000000000000000005d_20,2000.0,Phnom Penh,11.813336559961272,17.82924819243948,17.82924819243948,2020.0,290.9044432217749,308.7336914142144,290.9044432217749,302.71777978173617,4.0,5.0,15.0,L5,L8,290.9044432217749,308.7336914142144,bare→bare,0.0019092665616145,505.0,"{""type"":""MultiPoint"",""coordinates"":[]}",
0000000000000000005f_0,,Honiara,,,,,,,,,,,,,,,,NO_DATA,,,"{""type"":""MultiPoint"",""coordinates"":[]}",Insufficient LST imagery
00000000000000000006_0,2000.0,Paris,7.974559566544372,10.433606450842037,10.433606450842037,2020.0,304.5945857607304,315.02819221157245,302.7418918523872,310.71645141893157,5.0,5.0,37751.0,L5,L8,304.5945857607304,315.02819221157245,veg→imp,21.952084665930105,201.0,"{""type"":""MultiPoint"",""coordinates"":[]}",
00000000000000000006_1,2000.0,Paris,3.9105286231318814,15.873886620664225,15.873886620664225,2020.0,301.3114833297241,317.18536995038835,300.87940289441104,304.7899315175429,5.0,5.0,132.0,L5,L8,301.3114833297241,317.18536995038835,veg→crop,0.0767575739954643,203.0,"{""type"":""MultiPoint"",""coordinates"":[]}",
00000000000000000006_2,2000.0,Paris,2.776190447602403,9.2630444544925,9.2630444544925,2020.0,298.086441141265,307.3494855957575,296.1407745037743,298.9169649513767,5.0,5.0,12.0,L5,L8,298.086441141265,307.3494855957575,veg→wat,0.0069779612723149,204.0,"{""type"":""MultiPoint"",""coordinates"":[]}",
00000000000000000006_3,2000.0,Paris,10.15361063503434,16.89138434511318,16.89138434511318,2020.0,304.4166644794421,321.30804882455527,301.796727187254,311.95033782228836,5.0,5.0,37.0,L5,L8,304.4166644794421,321.30804882455527,crop→imp,0.0215153805896377,301.0,"{""type"":""MultiPoint"",""coordinates"":[]}",
00000000000000000006_4,2000.0,Paris,10.581295904960143,17.030035969139192,17.030035969139192,2020.0,302.37937277091635,319.40940874005554,298.48781251327216,309.0691084182323,5.0,5.0,62.0,L5,L8,302.37937277091635,319.40940874005554,crop→veg,0.0360527999069605,302.0,"{""type"":""MultiPoint"",""coordinates"":[]}",
00000000000000000006_5,2000.0,Paris,7.973428616511853,10.16327995486273,10.16327995486273,2020.0,301.70818103253237,311.8714609873951,300.3605133264925,308.33394194300433,5.0,5.0,6891.0,L5,L8,301.70818103253237,311.8714609873951,wat→imp,4.007094260626854,401.0,"{""type"":""MultiPoint"",""coordinates"":[]}",
00000000000000000006_6,2000.0,Paris,1.87944983737475,9.587922443069658,9.587922443069658,2020.0,298.4953144332052,308.08323687627484,297.47542295409505,299.3548727914698,5.0,5.0,22.0,L5,L8,298.4953144332052,308.08323687627484,wat→veg,0.012792928999244,402.0,"{""type"":""MultiPoint"",""coordinates"":[]}",
00000000000000000006_7,2000.0,Paris,9.918297473578946,10.110678433481326,10.110678433481326,2020.0,304.7114458677219,314.82212430120325,301.97002132774037,311.8883188013193,5.0,5.0,608.0,L5,L8,304.7114458677219,314.82212430120325,bare→imp,0.3535500377972902,501.0,"{""type"":""MultiPoint"",""coordinates"":[]}",
00000000000000000006_8,2000.0,Paris,11.931180843969798,11.931180843969798,11.931180843969798,2020.0,296.6872560299035,308.6184368738733,296.6872560299035,308.6184368738733,5.0,5.0,1.0,L5,L8,296.6872560299035,308.6184368738733,bare→wat,0.0005814967726929115,504.0,"{""type"":""MultiPoint"",""coordinates"":[]}",
00000000000000000006_9,2000.0,Paris,6.44095377159681,10.782768136488984,10.782768136488984,2020.0,303.6274950541493,314.41026319063826,302.034237977483,308.4751917490798,5.0,5.0,121467.0,L5,L8,303.6274950541493,314.41026319063826,imp→imp,70.63266848868989,101.0,"{""type"":""MultiPoint"",""coordinates"":[]}",
00000000000000000006_10,2000.0,Paris,0.3500943997312333,9.99983122706044,9.99983122706044,2020.0,299.77658420780176,309.7764154348622,298.9998028595923,299.34989725932354,5.0,5.0,4290.0,L5,L8,299.77658420780176,309.7764154348622,veg→veg,2.4946211548525903,202.0,"{""type"":""MultiPoint"",""coordinates"":[]}",
00000000000000000006_11,2000.0,Paris,3.9661202456562705,15.634108628394074,15.634108628394074,2020.0,301.20079296369283,316.8349015920869,300.68789593470774,304.654016180364,5.0,5.0,113.0,L5,L8,301.20079296369283,316.8349015920869,crop→crop,0.065709135314299,303.0,"{""type"":""MultiPoint"",""coordinates"":[]}",
00000000000000000006_12,2000.0,Paris,5.955479322807776,9.113356780465663,9.113356780465663,2020.0,297.5270495128546,306.64040629332027,297.04931322574373,303.0047925485515,5.0,5.0,584.0,L5,L8,297.5270495128546,306.64040629332027,wat→wat,0.3395941152526603,404.0,"{""type"":""MultiPoint"",""coordinates"":[]}",
