year,month,monthly_anomaly,monthly_unc,annual_anomaly,annual_unc,five_yr_anomaly,five_yr_unc,ten_yr_anomaly,ten_yr_unc,twenty_yr_anomaly,twenty_yr_unc,absolute_temp_C,absolute_temp_K
1750,1,-0.252,3.265,,,,,,,,,,
1750,2,-1.261,3.178,-0.49,1.0,,,,,,,8.1,281.25
1750,3,0.225,2.527,-0.505,1.026,,,,,,,8.084999999999999,281.23499999999996
1750,4,0.288,1.62,-0.53,1.037,,,,,,,8.06,281.21
1750,5,-0.97,1.206,-0.839,1.041,,,,,,,7.7509999999999994,280.90099999999995
1750,6,-0.573,0.959,-0.816,1.078,,,,,,,7.774,280.924
1750,7,0.39,1.199,-0.892,1.073,,,,,,,7.6979999999999995,280.84799999999996
1750,8,0.947,0.937,-1.035,1.09,,,,,,,7.555,280.705
1750,9,-0.433,1.601,-1.035,1.102,,,,,,,7.555,280.705
1750,10,-1.777,1.588,-1.127,1.103,,,,,,,7.463,280.613
1750,11,-3.979,1.982,-1.101,1.1,,,,,,,7.489,280.63899999999995
1750,12,-2.385,2.518,-1.133,1.093,,,,,,,7.457,280.60699999999997
1751,1,-1.157,3.232,-1.073,1.121,,,,,,,7.5169999999999995,280.667
1751,2,-2.982,3.371,-1.112,1.117,,,,,,,7.478,280.628
1751,3,0.227,2.417,-1.136,1.096,,,,,,,7.454,280.604
1751,4,-0.813,1.638,-1.186,1.172,,,,,,,7.404,280.554
1751,5,-0.659,1.514,-1.059,1.223,,,,,,,7.531,280.681
1751,6,-0.959,0.97,-0.951,1.278,,,,,,,7.639,280.789
1751,7,1.108,1.435,-1.084,1.282,,,,,,,7.506,280.65599999999995
1751,8,0.483,0.926,-0.683,1.324,,,,,,,7.907,281.05699999999996
1751,9,-0.727,1.258,-0.69,1.343,,,,,,,7.9,281.04999999999995
1751,10,-2.373,5.091,-0.702,1.328,,,,,,,7.888,281.03799999999995
1751,11,-2.452,2.442,-0.616,1.324,,,,,,,7.974,281.12399999999997
1751,12,-1.096,3.335,-0.519,1.338,,,,,,,8.071,281.221
1752,1,-2.751,3.557,-0.548,1.323,,,,,,,8.042,281.19199999999995
1752,2,1.829,4.708,-0.635,1.331,,,,,,,7.955,281.10499999999996
1752,3,0.149,2.529,,,,,,,,,,
1752,4,-0.963,1.742,,,,,,,,,,
1752,5,0.372,1.514,,,,,,,,,,
1752,6,0.205,1.205,,,,,,,,,,
1752,7,0.76,1.387,,,,,,,,,,
1752,8,-0.559,1.342,,,,,,,,,,
1752,9,,,,,,,,,,,,
1752,10,-0.989,1.662,,,,,,,,,,
1752,11,0.573,2.04,,,,,,,,,,
1752,12,-0.154,3.175,,,,,,,,,,
1753,1,-0.214,4.049,,,,,,,,,,
1753,2,-1.564,4.91,,,,,,,,,,
1753,3,0.717,2.942,-0.133,1.1,,,,,,,8.457,281.60699999999997
1753,4,-0.292,2.255,-0.06,1.102,,,,,,,8.53,281.67999999999995
1753,5,0.672,1.791,-0.149,1.105,,,,,,,8.441,281.59099999999995
1753,6,0.003,2.517,-0.384,1.13,,,,,,,8.206,281.356
1753,7,-0.313,1.657,-0.367,1.256,,,,,,,8.222999999999999,281.373
1753,8,-0.411,1.696,-0.487,1.308,,,,,,,8.103,281.253
1753,9,0.397,2.347,-0.665,1.337,,,,,,,7.925,281.075
1753,10,-0.113,1.88,-0.329,1.472,,,,,,,8.261,281.411
1753,11,-0.504,2.145,-0.29,1.561,,,,,,,8.3,281.45
1753,12,-2.968,4.364,-0.259,1.54,,,,,,,8.331,281.481
1754,1,-0.007,3.479,-0.223,1.604,,,,,,,8.366999999999999,281.517
1754,2,-3.014,4.789,-0.252,1.689,,,,,,,8.338,281.488
1754,3,-1.407,3.395,-0.37,1.708,,,,,,,8.22,281.37
1754,4,3.73,2.052,-0.309,1.809,,,,,,,8.281,281.431
1754,5,1.142,4.117,-0.231,1.897,,,,,,,8.359,281.50899999999996
1754,6,0.375,2.37,0.081,1.662,,,,,,,8.671,281.82099999999997
1754,7,0.125,1.338,0.054,1.744,,,,,,,8.644,281.794
1754,8,-0.767,1.286,0.096,1.83,,,,,,,8.686,281.83599999999996
1754,9,-1.023,1.679,0.06,1.761,,,,,,,8.65,281.79999999999995
1754,10,0.629,2.046,-0.193,1.481,,,,,,,8.397,281.54699999999997
1754,11,0.428,3.049,-0.208,1.319,,,,,,,8.382,281.532
1754,12,0.781,3.317,-0.166,1.313,,,,,,,8.424,281.57399999999996
1755,1,-0.343,4.367,-0.145,1.284,,,,,,,8.445,281.59499999999997
1755,2,-2.503,3.601,-0.169,1.312,,,,,,,8.421,281.57099999999997
1755,3,-1.839,2.772,-0.147,1.341,0.03,0.91,,,,,8.443,281.59299999999996
1755,4,0.697,2.689,-0.011,1.368,-0.008,0.895,,,,,8.579,281.729
1755,5,0.956,2.087,-0.083,1.391,-0.04,0.904,,,,,8.507,281.657
1755,6,0.882,4.682,-0.25,1.246,-0.071,0.87,,,,,8.34,281.48999999999995
1755,7,0.38,2.281,-0.115,1.159,-0.135,0.888,,,,,8.475,281.625
1755,8,-1.064,1.673,0.302,1.261,-0.16,0.866,,,,,8.892,282.042
1755,9,-0.748,1.862,0.371,1.094,-0.2,0.86,,,,,8.961,282.111
1755,10,2.252,3.071,0.418,1.046,-0.213,0.861,,,,,9.008,282.15799999999996
1755,11,-0.436,3.806,0.444,1.046,-0.261,0.85,,,,,9.034,282.18399999999997
1755,12,-1.22,2.883,0.409,1.002,-0.277,0.86,,,,,8.999,282.149
1756,1,1.277,3.56,0.329,1.01,-0.292,0.87,,,,,8.919,282.06899999999996
1756,2,2.502,3.309,0.367,0.934,-0.328,0.878,,,,,8.957,282.10699999999997
1756,3,-1.006,5.213,0.419,0.939,-0.367,0.883,,,,,9.009,282.159
1756,4,1.258,2.405,0.165,0.905,-0.413,0.885,,,,,8.754999999999999,281.905
1756,5,1.269,2.63,0.078,0.884,-0.411,0.871,,,,,8.668,281.818
1756,6,0.462,2.568,0.002,0.89,-0.376,0.833,,,,,8.592,281.74199999999996
1756,7,-0.579,1.889,-0.277,0.92,-0.345,0.816,,,,,8.313,281.46299999999997
1756,8,-0.613,1.693,-0.406,0.959,-0.277,0.803,,,,,8.184,281.334
1756,9,-0.118,2.442,-0.401,0.903,-0.269,0.798,,,,,8.189,281.339
1756,10,-0.798,2.419,-0.463,0.924,-0.358,0.775,,,,,8.127,281.277
1756,11,-1.479,2.367,-0.474,0.993,-0.402,0.768,,,,,8.116,281.26599999999996
1756,12,-2.131,3.445,-0.303,0.991,-0.407,0.771,,,,,8.286999999999999,281.43699999999995
1757,1,-2.079,5.109,-0.057,1.107,-0.445,0.773,,,,,8.533,281.683
1757,2,0.964,3.564,0.216,1.08,-0.426,0.773,,,,,8.806,281.95599999999996
1757,3,-0.955,2.537,0.38,1.013,-0.413,0.778,,,,,8.97,282.12
1757,4,0.514,2.858,0.174,0.979,-0.448,0.765,,,,,8.764,281.914
1757,5,1.139,3.368,0.185,0.951,-0.492,0.746,,,,,8.775,281.92499999999995
1757,6,2.516,3.535,0.196,0.979,-0.574,0.747,,,,,8.786,281.936
1757,7,2.373,3.214,0.032,0.971,-0.633,0.751,,,,,8.622,281.772
1757,8,2.664,2.673,-0.303,0.956,-0.602,0.751,,,,,8.286999999999999,281.43699999999995
1757,9,1.852,1.869,-0.367,0.972,-0.63,0.747,-0.534,0.81,,,8.222999999999999,281.373
1757,10,-3.272,3.041,-0.495,0.976,-0.664,0.743,-0.546,0.811,,,8.095,281.245
1757,11,-1.346,2.453,-0.775,1.059,-0.695,0.752,-0.546,0.812,,,7.8149999999999995,280.965
1757,12,-2.001,5.245,-1.064,1.147,-0.736,0.778,-0.553,0.759,,,7.526,280.676
1758,1,-4.05,7.478,-1.363,1.218,-0.787,0.809,-0.57,0.737,,,7.227,280.37699999999995
1758,2,-3.049,3.438,-1.802,1.234,-0.784,0.814,-0.581,0.722,,,6.788,279.938
1758,3,-1.726,3.099,-2.12,1.289,-0.796,0.82,-0.621,0.729,,,6.47,279.62
1758,4,-1.027,2.941,-2.084,1.238,-0.87,0.848,-0.627,0.726,,,6.506,279.65599999999995
1758,5,-2.218,1.943,-2.003,1.181,-0.871,0.864,-0.642,0.73,,,6.587,279.73699999999997
1758,6,-0.948,2.058,-1.911,1.142,-0.885,0.832,-0.656,0.746,,,6.679,279.82899999999995
1758,7,-1.222,2.326,-1.417,1.314,-0.943,0.845,-0.641,0.747,,,7.173,280.323
1758,8,-2.601,1.256,-1.076,1.229,-1.011,0.838,-0.641,0.753,,,7.513999999999999,280.664
1758,9,-1.961,1.874,-1.006,1.252,-0.99,0.81,-0.649,0.757,,,7.584,280.734
1758,10,-2.847,1.739,-1.056,1.227,-1.022,0.845,-0.668,0.774,,,7.534,280.68399999999997
1758,11,-0.373,3.208,-0.995,1.203,-1.014,0.872,-0.679,0.782,,,7.595,280.745
1758,12,-0.889,2.439,-0.912,1.214,-0.974,0.905,-0.66,0.774,,,7.678,280.828
1759,1,1.87,3.107,-0.987,1.278,-0.898,0.916,-0.675,0.751,,,7.603,280.753
1759,2,1.051,5.425,-0.743,1.18,-0.868,0.9,-0.633,0.722,,,7.8469999999999995,280.99699999999996
1759,3,-0.893,2.582,-0.597,1.192,-0.86,0.908,-0.629,0.714,,,7.993,281.143
1759,4,-1.628,2.544,-0.482,1.236,-0.893,0.91,-0.666,0.736,,,8.108,281.258
1759,5,-1.485,1.604,-0.635,1.197,-0.878,0.931,-0.683,0.767,,,7.955,281.10499999999996
1759,6,0.045,1.124,-0.906,1.383,-0.927,0.933,-0.708,0.781,,,7.684,280.834
1759,7,-2.119,1.59,-1.387,1.44,-0.839,0.869,-0.725,0.798,,,7.202999999999999,280.35299999999995
1759,8,0.33,2.956,-1.531,1.267,-0.842,0.81,-0.733,0.789,,,7.059,280.209
1759,9,-0.208,2.262,-1.748,1.365,-0.859,0.799,-0.741,0.788,,,6.842,279.99199999999996
1759,10,-1.468,2.205,-1.722,1.383,-0.862,0.821,-0.742,0.779,,,6.868,280.018
1759,11,-2.215,2.41,-1.674,1.443,-0.891,0.877,-0.754,0.755,,,6.916,280.066
1759,12,-4.136,4.597,-1.812,1.521,-0.947,0.931,-0.753,0.75,,,6.778,279.928
1760,1,-3.904,3.386,-1.856,1.861,-1.003,0.98,-0.744,0.764,,,6.734,279.88399999999996
1760,2,-0.669,5.394,-1.956,1.992,-1.043,0.982,-0.726,0.735,,,6.634,279.784
1760,3,-3.507,5.007,-2.064,2.122,-1.098,1.027,-0.705,0.732,,,6.526,279.676
1760,4,-1.312,2.764,-2.123,2.223,-1.084,1.011,-0.709,0.715,,,6.467,279.61699999999996
1760,5,-0.906,1.323,-1.98,2.099,-1.051,1.003,-0.729,0.712,,,6.609999999999999,279.76
1760,6,-1.617,2.058,-1.809,1.74,-1.034,0.989,-0.761,0.722,,,6.781,279.931
1760,7,-2.638,2.376,-1.664,1.69,-1.004,0.904,-0.772,0.73,,,6.926,280.07599999999996
1760,8,-0.879,1.734,-1.74,1.486,-1.002,0.917,-0.772,0.736,,,6.85,280.0
1760,9,-1.501,1.602,-1.429,1.396,-1.043,0.973,-0.779,0.734,,,7.161,280.311
1760,10,-2.174,3.663,-1.374,1.339,-1.042,0.942,-0.81,0.739,,,7.215999999999999,280.366
1760,11,-0.504,2.101,-1.15,1.344,-1.022,0.949,-0.812,0.744,,,7.4399999999999995,280.59
1760,12,-2.079,3.241,-0.778,1.335,-1.035,1.0,-0.814,0.726,,,7.811999999999999,280.962
1761,1,-2.164,3.409,-0.227,1.188,-0.99,1.036,-0.858,0.702,,,8.363,281.513
1761,2,-1.584,3.163,-0.053,1.219,-0.954,1.042,-0.874,0.687,,,8.536999999999999,281.68699999999995
1761,3,0.22,2.751,0.099,1.135,-0.93,1.055,-0.866,0.66,,,8.689,281.839
1761,4,-0.648,2.588,0.051,1.037,-0.922,1.107,-0.886,0.667,,,8.641,281.791
1761,5,1.783,2.097,0.044,1.096,-0.947,1.116,-0.903,0.676,,,8.634,281.784
1761,6,2.844,3.205,-0.206,1.288,-0.943,1.118,-0.913,0.681,,,8.384,281.534
1761,7,3.979,2.36,0.243,1.168,-1.005,1.123,-0.921,0.68,,,8.833,281.983
1761,8,1.205,1.509,0.441,0.949,-0.989,1.06,-0.922,0.671,,,9.031,282.181
1761,9,0.32,2.711,0.257,0.919,-0.99,1.042,-0.925,0.675,,,8.847,281.99699999999996
1761,10,-2.747,2.325,0.337,0.856,-0.975,1.039,-0.928,0.674,,,8.927,282.077
1761,11,-0.592,2.276,0.137,0.824,-0.965,1.095,-0.908,0.679,,,8.727,281.87699999999995
1761,12,-5.071,3.517,-0.168,0.85,-1.01,1.104,-0.904,0.665,,,8.422,281.572
1762,1,3.219,4.107,-0.58,0.897,-1.005,1.127,-0.921,0.633,,,8.01,281.15999999999997
1762,2,0.79,5.556,-0.661,0.925,-1.041,1.155,-0.933,0.625,,,7.929,281.07899999999995
1762,3,-1.981,2.605,-0.807,0.999,-1.069,1.177,-0.92,0.632,,,7.7829999999999995,280.933
1762,4,0.314,2.038,-0.783,0.984,-1.037,1.145,-0.948,0.631,,,7.8069999999999995,280.957
1762,5,-0.624,3.618,-0.682,0.958,-1.017,1.11,-0.974,0.649,,,7.9079999999999995,281.058
1762,6,-0.813,2.808,-0.34,0.9,-0.933,1.05,-0.99,0.657,,,8.25,281.4
1762,7,-0.96,2.712,-0.797,1.063,-0.855,1.047,-1.023,0.671,,,7.793,280.943
1762,8,0.231,1.842,-1.104,1.345,-0.849,0.984,-1.042,0.664,,,7.486,280.63599999999997
1762,9,-1.437,3.028,-1.286,1.737,-0.779,0.936,-1.065,0.673,-0.93,0.501,7.304,280.45399999999995
1762,10,-2.456,2.319,-1.393,1.655,-0.755,0.893,-1.043,0.661,-0.927,0.504,7.197,280.347
1762,11,0.62,3.651,-1.43,1.447,-0.762,0.875,-1.018,0.667,-0.922,0.504,7.16,280.31
1762,12,-0.966,2.656,-1.503,1.474,-0.786,0.836,-1.026,0.651,-0.914,0.475,7.087,280.23699999999997
1763,1,-2.265,3.769,-1.301,1.451,-0.758,0.77,-1.039,0.625,-0.928,0.486,7.289,280.43899999999996
1763,2,-2.896,4.898,-1.355,1.431,-0.76,0.778,-1.046,0.631,-0.931,0.477,7.234999999999999,280.385
1763,3,-4.166,5.487,-1.281,1.27,-0.761,0.765,-1.064,0.639,-0.94,0.475,7.309,280.459
1763,4,-0.969,1.55,-1.275,1.516,-0.75,0.735,-1.07,0.631,-0.936,0.472,7.3149999999999995,280.465
1763,5,-1.064,1.958,-1.479,1.605,-0.754,0.731,-1.078,0.638,-0.934,0.474,7.111,280.26099999999997
1763,6,-1.691,2.99,-1.457,1.553,-0.743,0.743,-1.084,0.642,-0.938,0.478,7.133,280.28299999999996
1763,7,1.461,2.224,-1.419,1.75,-0.773,0.708,-1.079,0.651,-0.938,0.483,7.170999999999999,280.32099999999997
1763,8,-0.411,1.494,-1.009,1.529,-0.737,0.697,-1.071,0.652,-0.939,0.488,7.5809999999999995,280.731
1763,9,-0.547,1.771,-0.742,1.24,-0.742,0.677,-1.069,0.654,-0.941,0.494,7.848,280.998
1763,10,-2.39,5.231,-0.722,1.391,-0.75,0.664,-1.06,0.65,-0.941,0.496,7.868,281.018
1763,11,-1.826,2.427,-0.706,1.602,-0.792,0.66,-1.07,0.648,-0.95,0.505,7.884,281.034
1763,12,-0.7,3.126,-0.786,1.485,-0.851,0.658,-1.072,0.643,-0.931,0.498,7.804,280.95399999999995
1764,1,-1.813,2.951,-1.061,1.565,-0.945,0.668,-1.093,0.648,-0.948,0.481,7.529,280.679
1764,2,2.032,3.078,-1.178,1.461,-0.977,0.673,-1.115,0.622,-0.934,0.467,7.412,280.56199999999995
1764,3,-0.964,2.266,-1.29,1.473,-0.989,0.681,-1.119,0.617,-0.931,0.462,7.3,280.45
1764,4,-0.733,3.207,-1.055,1.204,-0.964,0.673,-1.105,0.6,-0.943,0.462,7.535,280.685
1764,5,-0.876,4.233,-0.988,1.123,-0.937,0.672,-1.085,0.595,-0.927,0.451,7.602,280.75199999999995
1764,6,-2.653,1.624,-0.853,1.125,-0.881,0.652,-1.078,0.588,-0.922,0.457,7.737,280.887
1764,7,-1.832,2.814,-0.64,1.125,-1.003,0.672,-1.065,0.58,-0.916,0.458,7.95,281.09999999999997
1764,8,-1.821,1.308,-0.834,1.045,-1.025,0.696,-1.075,0.588,-0.914,0.463,7.756,280.90599999999995
1764,9,-1.886,2.128,-0.695,1.022,-0.98,0.703,-1.084,0.596,-0.917,0.466,7.895,281.04499999999996
1764,10,0.433,2.012,-0.622,0.891,-1.033,0.707,-1.108,0.591,-0.925,0.47,7.968,281.118
1764,11,-1.032,3.162,-0.663,0.794,-1.057,0.683,-1.12,0.592,-0.942,0.473,7.927,281.077
1764,12,0.921,2.865,-0.694,0.908,-1.034,0.662,-1.127,0.587,-0.962,0.475,7.896,281.046
1765,1,0.747,5.345,-0.622,0.906,-1.043,0.667,-1.104,0.573,-0.959,0.472,7.968,281.118
1765,2,-0.299,3.277,-0.554,0.939,-1.041,0.671,-1.1,0.565,-0.941,0.469,8.036,281.186
1765,3,0.711,2.103,-0.526,0.959,-1.033,0.66,-1.108,0.559,-0.929,0.467,8.064,281.214
1765,4,0.133,1.616,-0.689,1.033,-1.001,0.662,-1.089,0.544,-0.94,0.469,7.901,281.051
1765,5,-1.359,1.587,-0.662,1.161,-0.985,0.643,-1.098,0.548,-0.95,0.476,7.928,281.078
1765,6,-3.029,1.66,-0.859,1.231,-1.017,0.643,-1.104,0.557,-0.962,0.487,7.731,280.881
1765,7,-0.974,3.006,-1.254,1.516,-1.074,0.72,-1.109,0.555,-0.965,0.487,7.336,280.486
1765,8,-1.0,2.039,-1.178,1.385,-1.09,0.766,-1.124,0.578,-0.962,0.49,7.412,280.56199999999995
1765,9,-1.547,1.752,-1.247,1.464,-1.084,0.767,-1.124,0.59,-0.966,0.495,7.343,280.493
1765,10,-1.524,2.076,-1.35,1.573,-1.099,0.798,-1.11,0.589,-0.972,0.496,7.24,280.39
1765,11,-0.709,2.933,-1.3,1.669,-1.134,0.836,-1.109,0.585,-0.964,0.501,7.29,280.44
1765,12,-1.438,2.214,-1.106,1.609,-1.133,0.824,-1.085,0.569,-0.971,0.505,7.484,280.63399999999996
1766,1,-3.994,5.812,-1.161,1.891,-1.167,0.822,-1.053,0.554,-0.994,0.516,7.429,280.57899999999995
1766,2,0.612,3.291,-1.136,1.953,-1.188,0.849,-1.08,0.566,-1.004,0.511,7.454,280.604
1766,3,-0.12,2.287,-1.04,2.002,-1.208,0.854,-1.115,0.575,-1.009,0.506,7.55,280.7
1766,4,-1.101,2.871,-1.019,1.893,-1.197,0.874,-1.136,0.594,-1.025,0.509,7.571,280.721
1766,5,-0.762,2.346,-0.875,1.785,-1.193,0.883,-1.168,0.618,-1.04,0.51,7.715,280.86499999999995
1766,6,-0.698,4.19,-0.894,1.725,-1.2,0.875,-1.193,0.616,-1.042,0.514,7.696,280.846
1766,7,-1.632,2.155,-0.906,1.452,-1.18,0.854,-1.234,0.618,-1.044,0.515,7.684,280.834
1766,8,-0.708,2.305,-0.999,1.226,-1.241,0.849,-1.246,0.624,-1.04,0.519,7.591,280.741
1766,9,-0.394,2.253,-0.932,1.038,-1.248,0.838,-1.259,0.629,-1.05,0.526,7.6579999999999995,280.808
1766,10,-1.265,1.878,-1.079,1.08,-1.235,0.865,-1.23,0.635,-1.055,0.53,7.511,280.661
1766,11,1.018,2.358,-1.184,1.024,-1.206,0.88,-1.241,0.646,-1.055,0.538,7.406,280.556
1766,12,-1.669,2.295,-1.081,0.894,-1.147,0.885,-1.212,0.66,-1.046,0.539,7.509,280.659
1767,1,-4.143,4.828,-1.068,0.921,-1.125,0.892,-1.253,0.686,-1.028,0.541,7.522,280.67199999999997
1767,2,-0.503,4.671,-0.982,0.88,-1.11,0.873,-1.283,0.714,-1.031,0.538,7.608,280.758
1767,3,0.688,3.879,-1.027,0.823,-1.1,0.888,-1.294,0.718,-1.034,0.538,7.563,280.71299999999997
1767,4,-2.868,4.148,-0.969,0.824,-1.179,0.898,-1.299,0.72,-1.051,0.542,7.6209999999999996,280.77099999999996
1767,5,-2.02,1.934,-0.919,0.853,-1.223,0.908,-1.316,0.726,-1.061,0.547,7.670999999999999,280.82099999999997
1767,6,0.543,2.037,-1.023,0.833,-1.322,0.961,-1.323,0.745,-1.08,0.551,7.567,280.717
1767,7,-1.482,2.817,-1.152,1.061,-1.353,0.969,-1.316,0.749,-1.1,0.555,7.438,280.58799999999997
1767,8,0.332,1.743,-1.43,1.531,-1.35,0.981,-1.32,0.752,-1.119,0.556,7.16,280.31
1767,9,-0.938,2.047,-1.807,1.731,-1.437,1.009,-1.327,0.753,-1.134,0.557,6.7829999999999995,279.933
1767,10,-0.569,2.034,-1.723,1.716,-1.423,0.969,-1.307,0.765,-1.134,0.56,6.867,280.017
1767,11,1.617,5.253,-1.815,1.778,-1.434,0.973,-1.299,0.762,-1.134,0.562,6.775,279.92499999999995
1767,12,-2.913,2.17,-1.999,1.707,-1.422,0.964,-1.276,0.773,-1.13,0.561,6.590999999999999,279.741
1768,1,-5.694,2.838,-1.924,1.535,-1.46,1.037,-1.286,0.814,-1.116,0.562,6.666,279.816
1768,2,-3.837,2.883,-2.091,1.554,-1.489,1.07,-1.281,0.823,-1.098,0.56,6.499,279.649
1768,3,-3.839,2.38,-2.158,1.487,-1.488,1.079,-1.259,0.831,-1.101,0.562,6.432,279.582
1768,4,-1.855,2.451,-2.256,1.505,-1.47,1.069,-1.245,0.834,-1.093,0.564,6.334,279.484
1768,5,-3.133,2.844,-2.522,1.798,-1.465,1.025,-1.226,0.845,-1.09,0.568,6.068,279.21799999999996
1768,6,-1.666,1.288,-2.372,1.7,-1.427,0.972,-1.221,0.853,-1.098,0.573,6.218,279.368
1768,7,-0.581,1.257,-1.95,1.131,-1.332,0.883,-1.235,0.861,-1.094,0.576,6.64,279.78999999999996
1768,8,-1.664,2.106,-1.765,0.86,-1.424,0.908,-1.237,0.869,-1.093,0.58,6.825,279.97499999999997
1768,9,-1.74,1.627,-1.56,0.849,-1.487,0.933,-1.233,0.886,-1.084,0.585,7.029999999999999,280.17999999999995
1768,10,-1.752,1.867,-1.401,0.801,-1.523,0.945,-1.214,0.903,-1.082,0.59,7.189,280.339
1768,11,-1.568,1.699,-1.068,0.852,-1.543,0.972,-1.221,0.939,-1.093,0.595,7.522,280.67199999999997
1768,12,-1.117,2.428,-0.854,0.86,-1.535,0.923,-1.203,0.932,-1.1,0.598,7.736,280.88599999999997
1769,1,-0.629,3.075,-0.851,0.908,-1.522,0.905,-1.222,0.918,-1.119,0.605,7.739,280.88899999999995
1769,2,-1.615,2.666,-0.788,0.961,-1.516,0.9,-1.235,0.897,-1.122,0.608,7.802,280.952
1769,3,-1.38,2.438,-0.748,0.921,-1.529,0.883,-1.233,0.891,-1.118,0.612,7.842,280.99199999999996
1769,4,0.053,3.787,-0.962,0.909,-1.497,0.898,-1.219,0.918,-1.113,0.615,7.628,280.77799999999996
1769,5,0.856,3.604,-1.136,0.907,-1.544,0.908,-1.171,0.897,-1.101,0.619,7.454,280.604
1769,6,0.91,1.849,-1.462,1.007,-1.543,0.934,-1.137,0.886,-1.11,0.622,7.128,280.27799999999996
1769,7,-0.547,1.843,-1.504,1.279,-1.503,0.971,-1.107,0.874,-1.109,0.622,7.086,280.236
1769,8,-0.907,1.326,-1.381,1.41,-1.541,1.072,-1.094,0.879,-1.115,0.624,7.209,280.359
1769,9,-1.261,1.567,-1.637,1.583,-1.607,1.115,-1.094,0.892,-1.116,0.627,6.952999999999999,280.10299999999995
1769,10,-4.329,2.115,-1.561,1.39,-1.565,1.063,-1.107,0.904,-1.113,0.635,7.029,280.179
1769,11,-3.649,2.329,-1.805,1.256,-1.576,1.068,-1.13,0.927,-1.106,0.642,6.785,279.935
1769,12,-5.03,3.984,-2.07,1.359,-1.611,1.094,-1.171,0.929,-1.098,0.65,6.52,279.66999999999996
1770,1,-1.129,3.623,-2.296,1.471,-1.589,1.075,-1.173,0.96,-1.086,0.655,6.2940000000000005,279.44399999999996
1770,2,-0.139,3.799,-2.447,1.739,-1.6,1.059,-1.155,0.961,-1.083,0.655,6.143,279.29299999999995
1770,3,-4.461,2.408,-2.466,1.8,-1.621,1.053,-1.153,0.969,-1.072,0.654,6.124,279.274
1770,4,0.973,3.238,-2.144,1.725,-1.614,1.072,-1.171,0.97,-1.051,0.654,6.446,279.596
1770,5,-2.069,1.567,-1.874,1.559,-1.613,1.109,-1.172,0.977,-1.036,0.664,6.715999999999999,279.866
1770,6,-2.272,3.897,-1.385,1.144,-1.535,1.12,-1.163,0.969,-1.029,0.668,7.205,280.35499999999996
1770,7,-3.267,3.461,-1.148,1.139,-1.498,1.116,-1.158,0.981,-1.014,0.674,7.442,280.592
1770,8,-2.711,3.649,-1.547,1.115,-1.472,1.062,-1.151,0.973,-1.017,0.676,7.043,280.193
1770,9,-1.495,2.081,-1.5,1.166,-1.433,1.058,-1.153,0.968,-1.023,0.675,7.09,280.23999999999995
1770,10,-0.458,1.516,-1.85,1.406,-1.39,1.034,-1.135,0.963,-1.012,0.675,6.74,279.89
1770,11,-0.411,2.363,-1.845,1.597,-1.318,1.014,-1.116,0.977,-1.01,0.676,6.745,279.895
1770,12,0.836,4.727,-1.67,1.367,-1.309,1.027,-1.128,0.986,-1.009,0.679,6.92,280.07
1771,1,1.709,4.104,-1.472,1.211,-1.302,1.04,-1.13,0.986,-1.002,0.683,7.118,280.268
1771,2,-4.917,3.309,-1.272,1.132,-1.286,1.023,-1.135,0.978,-1.0,0.683,7.318,280.46799999999996
1771,3,-3.902,3.022,-1.245,1.087,-1.258,1.039,-1.152,0.966,-1.005,0.681,7.345,280.495
1771,4,-3.222,3.756,-1.152,1.105,-1.23,1.032,-1.163,0.956,-1.009,0.683,7.438,280.58799999999997
1771,5,-2.013,4.44,-1.272,1.199,-1.249,1.089,-1.176,0.925,-1.017,0.678,7.318,280.46799999999996
1771,6,-0.174,1.321,-1.471,1.498,-1.205,1.082,-1.17,0.912,-1.037,0.673,7.119,280.269
1771,7,-0.891,1.186,-1.762,1.935,-1.263,1.1,-1.166,0.906,-1.054,0.665,6.827999999999999,279.97799999999995
1771,8,-0.309,1.953,-1.582,2.053,-1.229,1.062,-1.158,0.907,-1.057,0.662,7.008,280.15799999999996
1771,9,-1.17,1.436,-1.53,1.879,-1.218,1.07,-1.175,0.906,-1.066,0.663,7.06,280.21
1771,10,0.661,1.759,-1.293,1.633,-1.203,1.079,-1.182,0.915,-1.057,0.665,7.297,280.447
1771,11,-1.855,2.21,-1.345,1.467,-1.136,1.007,-1.203,0.932,-1.048,0.668,7.245,280.395
1771,12,-1.553,2.479,-1.463,1.643,-1.126,0.967,-1.188,0.94,-1.03,0.672,7.127,280.277
1772,1,-1.785,4.737,-1.401,1.696,-1.089,0.93,-1.136,0.96,-1.052,0.666,7.189,280.339
1772,2,-2.754,5.49,-1.403,1.579,-1.079,0.955,-1.129,0.986,-1.066,0.66,7.186999999999999,280.337
1772,3,-3.278,2.106,-1.487,1.519,-1.088,0.965,-1.148,1.006,-1.069,0.658,7.103,280.253
1772,4,-0.38,1.357,-1.554,1.518,-1.036,0.977,-1.154,0.989,-1.07,0.66,7.036,280.186
1772,5,-2.633,1.827,-1.261,1.342,-1.036,1.012,-1.148,0.991,-1.067,0.66,7.329,280.479
1772,6,-1.595,3.215,-0.983,1.325,-1.019,0.963,-1.169,0.985,-1.063,0.66,7.607,280.757
1772,7,-0.15,1.834,-1.127,1.455,-0.993,1.017,-1.177,0.975,-1.061,0.657,7.463,280.613
1772,8,-0.324,2.194,-1.088,1.39,-0.96,1.014,-1.197,0.971,-1.056,0.659,7.502,280.652
1772,9,-2.181,1.728,-0.939,1.423,-0.869,1.008,-1.203,0.981,-1.049,0.658,7.651,280.801
1772,10,-0.15,1.75,-0.847,1.403,-0.92,1.052,-1.225,0.981,-1.042,0.667,7.743,280.893
1772,11,1.662,3.016,-0.529,1.419,-0.909,1.059,-1.249,1.007,-1.051,0.671,8.061,281.21099999999996
1772,12,1.785,2.385,-0.488,1.292,-0.904,1.055,-1.234,0.999,-1.054,0.669,8.102,281.25199999999995
1773,1,-3.513,3.508,-0.492,1.287,-0.857,1.011,-1.192,0.958,-1.06,0.657,8.097999999999999,281.248
1773,2,-2.288,3.084,-0.521,1.273,-0.814,0.97,-1.15,0.914,-1.043,0.66,8.068999999999999,281.219
1773,3,-1.483,2.137,-0.344,1.392,-0.817,0.951,-1.139,0.898,-1.031,0.667,8.246,281.39599999999996
1773,4,0.716,1.371,-0.337,1.338,-0.8,0.951,-1.116,0.89,-1.028,0.666,8.253,281.40299999999996
1773,5,1.189,1.461,-0.704,1.699,-0.768,1.03,-1.102,0.883,-1.021,0.668,7.886,281.036
1773,6,-1.103,1.129,-0.725,1.538,-0.829,1.096,-1.112,0.885,-1.008,0.665,7.865,281.015
1773,7,-0.193,1.771,-0.772,1.024,-0.929,1.176,-1.109,0.888,-1.019,0.664,7.818,280.96799999999996
1773,8,-0.673,1.41,-0.547,0.914,-0.845,1.132,-1.115,0.888,-1.017,0.669,8.043,281.193
1773,9,-0.056,2.217,-0.484,0.92,-0.818,1.081,-1.099,0.894,-1.024,0.674,8.106,281.256
1773,10,-0.073,1.434,-0.464,0.992,-0.804,1.048,-1.103,0.897,-1.02,0.685,8.126,281.27599999999995
1773,11,-2.736,4.685,-0.157,1.062,-0.809,0.948,-1.116,0.909,-1.028,0.688,8.433,281.58299999999997
1773,12,1.535,2.828,0.059,1.068,-0.806,0.971,-1.129,0.917,-1.03,0.689,8.649,281.799
1774,1,-4.085,4.228,0.216,1.248,-0.809,0.976,-1.146,0.943,-1.025,0.701,8.806,281.95599999999996
1774,2,0.413,4.628,0.248,1.226,-0.801,0.988,-1.129,0.943,-1.042,0.704,8.838,281.988
1774,3,-0.724,2.431,0.103,1.226,-0.822,1.001,-1.118,0.957,-1.044,0.703,8.693,281.84299999999996
1774,4,0.957,3.955,0.008,1.09,-0.868,1.002,-1.121,0.953,-1.042,0.716,8.597999999999999,281.748
1774,5,4.871,1.846,-0.071,1.226,-0.861,1.029,-1.117,0.954,-1.046,0.719,8.519,281.669
1774,6,1.485,4.618,-0.533,1.037,-0.834,1.026,-1.143,0.952,-1.037,0.715,8.057,281.207
1774,7,1.695,4.174,-0.154,1.031,-0.769,1.04,-1.153,0.949,-1.028,0.722,8.436,281.58599999999996
1774,8,-0.286,2.283,-0.037,1.103,-0.718,1.025,-1.155,0.958,-1.014,0.719,8.552999999999999,281.703
1774,9,-1.804,2.114,0.107,1.18,-0.689,1.029,-1.148,0.957,-1.013,0.716,8.697,281.847
1774,10,-1.215,3.064,-0.144,1.188,-0.743,1.028,-1.117,0.963,-1.021,0.715,8.446,281.596
1774,11,-3.683,4.842,-0.671,1.374,-0.72,1.04,-1.092,0.956,-1.022,0.711,7.919,281.06899999999996
1774,12,-4.002,3.293,-0.96,1.586,-0.727,1.005,-1.068,0.923,-1.028,0.717,7.63,280.78
1775,1,0.465,3.673,-1.134,1.716,-0.765,1.002,-1.067,0.953,-1.033,0.732,7.4559999999999995,280.606
1775,2,1.81,3.341,-1.124,1.642,-0.793,1.001,-1.067,0.95,-1.039,0.734,7.465999999999999,280.616
1775,3,1.01,2.377,-1.114,1.558,-0.786,1.028,-1.037,0.938,-1.061,0.733,7.476,280.626
1775,4,-2.061,1.863,-0.963,1.45,-0.836,1.005,-1.013,0.959,-1.069,0.726,7.627,280.777
1775,5,-1.453,2.788,-0.53,1.518,-0.886,1.015,-0.973,0.977,-1.069,0.72,8.06,281.21
1775,6,-1.978,3.278,-0.433,1.66,-0.934,0.986,-0.953,0.967,-1.052,0.703,8.157,281.30699999999996
1775,7,-0.393,1.461,-0.829,1.714,-0.886,0.9,-0.92,0.952,-1.047,0.706,7.761,280.911
1775,8,-0.173,1.12,-0.973,1.479,-0.827,0.869,-0.909,0.937,-1.04,0.7,7.617,280.767
1775,9,-1.683,1.87,-1.243,1.354,-0.844,0.842,-0.922,0.921,-1.04,0.699,7.3469999999999995,280.49699999999996
1775,10,0.599,1.796,-1.271,1.355,-0.842,0.846,-0.915,0.912,-1.039,0.694,7.319,280.469
1775,11,1.521,3.819,-1.344,1.176,-0.886,0.854,-0.911,0.915,-1.036,0.689,7.2459999999999996,280.39599999999996
1775,12,-2.845,2.545,-1.179,1.091,-0.914,0.841,-0.933,0.939,-1.039,0.688,7.411,280.561
1776,1,-4.291,2.393,-1.236,1.11,-0.916,0.832,-0.951,0.953,-1.033,0.683,7.354,280.50399999999996
1776,2,0.089,3.019,-1.206,1.19,-0.945,0.846,-0.92,0.941,-1.042,0.685,7.384,280.534
1776,3,-2.236,3.15,-1.27,1.256,-0.94,0.842,-0.895,0.922,-1.041,0.684,7.32,280.46999999999997
1776,4,-2.397,1.836,-1.494,1.279,-0.977,0.853,-0.881,0.9,-1.036,0.681,7.096,280.246
1776,5,-2.327,1.926,-1.739,1.276,-0.983,0.841,-0.867,0.862,-1.033,0.675,6.851,280.001
1776,6,0.003,2.351,-1.496,1.222,-1.053,0.855,-0.88,0.852,-1.03,0.662,7.093999999999999,280.24399999999997
1776,7,-1.073,1.366,-0.961,1.169,-1.029,0.877,-0.874,0.835,-1.02,0.657,7.629,280.779
1776,8,0.178,3.406,-0.942,1.302,-1.029,0.9,-0.867,0.82,-1.014,0.656,7.648,280.798
1776,9,-2.442,2.0,-0.884,1.445,-1.017,0.916,-0.873,0.819,-1.01,0.657,7.7059999999999995,280.856
1776,10,-2.089,2.201,-0.986,1.395,-1.039,0.907,-0.883,0.81,-1.008,0.654,7.604,280.75399999999996
1776,11,-1.421,3.609,-0.9,1.833,-1.099,0.976,-0.856,0.803,-1.023,0.655,7.6899999999999995,280.84
1776,12,0.065,2.578,-1.067,1.644,-1.159,1.004,-0.847,0.789,-1.031,0.657,7.523,280.673
1777,1,2.133,3.496,-1.178,1.683,-1.217,1.039,-0.851,0.772,-1.012,0.661,7.412,280.56199999999995
1777,2,0.313,3.46,-1.362,1.518,-1.231,1.036,-0.849,0.748,-1.012,0.672,7.228,280.378
1777,3,-1.538,1.985,-1.303,1.625,-1.208,1.026,-0.844,0.75,-1.016,0.673,7.287,280.43699999999995
1777,4,-3.622,2.082,-1.394,1.53,-1.199,1.023,-0.84,0.744,-1.009,0.662,7.196,280.346
1777,5,-1.292,1.988,-1.386,1.305,-1.148,0.982,-0.818,0.734,-1.0,0.667,7.204,280.354
1777,6,-1.995,1.484,-1.481,1.102,-1.117,0.965,-0.804,0.715,-0.999,0.671,7.109,280.25899999999996
1777,7,-2.409,1.732,-1.712,0.893,-1.142,0.969,-0.807,0.702,-0.996,0.664,6.878,280.02799999999996
1777,8,-2.036,1.313,-1.633,1.026,-1.173,0.965,-0.792,0.693,-0.999,0.661,6.957,280.10699999999997
1777,9,-1.728,3.126,-1.717,1.18,-1.205,0.954,-0.771,0.682,-1.003,0.662,6.872999999999999,280.02299999999997
1777,10,-3.184,2.627,-1.345,1.16,-1.106,0.943,-0.776,0.686,-1.006,0.668,7.245,280.395
1777,11,-1.317,2.152,-1.357,1.162,-1.037,0.967,-0.802,0.693,-1.017,0.675,7.233,280.383
1777,12,-1.083,3.21,-1.425,1.267,-1.002,0.951,-0.832,0.679,-1.009,0.676,7.165,280.315
1778,1,-0.64,3.959,-1.249,1.309,-0.982,0.96,-0.834,0.624,-0.996,0.669,7.340999999999999,280.491
1778,2,1.259,3.636,-1.279,1.27,-1.004,0.97,-0.805,0.623,-0.98,0.671,7.311,280.46099999999996
1778,3,-2.538,3.729,-1.118,1.415,-1.027,0.96,-0.802,0.624,-0.968,0.672,7.4719999999999995,280.62199999999996
1778,4,0.84,1.862,-1.04,1.387,-1.029,0.941,-0.811,0.622,-0.961,0.67,7.55,280.7
1778,5,-1.435,2.009,-1.188,1.216,-1.055,0.872,-0.816,0.619,-0.951,0.662,7.402,280.55199999999996
1778,6,-2.811,2.925,-1.321,1.163,-1.038,0.855,-0.795,0.607,-0.942,0.661,7.269,280.419
1778,7,-0.294,1.509,-1.49,1.196,-0.973,0.817,-0.802,0.597,-0.93,0.663,7.1,280.25
1778,8,-2.406,2.571,-1.559,1.369,-0.995,0.828,-0.797,0.594,-0.921,0.66,7.031,280.181
1778,9,0.207,1.936,-1.35,1.266,-0.973,0.836,-0.816,0.589,-0.915,0.66,7.24,280.39
1778,10,-2.243,2.669,-1.446,1.251,-0.958,0.827,-0.827,0.593,-0.906,0.655,7.144,280.294
1778,11,-3.097,3.374,-1.221,1.267,-0.924,0.857,-0.835,0.586,-0.898,0.652,7.369,280.519
1778,12,-2.674,2.332,-1.165,1.254,-0.954,0.821,-0.858,0.593,-0.912,0.645,7.425,280.575
1779,1,-2.666,3.55,-1.287,1.239,-0.938,0.793,-0.828,0.621,-0.908,0.656,7.303,280.453
1779,2,0.427,5.53,-1.18,1.182,-0.933,0.756,-0.85,0.638,-0.906,0.664,7.41,280.56
1779,3,-0.028,2.483,-1.237,1.174,-0.923,0.756,-0.855,0.642,-0.906,0.665,7.353,280.503
1779,4,-0.317,3.452,-1.103,1.186,-0.899,0.747,-0.866,0.648,-0.911,0.661,7.487,280.637
1779,5,1.27,1.871,-0.9,1.121,-0.851,0.702,-0.922,0.65,-0.914,0.657,7.6899999999999995,280.84
1779,6,-2.142,1.603,-0.853,1.19,-0.861,0.667,-0.937,0.644,-0.919,0.652,7.737,280.887
1779,7,-1.761,1.411,-0.719,1.1,-0.934,0.632,-0.949,0.654,-0.914,0.648,7.8709999999999996,281.02099999999996
1779,8,-1.123,2.213,-0.76,1.325,-0.981,0.598,-0.934,0.646,-0.911,0.644,7.83,280.97999999999996
1779,9,-0.476,1.837,-0.83,1.194,-0.999,0.609,-0.933,0.633,-0.906,0.641,7.76,280.90999999999997
1779,10,-0.629,2.545,-0.482,1.236,-0.937,0.59,-0.936,0.63,-0.892,0.645,8.108,281.258
1779,11,-0.669,2.271,-0.363,1.412,-0.915,0.567,-0.914,0.604,-0.876,0.644,8.227,281.37699999999995
1779,12,-2.109,2.49,-0.177,1.622,-0.88,0.557,-0.886,0.621,-0.854,0.638,8.413,281.563
1780,1,-1.051,5.609,0.037,1.699,-0.849,0.539,-0.894,0.628,-0.848,0.638,8.627,281.777
1780,2,-0.066,4.213,0.01,1.719,-0.791,0.523,-0.924,0.634,-0.848,0.638,8.6,281.75
1780,3,-0.866,2.667,-0.205,1.657,-0.756,0.492,-0.97,0.627,-0.832,0.637,8.385,281.53499999999997
1780,4,3.855,2.853,-0.117,1.533,-0.715,0.503,-0.966,0.612,-0.843,0.642,8.472999999999999,281.623
1780,5,2.698,4.555,-0.06,1.557,-0.719,0.506,-0.966,0.611,-0.838,0.637,8.53,281.67999999999995
1780,6,0.088,2.83,-0.037,1.993,-0.731,0.51,-0.94,0.599,-0.829,0.627,8.552999999999999,281.703
1780,7,0.808,1.638,0.014,1.667,-0.782,0.519,-0.935,0.602,-0.819,0.622,8.604,281.75399999999996
1780,8,-1.442,2.678,-0.082,1.566,-0.782,0.546,-0.929,0.602,-0.811,0.614,8.508,281.65799999999996
1780,9,-3.065,2.221,-0.083,1.685,-0.761,0.578,-0.928,0.612,-0.808,0.611,8.507,281.657
1780,10,0.437,1.568,-0.532,1.554,-0.781,0.581,-0.944,0.608,-0.808,0.611,8.058,281.20799999999997
1780,11,0.01,2.201,-0.781,1.358,-0.746,0.566,-0.956,0.591,-0.811,0.61,7.809,280.959
1780,12,-1.833,3.065,-0.936,1.417,-0.675,0.592,-0.951,0.585,-0.814,0.624,7.654,280.804
1781,1,-0.433,4.561,-1.015,1.524,-0.689,0.592,-0.935,0.59,-0.818,0.627,7.575,280.72499999999997
1781,2,-1.226,6.017,-0.855,1.599,-0.65,0.571,-0.949,0.592,-0.798,0.626,7.734999999999999,280.885
1781,3,-0.88,2.162,-0.751,1.658,-0.691,0.567,-0.929,0.586,-0.781,0.623,7.8389999999999995,280.989
1781,4,-1.53,2.283,-0.84,1.603,-0.677,0.592,-0.909,0.588,-0.767,0.62,7.75,280.9
1781,5,-0.294,1.943,-0.721,1.376,-0.688,0.576,-0.89,0.606,-0.762,0.614,7.869,281.019
1781,6,-1.765,2.466,-0.613,1.231,-0.663,0.592,-0.89,0.593,-0.763,0.612,7.977,281.12699999999995
1781,7,-0.137,2.549,-0.763,1.102,-0.626,0.632,-0.874,0.59,-0.763,0.61,7.827,280.977
1781,8,0.469,1.483,-0.873,0.982,-0.671,0.719,-0.869,0.595,-0.762,0.606,7.717,280.86699999999996
1781,9,-1.811,2.963,-1.015,1.061,-0.694,0.722,-0.844,0.614,-0.761,0.604,7.575,280.72499999999997
1781,10,-0.631,1.633,-0.88,1.068,-0.693,0.706,-0.834,0.624,-0.769,0.602,7.71,280.85999999999996
1781,11,1.439,3.214,-0.853,1.068,-0.745,0.674,-0.844,0.625,-0.76,0.601,7.737,280.887
1781,12,-0.539,3.058,-0.698,1.079,-0.715,0.688,-0.874,0.629,-0.754,0.599,7.8919999999999995,281.042
1782,1,-2.237,2.856,-0.731,1.127,-0.681,0.672,-0.887,0.627,-0.756,0.595,7.859,281.00899999999996
1782,2,-2.541,3.408,-0.65,1.144,-0.638,0.638,-0.894,0.632,-0.742,0.591,7.9399999999999995,281.09
1782,3,-2.592,3.971,-0.468,1.274,-0.658,0.619,-0.885,0.618,-0.731,0.594,8.122,281.272
1782,4,0.089,1.938,-0.478,1.445,-0.672,0.635,-0.864,0.61,-0.731,0.594,8.112,281.262
1782,5,0.037,1.867,-0.726,1.463,-0.68,0.635,-0.853,0.622,-0.719,0.592,7.864,281.01399999999995
1782,6,0.095,1.444,-0.83,1.352,-0.654,0.705,-0.83,0.639,-0.709,0.589,7.76,280.90999999999997
1782,7,-0.528,1.594,-0.951,1.22,-0.645,0.724,-0.816,0.635,-0.707,0.587,7.639,280.789
1782,8,1.43,0.963,-0.639,1.117,-0.674,0.739,-0.802,0.634,-0.712,0.584,7.951,281.101
1782,9,0.376,2.066,-0.525,1.182,-0.735,0.759,-0.803,0.629,-0.702,0.584,8.065,281.215
1782,10,-0.744,4.168,-0.562,1.13,-0.827,0.693,-0.788,0.645,-0.707,0.583,8.028,281.178
1782,11,-1.541,3.428,-0.51,1.091,-0.895,0.713,-0.785,0.638,-0.718,0.586,8.08,281.22999999999996
1782,12,-1.786,2.881,-0.399,1.098,-0.877,0.734,-0.785,0.65,-0.726,0.584,8.190999999999999,281.34099999999995
1783,1,-3.686,3.169,-0.449,1.076,-0.888,0.752,-0.8,0.655,-0.716,0.58,8.141,281.291
1783,2,1.203,2.949,-0.574,1.03,-0.854,0.752,-0.811,0.682,-0.7,0.585,8.016,281.166
1783,3,-1.232,2.137,-0.791,0.941,-0.828,0.763,-0.798,0.675,-0.694,0.584,7.7989999999999995,280.94899999999996
1783,4,-0.355,1.635,-0.85,0.922,-0.858,0.766,-0.806,0.663,-0.695,0.584,7.74,280.89
1783,5,0.666,1.784,-1.031,0.918,-0.858,0.803,-0.799,0.654,-0.7,0.583,7.559,280.709
1783,6,1.422,2.354,-0.98,0.918,-0.864,0.812,-0.772,0.662,-0.696,0.584,7.609999999999999,280.76
1783,7,-1.122,1.358,-0.713,1.436,-0.897,0.854,-0.751,0.676,-0.694,0.582,7.877,281.027
1783,8,-0.068,1.325,-0.999,1.702,-0.903,0.933,-0.726,0.676,-0.694,0.582,7.591,280.741
1783,9,-2.237,1.555,-1.014,1.826,-0.886,0.892,-0.73,0.676,-0.696,0.582,7.576,280.726
1783,10,-1.445,2.685,-1.006,2.031,-0.859,0.933,-0.709,0.675,-0.699,0.586,7.584,280.734
1783,11,-3.713,2.316,-1.215,1.731,-0.855,0.945,-0.68,0.671,-0.69,0.59,7.375,280.525
1783,12,-1.172,3.423,-1.364,1.688,-0.826,0.973,-0.695,0.647,-0.702,0.59,7.226,280.376
1784,1,-0.492,4.73,-1.246,1.763,-0.81,0.989,-0.67,0.675,-0.68,0.587,7.343999999999999,280.49399999999997
1784,2,-2.227,4.77,-1.119,1.914,-0.804,1.042,-0.683,0.708,-0.682,0.585,7.471,280.621
1784,3,-1.407,2.638,-1.074,1.783,-0.766,1.11,-0.694,0.697,-0.675,0.582,7.516,280.666
1784,4,-0.26,4.059,-1.078,1.766,-0.769,1.128,-0.7,0.684,-0.677,0.58,7.512,280.662
1784,5,-1.848,2.911,-0.86,1.574,-0.837,1.098,-0.711,0.686,-0.692,0.578,7.7299999999999995,280.88
1784,6,-0.358,1.769,-0.812,1.698,-0.887,1.11,-0.696,0.683,-0.703,0.58,7.778,280.928
1784,7,0.297,2.207,-0.814,1.613,-0.841,1.127,-0.676,0.682,-0.716,0.584,7.776,280.926
1784,8,1.449,3.397,-0.776,1.592,-0.807,1.138,-0.667,0.672,-0.716,0.584,7.814,280.964
1784,9,-1.693,1.457,-1.039,1.616,-0.772,1.101,-0.663,0.67,-0.707,0.58,7.551,280.70099999999996
1784,10,-1.497,2.381,-1.152,1.336,-0.791,1.093,-0.667,0.68,-0.702,0.579,7.438,280.58799999999997
1784,11,-1.101,2.254,-1.115,1.628,-0.79,1.109,-0.66,0.688,-0.687,0.573,7.475,280.625
1784,12,-0.59,4.5,-0.989,1.683,-0.779,1.138,-0.64,0.704,-0.672,0.576,7.601,280.751
1785,1,-0.521,5.249,-1.001,1.71,-0.783,1.125,-0.629,0.706,-0.671,0.573,7.589,280.739
1785,2,-1.762,4.284,-1.072,1.637,-0.813,1.13,-0.628,0.708,-0.672,0.573,7.518,280.66799999999995
1785,3,-4.573,2.986,-1.058,1.843,-0.85,1.12,-0.627,0.706,-0.673,0.573,7.532,280.68199999999996
1785,4,-1.612,1.558,-1.043,1.743,-0.861,1.099,-0.673,0.686,-0.66,0.57,7.547,280.697
1785,5,-1.402,2.187,-0.952,2.015,-0.851,1.046,-0.703,0.684,-0.65,0.568,7.638,280.78799999999995
1785,6,1.15,2.437,-1.084,1.706,-0.839,1.079,-0.704,0.675,-0.645,0.564,7.506,280.65599999999995
1785,7,0.156,2.023,-1.245,1.373,-0.818,1.168,-0.719,0.672,-0.642,0.562,7.345,280.495
1785,8,0.6,1.321,-1.23,1.219,-0.84,1.233,-0.712,0.661,-0.641,0.562,7.359999999999999,280.51
1785,9,-1.528,2.375,-0.837,0.945,-0.835,1.209,-0.694,0.657,-0.64,0.563,7.753,280.90299999999996
1785,10,-1.317,1.64,-0.697,0.977,-0.831,1.181,-0.702,0.658,-0.647,0.559,7.893,281.04299999999995
1785,11,-0.005,2.67,-0.584,0.943,-0.853,1.156,-0.71,0.669,-0.655,0.548,8.006,281.15599999999995
1785,12,-2.173,2.141,-0.68,0.887,-0.868,1.152,-0.695,0.705,-0.641,0.548,7.91,281.06
1786,1,-2.463,3.078,-0.624,0.84,-0.813,1.188,-0.685,0.737,-0.618,0.552,7.966,281.116
1786,2,-1.58,2.783,-0.607,0.938,-0.803,1.219,-0.675,0.781,-0.617,0.548,7.983,281.133
1786,3,0.149,2.924,-0.437,1.046,-0.769,1.212,-0.667,0.782,-0.616,0.545,8.153,281.303
1786,4,0.07,1.752,-0.394,1.134,-0.741,1.189,-0.653,0.803,-0.608,0.541,8.196,281.346
1786,5,-0.05,1.479,-0.614,1.066,-0.673,1.184,-0.658,0.804,-0.599,0.541,7.976,281.126
1786,6,-0.004,1.758,-0.73,1.245,-0.727,1.087,-0.645,0.819,-0.594,0.536,7.859999999999999,281.01
1786,7,0.826,1.071,-0.481,1.404,-0.715,1.039,-0.652,0.828,-0.59,0.535,8.109,281.25899999999996
1786,8,0.802,2.87,-0.393,1.513,-0.695,1.037,-0.657,0.836,-0.588,0.532,8.197,281.347
1786,9,0.519,4.045,-0.443,1.578,-0.694,0.991,-0.649,0.841,-0.579,0.529,8.147,281.29699999999997
1786,10,-0.805,3.148,-0.539,1.47,-0.708,0.939,-0.654,0.834,-0.57,0.527,8.051,281.20099999999996
1786,11,-2.646,2.022,-0.526,1.551,-0.678,0.999,-0.664,0.817,-0.567,0.523,8.064,281.214
1786,12,-3.562,3.104,-0.462,1.693,-0.678,0.989,-0.66,0.813,-0.577,0.517,8.128,281.27799999999996
1787,1,0.518,3.698,-0.594,1.659,-0.67,0.982,-0.66,0.798,-0.576,0.513,7.9959999999999996,281.14599999999996
1787,2,-0.513,3.553,-0.692,1.493,-0.696,0.943,-0.636,0.795,-0.566,0.513,7.898,281.048
1787,3,-0.454,2.959,-0.892,1.265,-0.669,0.966,-0.619,0.792,-0.563,0.509,7.6979999999999995,280.84799999999996
1787,4,-1.08,1.319,-0.938,1.336,-0.661,0.955,-0.623,0.796,-0.553,0.505,7.652,280.80199999999996
1787,5,0.098,3.025,-0.796,1.311,-0.641,0.987,-0.62,0.793,-0.551,0.502,7.794,280.94399999999996
1787,6,0.769,2.427,-0.588,1.234,-0.626,0.936,-0.614,0.794,-0.54,0.502,8.002,281.152
1787,7,-0.758,1.386,-0.835,1.168,-0.612,0.857,-0.608,0.792,-0.533,0.499,7.755,280.905
1787,8,-0.376,0.977,-0.802,1.325,-0.583,0.826,-0.631,0.791,-0.525,0.495,7.788,280.938
1787,9,-1.874,1.447,-0.84,1.337,-0.518,0.797,-0.633,0.789,-0.519,0.494,7.75,280.9
1787,10,-1.362,2.691,-0.762,1.411,-0.519,0.8,-0.638,0.764,-0.507,0.494,7.827999999999999,280.97799999999995
1787,11,-0.936,2.425,-0.823,1.201,-0.512,0.77,-0.633,0.754,-0.507,0.492,7.7669999999999995,280.917
1787,12,-1.076,2.229,-0.845,1.1,-0.531,0.739,-0.619,0.763,-0.503,0.495,7.745,280.895
1788,1,-2.444,3.548,-0.601,1.141,-0.551,0.718,-0.599,0.817,-0.498,0.502,7.989,281.13899999999995
1788,2,-0.112,4.827,-0.524,1.147,-0.571,0.694,-0.596,0.826,-0.503,0.502,8.065999999999999,281.21599999999995
1788,3,-0.917,3.568,-0.386,1.132,-0.559,0.663,-0.585,0.829,-0.488,0.501,8.204,281.354
1788,4,-0.145,2.28,-0.251,0.994,-0.547,0.666,-0.578,0.826,-0.493,0.502,8.339,281.489
1788,5,-0.623,1.233,-0.145,0.977,-0.562,0.65,-0.585,0.817,-0.488,0.506,8.445,281.59499999999997
1788,6,0.497,0.989,-0.419,0.759,-0.526,0.717,-0.597,0.817,-0.477,0.506,8.171,281.32099999999997
1788,7,2.177,2.468,-0.196,0.847,-0.473,0.724,-0.586,0.818,-0.473,0.508,8.394,281.544
1788,8,0.543,2.362,-0.277,0.786,-0.447,0.729,-0.591,0.827,-0.458,0.507,8.313,281.46299999999997
1788,9,-0.218,1.3,-0.309,0.828,-0.449,0.764,-0.577,0.82,-0.462,0.508,8.281,281.431
1788,10,0.257,1.672,-0.391,0.908,-0.447,0.759,-0.572,0.814,-0.455,0.505,8.199,281.349
1788,11,0.336,1.889,-0.341,0.97,-0.46,0.747,-0.544,0.816,-0.442,0.5,8.249,281.399
1788,12,-4.365,4.71,-0.412,0.918,-0.464,0.75,-0.547,0.805,-0.436,0.496,8.177999999999999,281.328
1789,1,0.229,3.441,-0.533,0.826,-0.494,0.749,-0.533,0.768,-0.427,0.498,8.057,281.207
1789,2,-1.076,3.7,-0.585,0.699,-0.51,0.713,-0.515,0.745,-0.438,0.496,8.004999999999999,281.155
1789,3,-1.308,2.58,-0.572,0.734,-0.532,0.664,-0.495,0.735,-0.446,0.496,8.018,281.168
1789,4,-1.12,1.329,-0.681,0.704,-0.539,0.644,-0.488,0.719,-0.444,0.491,7.909,281.05899999999997
1789,5,-0.033,1.951,-0.696,0.708,-0.492,0.641,-0.462,0.742,-0.45,0.489,7.894,281.044
1789,6,-0.352,1.233,-0.308,0.972,-0.433,0.622,-0.468,0.737,-0.44,0.489,8.282,281.43199999999996
1789,7,0.73,1.627,-0.3,0.784,-0.48,0.581,-0.483,0.733,-0.433,0.487,8.29,281.44
1789,8,-0.087,1.119,-0.215,0.685,-0.464,0.563,-0.498,0.719,-0.429,0.484,8.375,281.525
1789,9,-0.057,1.258,-0.161,0.78,-0.466,0.588,-0.481,0.719,-0.428,0.483,8.429,281.57899999999995
1789,10,-1.053,2.283,-0.208,0.806,-0.455,0.602,-0.469,0.707,-0.424,0.483,8.382,281.532
1789,11,0.152,2.003,-0.284,0.736,-0.449,0.567,-0.461,0.722,-0.421,0.484,8.306,281.45599999999996
1789,12,0.292,1.93,-0.254,0.716,-0.449,0.536,-0.458,0.703,-0.419,0.486,8.336,281.486
1790,1,0.328,2.211,-0.402,0.719,-0.432,0.538,-0.449,0.673,-0.418,0.49,8.188,281.33799999999997
1790,2,-0.056,2.728,-0.446,0.729,-0.449,0.528,-0.421,0.658,-0.421,0.489,8.144,281.294
1790,3,-0.657,1.681,-0.509,0.788,-0.416,0.531,-0.376,0.654,-0.421,0.484,8.081,281.231
1790,4,-1.688,2.359,-0.471,0.774,-0.414,0.507,-0.353,0.658,-0.434,0.475,8.119,281.269
1790,5,-0.943,1.341,-0.561,0.753,-0.415,0.534,-0.335,0.646,-0.448,0.479,8.029,281.179
1790,6,0.008,1.444,-0.584,0.723,-0.4,0.522,-0.35,0.633,-0.449,0.48,8.006,281.15599999999995
1790,7,-1.045,0.855,-0.55,0.737,-0.379,0.541,-0.348,0.625,-0.455,0.479,8.04,281.19
1790,8,-0.618,1.105,-0.548,0.686,-0.352,0.503,-0.353,0.622,-0.45,0.478,8.042,281.19199999999995
1790,9,-0.815,1.256,-0.491,0.726,-0.335,0.533,-0.353,0.611,-0.442,0.474,8.099,281.24899999999997
1790,10,-0.59,1.264,-0.337,0.77,-0.325,0.555,-0.351,0.606,-0.443,0.472,8.253,281.40299999999996
1790,11,-0.938,1.588,-0.325,0.818,-0.317,0.565,-0.353,0.587,-0.443,0.474,8.265,281.41499999999996
1790,12,0.025,4.576,-0.347,0.874,-0.326,0.573,-0.332,0.593,-0.435,0.48,8.243,281.393
1791,1,0.735,3.032,-0.34,0.902,-0.36,0.547,-0.301,0.592,-0.429,0.489,8.25,281.4
1791,2,-0.029,2.165,-0.303,0.953,-0.379,0.535,-0.284,0.587,-0.422,0.505,8.286999999999999,281.43699999999995
1791,3,0.021,1.795,-0.304,0.974,-0.385,0.531,-0.302,0.598,-0.412,0.503,8.286,281.436
1791,4,0.164,1.394,-0.355,0.955,-0.403,0.543,-0.308,0.59,-0.409,0.509,8.235,281.385
1791,5,-0.803,1.08,-0.262,0.964,-0.415,0.556,-0.307,0.581,-0.403,0.509,8.328,281.47799999999995
1791,6,-0.254,1.226,-0.265,0.775,-0.368,0.627,-0.299,0.579,-0.397,0.515,8.325,281.47499999999997
1791,7,-0.965,1.111,-0.518,0.745,-0.352,0.603,-0.307,0.582,-0.396,0.518,8.072,281.222
1791,8,-0.169,0.828,-0.478,0.811,-0.335,0.577,-0.307,0.564,-0.403,0.521,8.112,281.262
1791,9,-0.828,0.974,-0.528,0.821,-0.296,0.61,-0.313,0.538,-0.396,0.521,8.062,281.212
1791,10,-1.207,1.163,-0.575,0.82,-0.268,0.623,-0.307,0.524,-0.389,0.515,8.015,281.16499999999996
1791,11,0.185,2.055,-0.474,0.812,-0.247,0.609,-0.29,0.517,-0.396,0.508,8.116,281.26599999999996
1791,12,-0.008,2.232,-0.386,0.822,-0.259,0.609,-0.28,0.498,-0.389,0.498,8.204,281.354
1792,1,-2.31,3.94,-0.287,0.798,-0.295,0.605,-0.265,0.481,-0.374,0.495,8.302999999999999,281.453
1792,2,0.457,3.082,-0.389,0.753,-0.3,0.605,-0.237,0.476,-0.358,0.491,8.201,281.351
1792,3,-0.586,2.029,-0.308,0.741,-0.293,0.582,-0.24,0.475,-0.342,0.486,8.282,281.43199999999996
1792,4,-0.4,1.338,-0.314,0.745,-0.277,0.575,-0.241,0.478,-0.339,0.487,8.276,281.426
1792,5,0.415,1.236,-0.41,0.782,-0.281,0.582,-0.249,0.462,-0.344,0.483,8.18,281.33
1792,6,0.798,0.955,-0.424,0.757,-0.29,0.592,-0.251,0.451,-0.344,0.482,8.166,281.316
1792,7,0.223,1.708,-0.332,0.836,-0.286,0.604,-0.251,0.45,-0.342,0.479,8.258,281.40799999999996
1792,8,-1.386,1.564,-0.245,0.848,-0.259,0.599,-0.248,0.445,-0.35,0.481,8.345,281.495
1792,9,0.14,1.35,-0.188,0.819,-0.234,0.619,-0.234,0.446,-0.352,0.478,8.402,281.55199999999996
1792,10,-1.286,1.271,-0.114,0.84,-0.186,0.633,-0.226,0.439,-0.348,0.468,8.475999999999999,281.626
1792,11,-0.956,2.657,-0.16,0.834,-0.158,0.642,-0.229,0.439,-0.346,0.458,8.43,281.58
1792,12,-0.179,2.102,-0.232,0.891,-0.169,0.638,-0.221,0.437,-0.34,0.461,8.358,281.508
1793,1,-1.215,2.756,-0.238,0.898,-0.146,0.642,-0.196,0.45,-0.331,0.48,8.352,281.50199999999995
1793,2,1.505,2.984,-0.17,0.958,-0.136,0.659,-0.195,0.437,-0.34,0.478,8.42,281.57
1793,3,0.098,1.911,-0.234,0.866,-0.148,0.672,-0.178,0.444,-0.336,0.481,8.356,281.506
1793,4,0.494,1.58,-0.193,0.932,-0.155,0.659,-0.179,0.455,-0.331,0.478,8.397,281.54699999999997
1793,5,-0.141,1.277,-0.148,1.027,-0.144,0.641,-0.176,0.467,-0.332,0.474,8.442,281.592
1793,6,-0.067,1.613,-0.259,1.124,-0.138,0.607,-0.182,0.463,-0.337,0.47,8.331,281.481
1793,7,0.156,2.111,-0.059,1.277,-0.129,0.601,-0.196,0.455,-0.331,0.469,8.531,281.681
1793,8,-0.575,1.853,-0.189,1.356,-0.121,0.593,-0.191,0.458,-0.328,0.47,8.401,281.551
1793,9,-0.627,1.648,-0.112,1.374,-0.156,0.584,-0.194,0.46,-0.318,0.465,8.478,281.628
1793,10,-0.794,1.861,-0.108,1.42,-0.169,0.576,-0.201,0.452,-0.309,0.459,8.482,281.63199999999995
1793,11,-0.418,3.509,0.009,1.416,-0.155,0.58,-0.203,0.437,-0.294,0.453,8.599,281.74899999999997
1793,12,-1.513,2.43,-0.076,1.363,-0.133,0.566,-0.178,0.454,-0.292,0.444,8.514,281.664
1794,1,1.186,2.753,-0.207,1.307,-0.12,0.571,-0.183,0.433,-0.292,0.427,8.383,281.53299999999996
1794,2,-0.054,3.764,-0.191,1.187,-0.104,0.561,-0.193,0.412,-0.288,0.419,8.399,281.549
1794,3,1.022,1.924,-0.111,1.201,-0.093,0.548,-0.199,0.421,-0.287,0.411,8.479,281.62899999999996
1794,4,0.544,1.841,-0.05,1.151,-0.074,0.542,-0.188,0.418,-0.281,0.398,8.54,281.69
1794,5,1.26,1.306,-0.022,1.011,-0.087,0.538,-0.189,0.408,-0.27,0.407,8.568,281.71799999999996
1794,6,-1.086,1.712,0.082,1.022,-0.127,0.513,-0.184,0.409,-0.268,0.404,8.672,281.822
1794,7,-1.414,1.666,0.03,0.914,-0.051,0.519,-0.19,0.401,-0.264,0.399,8.62,281.77
1794,8,-0.387,0.991,0.163,0.757,-0.01,0.556,-0.191,0.4,-0.269,0.392,8.753,281.90299999999996
1794,9,0.334,1.346,0.149,0.798,-0.013,0.567,-0.192,0.4,-0.262,0.396,8.738999999999999,281.88899999999995
1794,10,-0.058,1.248,0.203,0.749,-0.028,0.591,-0.182,0.396,-0.256,0.39,8.793,281.943
1794,11,-0.077,1.869,0.159,0.744,-0.049,0.607,-0.182,0.396,-0.248,0.391,8.749,281.899
1794,12,-0.263,2.3,0.199,0.715,-0.053,0.619,-0.199,0.396,-0.25,0.378,8.789,281.93899999999996
1795,1,0.558,2.344,0.345,0.719,-0.07,0.608,-0.207,0.4,-0.247,0.361,8.935,282.085
1795,2,1.539,3.551,0.374,0.791,-0.047,0.603,-0.213,0.397,-0.242,0.353,8.964,282.114
1795,3,0.86,2.565,0.218,0.874,-0.053,0.609,-0.216,0.392,-0.221,0.348,8.808,281.95799999999997
1795,4,1.187,1.535,0.14,0.821,-0.038,0.62,-0.195,0.396,-0.215,0.347,8.73,281.88
1795,5,0.736,1.967,0.122,0.741,-0.044,0.609,-0.193,0.4,-0.209,0.343,8.712,281.86199999999997
1795,6,-0.612,1.513,0.175,0.778,-0.042,0.621,-0.194,0.403,-0.212,0.337,8.765,281.91499999999996
1795,7,0.336,0.87,0.233,0.79,-0.013,0.652,-0.19,0.401,-0.212,0.333,8.823,281.97299999999996
1795,8,-0.041,1.779,0.143,0.877,-0.038,0.66,-0.187,0.401,-0.209,0.33,8.733,281.883
1795,9,-1.527,1.189,-0.099,0.84,-0.02,0.645,-0.189,0.406,-0.204,0.326,8.491,281.64099999999996
1795,10,-0.999,1.569,-0.248,0.841,-0.034,0.642,-0.184,0.4,-0.206,0.323,8.342,281.49199999999996
1795,11,-0.292,2.329,-0.309,0.79,-0.035,0.654,-0.176,0.395,-0.212,0.312,8.281,281.431
1795,12,0.376,2.43,-0.171,0.781,-0.038,0.638,-0.176,0.385,-0.2,0.317,8.419,281.56899999999996
1796,1,1.251,2.331,-0.211,0.857,-0.031,0.616,-0.174,0.375,-0.188,0.315,8.379,281.529
1796,2,0.461,2.272,-0.143,0.875,-0.003,0.625,-0.169,0.37,-0.182,0.313,8.447,281.597
1796,3,-2.044,1.861,-0.031,0.834,-0.004,0.647,-0.157,0.369,-0.185,0.315,8.559,281.709
1796,4,-0.61,1.412,0.046,0.85,0.0,0.627,-0.165,0.367,-0.186,0.311,8.636,281.786
1796,5,0.007,1.057,0.022,0.805,0.009,0.553,-0.148,0.376,-0.184,0.308,8.612,281.762
1796,6,1.043,1.258,-0.21,0.828,0.011,0.526,-0.149,0.374,-0.189,0.306,8.379999999999999,281.53
1796,7,-0.138,1.583,-0.125,0.897,-0.014,0.49,-0.14,0.367,-0.194,0.302,8.465,281.61499999999995
1796,8,0.769,1.562,0.08,0.736,-0.051,0.432,-0.148,0.364,-0.194,0.294,8.67,281.82
1796,9,-0.173,1.437,0.182,0.696,-0.101,0.426,-0.144,0.362,-0.195,0.288,8.772,281.92199999999997
1796,10,-0.076,1.502,0.128,0.688,-0.109,0.427,-0.124,0.365,-0.195,0.281,8.718,281.868
1796,11,-0.59,1.967,0.056,0.749,-0.131,0.424,-0.128,0.374,-0.187,0.28,8.645999999999999,281.796
1796,12,-2.402,1.624,0.014,0.782,-0.109,0.425,-0.119,0.352,-0.17,0.275,8.604,281.75399999999996
1797,1,2.267,3.651,-0.037,0.793,-0.085,0.421,-0.087,0.368,-0.179,0.273,8.552999999999999,281.703
1797,2,2.924,3.626,-0.104,0.916,-0.083,0.426,-0.08,0.382,-0.176,0.27,8.486,281.63599999999997
1797,3,-0.814,2.489,-0.105,1.02,-0.092,0.438,-0.064,0.383,-0.177,0.267,8.485,281.635
1797,4,-1.259,2.88,-0.132,1.087,-0.087,0.438,-0.056,0.386,-0.178,0.266,8.458,281.608
1797,5,-0.86,2.954,-0.193,1.151,-0.083,0.43,-0.069,0.383,-0.188,0.263,8.397,281.54699999999997
1797,6,0.534,1.579,0.004,1.159,-0.108,0.44,-0.074,0.378,-0.192,0.258,8.594,281.74399999999997
1797,7,-0.751,1.508,-0.144,1.45,-0.128,0.442,-0.077,0.37,-0.189,0.257,8.446,281.596
1797,8,-0.036,1.653,-0.386,1.338,-0.166,0.453,-0.069,0.369,-0.19,0.256,8.204,281.354
1797,9,-0.186,1.828,-0.221,1.134,-0.197,0.444,-0.071,0.368,-0.18,0.252,8.369,281.519
1797,10,-0.397,1.374,-0.145,0.972,-0.204,0.442,-0.059,0.374,-0.176,0.248,8.445,281.59499999999997
1797,11,-1.317,1.321,-0.092,0.936,-0.228,0.437,-0.058,0.363,-0.171,0.248,8.498,281.64799999999997
1797,12,-0.047,1.907,-0.154,0.878,-0.219,0.436,-0.061,0.366,-0.163,0.245,8.436,281.58599999999996
1798,1,0.494,2.391,-0.046,0.868,-0.234,0.433,-0.063,0.368,-0.159,0.244,8.544,281.69399999999996
1798,2,0.024,2.537,0.053,0.958,-0.238,0.442,-0.084,0.358,-0.163,0.238,8.643,281.793
1798,3,1.162,1.75,0.011,0.901,-0.231,0.44,-0.087,0.365,-0.164,0.237,8.600999999999999,281.751
1798,4,-0.347,1.389,-0.002,0.837,-0.213,0.437,-0.084,0.363,-0.168,0.239,8.588,281.738
1798,5,-0.225,2.111,0.117,0.722,-0.209,0.411,-0.08,0.359,-0.173,0.237,8.707,281.85699999999997
1798,6,-0.211,1.49,0.004,0.641,-0.214,0.404,-0.077,0.352,-0.176,0.233,8.594,281.74399999999997
1798,7,0.543,1.043,-0.066,0.592,-0.218,0.395,-0.076,0.341,-0.184,0.225,8.524,281.674
1798,8,1.152,2.459,-0.257,0.622,-0.218,0.376,-0.065,0.332,-0.19,0.22,8.333,281.483
1798,9,-0.688,1.317,-0.518,0.591,-0.159,0.385,-0.059,0.338,-0.191,0.222,8.072,281.222
1798,10,-0.549,1.423,-0.481,0.568,-0.16,0.378,-0.046,0.336,-0.195,0.219,8.109,281.25899999999996
1798,11,0.107,2.783,-0.467,0.573,-0.142,0.386,-0.044,0.314,-0.203,0.216,8.123,281.27299999999997
1798,12,-1.399,2.164,-0.433,0.54,-0.165,0.378,-0.038,0.309,-0.194,0.222,8.157,281.30699999999996
1799,1,-0.342,2.255,-0.475,0.581,-0.16,0.361,-0.051,0.313,-0.205,0.217,8.115,281.265
1799,2,-2.275,2.727,-0.594,0.657,-0.192,0.359,-0.062,0.302,-0.21,0.218,7.9959999999999996,281.14599999999996
1799,3,-1.963,1.58,-0.551,0.713,-0.194,0.368,-0.079,0.287,-0.213,0.221,8.039,281.18899999999996
1799,4,0.099,1.175,-0.488,0.762,-0.174,0.377,-0.073,0.286,-0.21,0.22,8.102,281.25199999999995
1799,5,-0.066,0.995,-0.484,0.724,-0.168,0.392,-0.078,0.291,-0.217,0.218,8.106,281.256
1799,6,0.209,1.563,-0.512,0.739,-0.111,0.376,-0.068,0.288,-0.218,0.218,8.078,281.22799999999995
1799,7,0.036,1.737,-0.54,0.712,-0.123,0.403,-0.045,0.285,-0.228,0.215,8.05,281.2
1799,8,-0.274,0.911,-0.411,0.816,-0.15,0.38,-0.041,0.289,-0.231,0.214,8.179,281.32899999999995
1799,9,-0.175,1.55,-0.332,0.693,-0.115,0.364,-0.042,0.298,-0.236,0.213,8.258,281.40799999999996
1799,10,0.206,1.25,-0.272,0.738,-0.084,0.348,-0.044,0.299,-0.235,0.223,8.318,281.46799999999996
1799,11,0.158,1.564,-0.328,0.754,-0.089,0.334,-0.036,0.283,-0.248,0.225,8.262,281.412
1799,12,-1.743,1.647,-0.35,0.675,-0.095,0.318,-0.043,0.28,-0.254,0.228,8.24,281.39
1800,1,-0.675,1.805,-0.403,0.595,-0.085,0.314,-0.045,0.282,-0.263,0.232,8.187,281.337
1800,2,-0.725,3.176,-0.403,0.601,-0.091,0.313,-0.063,0.291,-0.267,0.239,8.187,281.337
1800,3,-1.009,2.104,-0.479,0.53,-0.089,0.307,-0.065,0.302,-0.265,0.238,8.111,281.26099999999997
1800,4,0.817,1.332,-0.487,0.526,-0.081,0.308,-0.076,0.301,-0.264,0.24,8.103,281.253
1800,5,-0.737,1.435,-0.506,0.473,-0.073,0.304,-0.084,0.301,-0.268,0.241,8.084,281.234
1800,6,-0.067,1.249,-0.354,0.484,-0.081,0.305,-0.074,0.298,-0.276,0.239,8.236,281.38599999999997
1800,7,-0.595,0.884,-0.215,0.503,-0.112,0.307,-0.075,0.303,-0.279,0.24,8.375,281.525
1800,8,-0.268,0.895,-0.113,0.486,-0.131,0.31,-0.065,0.312,-0.283,0.239,8.477,281.62699999999995
1800,9,-1.099,1.041,0.092,0.504,-0.154,0.326,-0.054,0.32,-0.29,0.239,8.682,281.832
1800,10,0.11,1.294,-0.033,0.516,-0.134,0.331,-0.061,0.318,-0.296,0.24,8.557,281.707
1800,11,-0.07,1.668,0.122,0.516,-0.125,0.324,-0.072,0.306,-0.301,0.241,8.712,281.86199999999997
1800,12,0.085,1.948,0.098,0.516,-0.117,0.315,-0.068,0.306,-0.305,0.252,8.688,281.83799999999997
1801,1,0.997,1.963,0.16,0.499,-0.121,0.311,-0.074,0.306,-0.315,0.255,8.75,281.9
1801,2,0.492,2.233,0.086,0.502,-0.128,0.312,-0.08,0.304,-0.327,0.259,8.676,281.82599999999996
1801,3,1.448,1.404,0.153,0.508,-0.114,0.321,-0.067,0.304,-0.333,0.265,8.743,281.893
1801,4,-0.681,1.129,0.239,0.592,-0.092,0.323,-0.064,0.297,-0.342,0.266,8.829,281.979
1801,5,1.125,1.793,0.226,0.528,-0.097,0.324,-0.061,0.295,-0.345,0.268,8.816,281.96599999999995
1801,6,-0.35,1.639,0.306,0.549,-0.086,0.331,-0.078,0.301,-0.348,0.267,8.895999999999999,282.046
1801,7,0.145,1.365,0.351,0.562,-0.087,0.334,-0.081,0.301,-0.352,0.267,8.940999999999999,282.09099999999995
1801,8,-1.154,0.859,0.416,0.583,-0.072,0.341,-0.082,0.304,-0.353,0.268,9.006,282.15599999999995
1801,9,-0.293,1.105,0.404,0.665,-0.057,0.341,-0.077,0.315,-0.357,0.269,8.994,282.144
1801,10,1.143,1.928,0.509,0.759,-0.038,0.338,-0.083,0.32,-0.361,0.271,9.099,282.24899999999997
1801,11,-0.23,1.339,0.323,0.849,-0.026,0.34,-0.085,0.328,-0.372,0.275,8.913,282.063
1801,12,1.045,2.818,0.362,0.719,-0.027,0.352,-0.061,0.328,-0.372,0.275,8.952,282.102
1802,1,1.542,1.975,0.341,0.741,-0.006,0.365,-0.093,0.347,-0.368,0.277,8.931,282.08099999999996
1802,2,1.269,2.799,0.401,0.716,0.002,0.37,-0.116,0.34,-0.383,0.282,8.991,282.14099999999996
1802,3,1.299,2.517,0.422,0.755,0.007,0.386,-0.115,0.333,-0.393,0.285,9.012,282.162
1802,4,0.58,2.186,0.334,0.647,-0.001,0.394,-0.116,0.325,-0.397,0.287,8.924,282.07399999999996
1802,5,-1.109,1.041,0.282,0.621,0.011,0.394,-0.127,0.319,-0.406,0.286,8.872,282.022
1802,6,0.124,1.387,0.151,0.679,0.023,0.403,-0.133,0.316,-0.416,0.288,8.741,281.89099999999996
1802,7,-0.107,1.011,-0.093,0.694,0.038,0.404,-0.128,0.311,-0.417,0.286,8.497,281.647
1802,8,-0.432,1.417,-0.288,0.621,0.041,0.424,-0.131,0.307,-0.406,0.283,8.302,281.452
1802,9,-0.042,1.675,-0.415,0.665,0.067,0.408,-0.126,0.302,-0.413,0.283,8.175,281.325
1802,10,0.086,1.452,-0.391,0.582,0.051,0.405,-0.125,0.303,-0.414,0.287,8.199,281.349
1802,11,-0.856,1.85,-0.274,0.534,0.061,0.411,-0.113,0.303,-0.416,0.29,8.315999999999999,281.46599999999995
1802,12,-0.522,1.471,-0.261,0.578,0.071,0.408,-0.106,0.308,-0.424,0.29,8.329,281.479
1803,1,-1.392,1.849,-0.231,0.556,0.084,0.406,-0.123,0.317,-0.436,0.287,8.359,281.50899999999996
1803,2,-1.074,2.534,-0.131,0.523,0.109,0.408,-0.132,0.321,-0.446,0.293,8.459,281.609
1803,3,-0.222,3.404,-0.113,0.515,0.123,0.406,-0.151,0.33,-0.459,0.298,8.477,281.62699999999995
1803,4,0.866,1.09,-0.058,0.558,0.092,0.412,-0.156,0.338,-0.462,0.301,8.532,281.68199999999996
1803,5,0.293,1.676,-0.004,0.578,0.066,0.413,-0.17,0.349,-0.461,0.299,8.586,281.736
1803,6,0.291,0.668,-0.023,0.684,0.078,0.423,-0.17,0.354,-0.463,0.298,8.567,281.717
1803,7,0.252,1.171,0.06,0.673,0.069,0.418,-0.173,0.363,-0.464,0.296,8.65,281.79999999999995
1803,8,0.763,1.07,0.038,0.684,0.058,0.41,-0.19,0.372,-0.465,0.298,8.628,281.77799999999996
1803,9,0.172,1.132,-0.035,0.621,0.025,0.405,-0.187,0.377,-0.462,0.3,8.555,281.705
1803,10,0.745,1.991,-0.002,0.618,0.032,0.399,-0.19,0.383,-0.461,0.302,8.588,281.738
1803,11,-0.21,1.54,0.028,0.629,0.02,0.404,-0.204,0.388,-0.457,0.308,8.618,281.768
1803,12,-0.742,2.453,0.016,0.671,0.008,0.4,-0.21,0.387,-0.456,0.313,8.606,281.756
1804,1,-0.397,3.081,0.105,0.708,-0.002,0.414,-0.227,0.391,-0.465,0.314,8.695,281.84499999999997
1804,2,-1.335,2.173,0.054,0.764,0.029,0.412,-0.227,0.396,-0.471,0.318,8.644,281.794
1804,3,-1.105,3.22,0.051,0.788,0.04,0.414,-0.227,0.397,-0.487,0.319,8.641,281.791
1804,4,1.269,1.36,-0.03,0.699,0.008,0.403,-0.231,0.401,-0.494,0.323,8.56,281.71
1804,5,0.646,2.09,0.058,0.655,-0.002,0.418,-0.246,0.404,-0.507,0.322,8.648,281.798
1804,6,0.152,1.393,0.033,0.619,-0.011,0.422,-0.252,0.409,-0.506,0.321,8.623,281.77299999999997
1804,7,1.317,1.32,0.085,0.584,-0.064,0.435,-0.267,0.42,-0.508,0.322,8.675,281.825
1804,8,0.151,1.747,0.153,0.607,-0.082,0.419,-0.272,0.428,-0.511,0.323,8.743,281.893
1804,9,0.138,2.248,0.291,0.538,-0.115,0.413,-0.279,0.439,-0.519,0.322,8.881,282.03099999999995
1804,10,-0.233,1.155,0.171,0.522,-0.147,0.411,-0.287,0.444,-0.525,0.326,8.761,281.911
1804,11,0.856,2.833,0.107,0.523,-0.165,0.41,-0.313,0.457,-0.522,0.334,8.697,281.847
1804,12,-1.051,1.97,0.138,0.539,-0.17,0.425,-0.309,0.46,-0.51,0.345,8.728,281.878
1805,1,0.235,2.258,0.047,0.517,-0.171,0.426,-0.32,0.459,-0.516,0.349,8.637,281.787
1805,2,-0.525,2.378,0.133,0.569,-0.171,0.436,-0.32,0.461,-0.526,0.365,8.722999999999999,281.873
1805,3,0.547,1.497,0.104,0.576,-0.163,0.428,-0.313,0.466,-0.537,0.365,8.693999999999999,281.844
1805,4,-0.165,1.463,-0.027,0.602,-0.17,0.431,-0.332,0.472,-0.549,0.366,8.563,281.71299999999997
1805,5,-0.122,1.603,-0.234,0.602,-0.154,0.431,-0.343,0.479,-0.557,0.362,8.356,281.506
1805,6,0.526,1.064,-0.076,0.628,-0.13,0.434,-0.358,0.489,-0.565,0.362,8.514,281.664
1805,7,0.221,1.193,-0.057,0.655,-0.133,0.442,-0.368,0.498,-0.566,0.368,8.533,281.683
1805,8,1.179,1.245,-0.031,0.68,-0.133,0.433,-0.38,0.502,-0.569,0.371,8.559,281.709
1805,9,-0.208,2.082,-0.118,0.69,-0.147,0.449,-0.39,0.506,-0.567,0.371,8.472,281.62199999999996
1805,10,-1.799,1.512,-0.126,0.656,-0.178,0.459,-0.409,0.501,-0.571,0.369,8.464,281.614
1805,11,-1.631,2.374,-0.081,0.654,-0.215,0.481,-0.425,0.495,-0.578,0.368,8.509,281.659
1805,12,0.842,1.9,-0.214,0.663,-0.223,0.504,-0.433,0.498,-0.59,0.369,8.376,281.52599999999995
1806,1,0.464,2.085,-0.271,0.682,-0.225,0.528,-0.456,0.498,-0.594,0.37,8.318999999999999,281.469
1806,2,-0.209,2.16,-0.314,0.685,-0.253,0.538,-0.486,0.502,-0.612,0.369,8.276,281.426
1806,3,-0.495,1.846,-0.264,0.714,-0.26,0.536,-0.508,0.495,-0.609,0.369,8.326,281.476
1806,4,-0.266,1.152,-0.177,0.711,-0.287,0.551,-0.519,0.495,-0.61,0.368,8.413,281.563
1806,5,0.417,0.935,-0.111,0.697,-0.31,0.565,-0.541,0.502,-0.613,0.368,8.479,281.62899999999996
1806,6,-1.07,1.723,-0.138,0.716,-0.333,0.559,-0.546,0.505,-0.625,0.369,8.452,281.602
1806,7,-0.459,1.423,-0.313,0.744,-0.367,0.589,-0.564,0.514,-0.633,0.371,8.277,281.42699999999996
1806,8,0.663,0.864,-0.283,0.788,-0.382,0.624,-0.559,0.517,-0.642,0.373,8.307,281.457
1806,9,0.388,2.219,-0.299,0.808,-0.396,0.605,-0.57,0.517,-0.649,0.374,8.291,281.441
1806,10,-0.755,1.121,-0.387,0.852,-0.425,0.609,-0.598,0.515,-0.664,0.369,8.203,281.35299999999995
1806,11,-0.837,1.53,-0.602,0.88,-0.466,0.624,-0.617,0.52,-0.67,0.365,7.9879999999999995,281.138
1806,12,0.516,1.588,-0.529,0.849,-0.478,0.626,-0.625,0.516,-0.667,0.367,8.061,281.21099999999996
1807,1,-1.635,2.259,-0.504,0.803,-0.528,0.644,-0.65,0.52,-0.68,0.367,8.086,281.236
1807,2,0.156,2.406,-0.597,0.836,-0.545,0.669,-0.686,0.52,-0.688,0.366,7.993,281.143
1807,3,-0.686,1.914,-0.594,0.738,-0.565,0.698,-0.722,0.523,-0.685,0.366,7.9959999999999996,281.14599999999996
1807,4,-1.332,1.574,-0.556,0.713,-0.574,0.697,-0.738,0.525,-0.68,0.361,8.033999999999999,281.18399999999997
1807,5,-2.154,1.402,-0.476,0.677,-0.638,0.705,-0.744,0.522,-0.684,0.358,8.114,281.26399999999995
1807,6,-0.195,1.313,-0.446,0.679,-0.64,0.69,-0.758,0.526,-0.696,0.356,8.144,281.294
1807,7,-0.166,1.598,-0.438,0.747,-0.677,0.668,-0.758,0.527,-0.702,0.353,8.152,281.30199999999996
1807,8,-0.452,1.596,-0.541,0.82,-0.682,0.66,-0.742,0.529,-0.705,0.35,8.049,281.19899999999996
1807,9,0.427,1.371,-0.575,1.009,-0.694,0.693,-0.756,0.524,-0.72,0.349,8.015,281.16499999999996
1807,10,-0.301,1.029,-0.546,1.032,-0.715,0.706,-0.769,0.529,-0.73,0.35,8.044,281.19399999999996
1807,11,0.121,1.288,-0.528,1.177,-0.748,0.724,-0.774,0.532,-0.73,0.352,8.062,281.212
1807,12,0.877,1.284,-0.528,1.29,-0.786,0.744,-0.788,0.532,-0.741,0.356,8.062,281.212
1808,1,-1.538,3.391,-0.502,1.434,-0.82,0.768,-0.808,0.527,-0.746,0.358,8.088,281.238
1808,2,-1.073,1.923,-0.539,1.491,-0.868,0.778,-0.808,0.519,-0.753,0.359,8.051,281.20099999999996
1808,3,-1.097,3.978,-0.596,1.403,-0.903,0.797,-0.832,0.524,-0.754,0.363,7.994,281.144
1808,4,-0.982,1.662,-0.645,1.507,-0.91,0.787,-0.841,0.524,-0.745,0.368,7.945,281.09499999999997
1808,5,-1.937,1.906,-0.785,1.607,-0.915,0.764,-0.842,0.522,-0.742,0.371,7.805,280.955
1808,6,-0.194,2.366,-1.039,1.598,-0.945,0.776,-0.848,0.524,-0.738,0.37,7.551,280.70099999999996
1808,7,0.137,2.503,-1.11,1.489,-0.982,0.775,-0.851,0.525,-0.744,0.37,7.4799999999999995,280.63
1808,8,-0.887,1.318,-1.21,1.602,-1.029,0.78,-0.865,0.528,-0.752,0.369,7.38,280.53
1808,9,-0.267,1.757,-1.281,1.346,-1.041,0.754,-0.865,0.526,-0.756,0.37,7.309,280.459
1808,10,-0.885,2.09,-1.237,1.308,-1.071,0.75,-0.877,0.524,-0.764,0.369,7.353,280.503
1808,11,-1.56,2.16,-1.229,1.245,-1.103,0.762,-0.869,0.527,-0.765,0.376,7.361,280.51099999999997
1808,12,-2.169,1.448,-1.258,1.084,-1.1,0.764,-0.875,0.526,-0.763,0.376,7.332,280.48199999999997
1809,1,-2.385,2.128,-1.408,1.062,-1.127,0.767,-0.879,0.527,-0.767,0.376,7.182,280.332
1809,2,-2.275,3.037,-1.406,1.094,-1.146,0.774,-0.881,0.528,-0.761,0.376,7.184,280.334
1809,3,-1.95,2.123,-1.476,1.153,-1.18,0.777,-0.894,0.528,-0.764,0.371,7.114,280.26399999999995
1809,4,-0.458,1.774,-1.464,1.054,-1.204,0.781,-0.914,0.529,-0.77,0.369,7.1259999999999994,280.27599999999995
1809,5,-1.838,1.123,-1.582,1.086,-1.231,0.782,-0.936,0.527,-0.773,0.37,7.008,280.15799999999996
1809,6,-0.543,1.464,-1.498,1.02,-1.239,0.791,-0.944,0.528,-0.778,0.377,7.092,280.24199999999996
1809,7,-1.664,2.158,-1.469,0.94,-1.236,0.797,-0.97,0.529,-0.783,0.381,7.1209999999999996,280.27099999999996
1809,8,-0.862,1.588,-1.345,0.937,-1.289,0.811,-0.981,0.529,-0.788,0.385,7.245,280.395
1809,9,-1.107,1.507,-1.198,1.02,-1.328,0.826,-0.995,0.531,-0.79,0.387,7.3919999999999995,280.542
1809,10,-0.743,3.42,-1.28,1.133,-1.329,0.835,-1.007,0.536,-0.794,0.389,7.31,280.46
1809,11,-2.969,2.911,-1.299,1.175,-1.323,0.836,-1.008,0.546,-0.798,0.392,7.291,280.441
1809,12,-1.171,2.571,-1.403,1.18,-1.347,0.83,-0.978,0.559,-0.799,0.392,7.186999999999999,280.337
1810,1,-2.027,3.187,-1.416,1.21,-1.344,0.822,-0.987,0.554,-0.807,0.392,7.1739999999999995,280.32399999999996
1810,2,-0.795,3.956,-1.482,1.169,-1.313,0.806,-0.99,0.57,-0.807,0.398,7.108,280.258
1810,3,-0.182,3.019,-1.582,1.166,-1.349,0.789,-1.008,0.562,-0.806,0.393,7.008,280.15799999999996
1810,4,-1.441,1.363,-1.708,1.078,-1.369,0.796,-1.021,0.566,-0.805,0.393,6.882,280.032
1810,5,-2.067,1.582,-1.623,1.102,-1.395,0.805,-1.031,0.565,-0.801,0.394,6.967,280.11699999999996
1810,6,-1.797,1.905,-1.602,1.094,-1.445,0.802,-1.055,0.568,-0.802,0.395,6.9879999999999995,280.138
1810,7,-1.811,1.942,-1.579,1.048,-1.484,0.757,-1.058,0.575,-0.802,0.396,7.011,280.161
1810,8,-1.66,1.361,-1.766,1.013,-1.483,0.749,-1.073,0.582,-0.807,0.396,6.824,279.974
1810,9,-2.308,1.31,-1.852,0.984,-1.517,0.741,-1.079,0.578,-0.806,0.396,6.7379999999999995,279.888
1810,10,-2.252,1.567,-1.904,0.963,-1.504,0.733,-1.081,0.577,-0.814,0.398,6.686,279.83599999999996
1810,11,-1.948,2.674,-1.855,0.955,-1.469,0.698,-1.084,0.573,-0.82,0.394,6.734999999999999,279.885
1810,12,-0.922,2.953,-1.783,0.954,-1.473,0.682,-1.111,0.581,-0.829,0.397,6.807,279.957
1811,1,-1.754,1.848,-1.806,0.952,-1.477,0.669,-1.114,0.571,-0.832,0.396,6.784,279.93399999999997
1811,2,-3.03,2.268,-1.706,0.947,-1.477,0.662,-1.144,0.567,-0.831,0.388,6.884,280.034
1811,3,-1.218,4.07,-1.653,0.971,-1.47,0.653,-1.152,0.559,-0.836,0.385,6.936999999999999,280.087
1811,4,-2.064,1.213,-1.645,0.916,-1.467,0.64,-1.156,0.556,-0.835,0.383,6.945,280.09499999999997
1811,5,-1.484,1.42,-1.691,0.869,-1.429,0.627,-1.164,0.555,-0.84,0.384,6.899,280.049
1811,6,-0.933,1.229,-1.607,0.803,-1.416,0.644,-1.171,0.55,-0.844,0.385,6.983,280.133
1811,7,-2.08,1.787,-1.585,0.786,-1.392,0.664,-1.186,0.546,-0.851,0.388,7.005,280.155
1811,8,-0.468,1.421,-1.583,0.837,-1.379,0.638,-1.202,0.545,-0.85,0.388,7.007,280.157
1811,9,-1.671,1.931,-1.735,0.876,-1.391,0.649,-1.22,0.541,-0.857,0.387,6.8549999999999995,280.005
1811,10,-2.149,2.736,-1.679,1.041,-1.404,0.671,-1.245,0.529,-0.867,0.382,6.911,280.061
1811,11,-2.507,1.609,-1.704,0.996,-1.406,0.665,-1.255,0.521,-0.87,0.382,6.886,280.036
1811,12,0.093,1.947,-1.763,1.007,-1.409,0.655,-1.273,0.529,-0.879,0.381,6.827,279.977
1812,1,-1.488,3.462,-1.59,1.037,-1.412,0.661,-1.266,0.523,-0.887,0.38,7.0,280.15
1812,2,-3.016,2.938,-1.431,1.08,-1.416,0.642,-1.26,0.528,-0.888,0.374,7.159,280.30899999999997
1812,3,-3.035,2.633,-1.438,1.015,-1.424,0.643,-1.256,0.535,-0.885,0.369,7.152,280.30199999999996
1812,4,-1.395,3.383,-1.382,0.901,-1.44,0.619,-1.244,0.531,-0.888,0.365,7.208,280.358
1812,5,-1.78,1.221,-1.295,1.025,-1.378,0.644,-1.241,0.531,-0.886,0.363,7.295,280.445
1812,6,-1.645,1.237,-1.479,1.06,-1.316,0.656,-1.26,0.524,-0.888,0.364,7.111,280.26099999999997
1812,7,-0.007,1.571,-1.677,0.742,-1.296,0.64,-1.277,0.515,-0.89,0.363,6.913,280.063
1812,8,1.44,1.321,-1.509,0.745,-1.299,0.627,-1.279,0.507,-0.891,0.362,7.0809999999999995,280.231
1812,9,-1.748,2.62,-1.518,0.8,-1.322,0.614,-1.314,0.502,-0.898,0.357,7.072,280.222
1812,10,-1.477,1.401,-1.418,0.766,-1.327,0.602,-1.335,0.5,-0.905,0.355,7.172,280.322
1812,11,-1.467,2.923,-1.257,0.778,-1.315,0.594,-1.346,0.501,-0.908,0.355,7.333,280.483
1812,12,-2.115,1.951,-1.158,0.742,-1.325,0.595,-1.376,0.5,-0.917,0.353,7.432,280.582
1813,1,-3.863,2.878,-1.165,0.725,-1.296,0.592,-1.369,0.484,-0.915,0.352,7.425,280.575
1813,2,-0.999,2.383,-1.358,0.668,-1.279,0.6,-1.374,0.481,-0.915,0.347,7.231999999999999,280.38199999999995
1813,3,-3.149,2.129,-1.202,0.63,-1.256,0.596,-1.358,0.486,-0.916,0.341,7.388,280.53799999999995
1813,4,-0.189,2.03,-1.137,0.667,-1.251,0.586,-1.333,0.497,-0.922,0.338,7.452999999999999,280.60299999999995
1813,5,0.146,3.224,-0.956,0.669,-1.253,0.576,-1.314,0.491,-0.927,0.338,7.634,280.784
1813,6,-0.45,1.694,-0.896,0.727,-1.278,0.548,-1.307,0.494,-0.928,0.338,7.694,280.844
1813,7,-0.095,0.916,-0.65,0.906,-1.247,0.545,-1.314,0.492,-0.929,0.34,7.9399999999999995,281.09
1813,8,-0.879,1.016,-0.692,0.772,-1.259,0.548,-1.313,0.486,-0.936,0.341,7.898,281.048
1813,9,0.123,1.696,-0.653,0.717,-1.262,0.518,-1.326,0.486,-0.944,0.34,7.936999999999999,281.087
1813,10,-0.688,2.494,-0.739,0.781,-1.241,0.513,-1.339,0.479,-0.954,0.336,7.851,281.001
1813,11,0.706,1.452,-0.916,0.897,-1.226,0.503,-1.327,0.484,-0.959,0.336,7.6739999999999995,280.82399999999996
1813,12,-1.401,3.001,-0.94,0.828,-1.241,0.505,-1.316,0.486,-0.961,0.334,7.65,280.79999999999995
1814,1,-0.912,4.073,-1.083,0.882,-1.244,0.5,-1.307,0.488,-0.959,0.331,7.507,280.657
1814,2,-1.503,1.893,-1.104,0.783,-1.257,0.498,-1.295,0.48,-0.955,0.328,7.486,280.63599999999997
1814,3,-2.679,2.144,-1.244,0.893,-1.26,0.506,-1.301,0.472,-0.951,0.328,7.346,280.496
1814,4,-1.217,1.708,-1.327,0.788,-1.287,0.463,-1.308,0.478,-0.956,0.329,7.263,280.41299999999995
1814,5,-1.976,1.235,-1.326,0.907,-1.278,0.442,-1.3,0.475,-0.959,0.327,7.263999999999999,280.414
1814,6,-0.742,0.964,-0.998,0.968,-1.307,0.452,-1.303,0.474,-0.96,0.326,7.592,280.74199999999996
1814,7,-1.807,1.356,-0.987,0.901,-1.296,0.432,-1.3,0.477,-0.965,0.327,7.603,280.753
1814,8,-1.132,1.336,-0.944,1.061,-1.232,0.433,-1.304,0.474,-0.969,0.325,7.646,280.796
1814,9,-1.556,1.221,-0.853,0.917,-1.183,0.45,-1.301,0.476,-0.972,0.324,7.737,280.887
1814,10,-1.687,1.629,-0.894,0.885,-1.159,0.447,-1.3,0.466,-0.977,0.32,7.696,280.846
1814,11,0.712,3.29,-0.844,0.903,-1.16,0.448,-1.283,0.469,-0.984,0.319,7.7459999999999996,280.89599999999996
1814,12,2.538,3.406,-0.979,0.899,-1.173,0.44,-1.29,0.46,-0.976,0.315,7.611,280.76099999999997
1815,1,-0.782,2.045,-0.834,0.962,-1.21,0.433,-1.294,0.454,-0.977,0.313,7.756,280.90599999999995
1815,2,-0.986,3.427,-0.794,1.029,-1.244,0.429,-1.294,0.443,-0.976,0.312,7.795999999999999,280.94599999999997
1815,3,-1.58,2.754,-0.744,1.012,-1.278,0.43,-1.298,0.439,-0.98,0.315,7.846,280.996
1815,4,-1.716,1.463,-0.766,0.928,-1.301,0.415,-1.277,0.436,-0.977,0.316,7.824,280.974
1815,5,-1.376,1.504,-0.996,0.802,-1.296,0.424,-1.258,0.434,-0.978,0.314,7.593999999999999,280.74399999999997
1815,6,-2.358,1.18,-1.409,0.743,-1.307,0.434,-1.245,0.434,-0.98,0.314,7.181,280.33099999999996
1815,7,-0.07,2.139,-1.335,0.815,-1.254,0.43,-1.236,0.433,-0.985,0.315,7.255,280.405
1815,8,-0.65,1.25,-1.564,0.832,-1.266,0.436,-1.235,0.429,-0.993,0.316,7.026,280.176
1815,9,-0.955,1.156,-1.552,0.856,-1.198,0.433,-1.223,0.426,-0.997,0.316,7.038,280.188
1815,10,-1.955,2.022,-1.473,0.932,-1.163,0.446,-1.218,0.425,-0.994,0.315,7.117,280.267
1815,11,-2.043,1.802,-1.41,0.991,-1.159,0.464,-1.215,0.417,-0.989,0.31,7.18,280.33
1815,12,-2.418,2.143,-1.366,1.018,-1.14,0.486,-1.225,0.407,-0.996,0.312,7.224,280.37399999999997
1816,1,0.098,3.707,-1.549,1.003,-1.152,0.489,-1.208,0.409,-1.001,0.312,7.041,280.191
1816,2,-3.733,3.297,-1.6,1.026,-1.149,0.487,-1.176,0.404,-1.006,0.312,6.99,280.14
1816,3,-1.439,2.548,-1.67,1.007,-1.182,0.491,-1.165,0.388,-1.007,0.311,6.92,280.07
1816,4,-0.763,2.328,-1.824,0.916,-1.21,0.494,-1.151,0.383,-1.007,0.312,6.766,279.916
1816,5,-0.616,1.562,-1.816,0.775,-1.224,0.518,-1.14,0.378,-1.006,0.313,6.774,279.924
1816,6,-1.833,1.301,-1.752,0.77,-1.216,0.508,-1.143,0.376,-1.002,0.309,6.838,279.988
1816,7,-2.271,1.43,-1.831,0.796,-1.222,0.523,-1.137,0.376,-1.001,0.307,6.759,279.909
1816,8,-1.262,1.138,-1.448,0.762,-1.212,0.535,-1.141,0.377,-1.007,0.306,7.1419999999999995,280.292
1816,9,-1.793,0.985,-1.34,0.794,-1.21,0.499,-1.144,0.379,-1.013,0.303,7.25,280.4
1816,10,-3.804,3.651,-1.274,0.776,-1.213,0.503,-1.136,0.37,-1.012,0.301,7.316,280.46599999999995
1816,11,-1.944,4.079,-1.371,0.786,-1.194,0.505,-1.123,0.366,-1.007,0.3,7.218999999999999,280.36899999999997
1816,12,-1.653,2.113,-1.421,0.765,-1.196,0.508,-1.133,0.366,-1.005,0.303,7.169,280.31899999999996
1817,1,-0.844,3.448,-1.418,0.823,-1.188,0.509,-1.123,0.36,-0.994,0.302,7.172,280.322
1817,2,0.857,2.517,-1.366,0.823,-1.191,0.508,-1.09,0.355,-0.993,0.303,7.224,280.37399999999997
1817,3,-0.144,1.879,-1.53,0.891,-1.178,0.516,-1.048,0.358,-0.988,0.303,7.06,280.21
1817,4,0.038,1.55,-1.453,0.811,-1.161,0.508,-1.039,0.36,-0.979,0.306,7.137,280.287
1817,5,-1.788,1.376,-1.388,0.823,-1.188,0.507,-1.028,0.359,-0.968,0.307,7.202,280.352
1817,6,-2.434,1.448,-1.48,0.847,-1.264,0.507,-1.018,0.354,-0.967,0.306,7.109999999999999,280.26
1817,7,-2.224,0.949,-1.465,0.823,-1.293,0.493,-1.023,0.352,-0.966,0.302,7.125,280.275
1817,8,-0.645,1.231,-1.682,0.864,-1.288,0.495,-1.041,0.351,-0.965,0.296,6.9079999999999995,280.058
1817,9,-3.754,1.316,-1.594,0.856,-1.273,0.478,-1.04,0.346,-0.971,0.294,6.9959999999999996,280.14599999999996
1817,10,-2.89,1.844,-1.436,0.857,-1.228,0.475,-1.04,0.338,-0.972,0.295,7.154,280.304
1817,11,-1.16,1.844,-1.256,0.826,-1.201,0.473,-1.041,0.333,-0.973,0.295,7.334,280.484
1817,12,-2.76,2.47,-0.996,0.877,-1.166,0.469,-1.047,0.329,-0.979,0.294,7.593999999999999,280.74399999999997
1818,1,-0.661,2.23,-0.874,0.904,-1.176,0.471,-1.022,0.326,-0.98,0.289,7.716,280.866
1818,2,-1.742,1.989,-0.882,0.901,-1.192,0.474,-1.022,0.321,-0.981,0.289,7.708,280.858
1818,3,0.908,2.048,-0.721,0.974,-1.189,0.465,-1.0,0.315,-0.976,0.292,7.869,281.019
1818,4,1.934,4.555,-0.681,1.015,-1.186,0.477,-1.004,0.308,-0.971,0.296,7.909,281.05899999999997
1818,5,0.375,2.227,-0.593,1.149,-1.178,0.469,-1.012,0.308,-0.962,0.293,7.997,281.147
1818,6,0.689,2.818,-0.438,1.185,-1.172,0.462,-1.008,0.311,-0.96,0.292,8.152,281.30199999999996
1818,7,-0.769,1.188,-0.492,1.214,-1.169,0.434,-1.008,0.314,-0.96,0.293,8.097999999999999,281.248
1818,8,-0.738,1.181,-0.42,1.257,-1.093,0.413,-1.008,0.316,-0.958,0.29,8.17,281.32
1818,9,-1.822,1.42,-0.711,0.866,-1.067,0.403,-1.022,0.315,-0.965,0.287,7.879,281.029
1818,10,-2.408,1.413,-0.986,0.648,-1.062,0.387,-1.03,0.32,-0.964,0.284,7.604,280.75399999999996
1818,11,-0.107,3.16,-1.09,0.574,-1.054,0.381,-1.049,0.319,-0.959,0.282,7.5,280.65
1818,12,-0.902,1.828,-1.218,0.557,-1.045,0.382,-1.048,0.312,-0.955,0.28,7.372,280.522
1819,1,-1.306,2.253,-1.266,0.603,-1.029,0.393,-1.038,0.322,-0.949,0.281,7.324,280.474
1819,2,-0.874,2.533,-1.311,0.687,-1.024,0.403,-1.03,0.315,-0.946,0.28,7.279,280.429
1819,3,-2.59,4.098,-1.226,0.646,-1.029,0.403,-1.008,0.31,-0.94,0.285,7.364,280.51399999999995
1819,4,-1.363,1.251,-1.081,0.581,-0.985,0.422,-0.997,0.312,-0.94,0.288,7.509,280.659
1819,5,-0.874,1.704,-1.149,0.492,-0.968,0.449,-0.981,0.317,-0.933,0.288,7.441,280.59099999999995
1819,6,-0.848,2.102,-1.24,0.446,-0.959,0.436,-0.976,0.322,-0.934,0.286,7.35,280.5
1819,7,-1.346,1.197,-1.34,0.505,-0.951,0.452,-0.96,0.327,-0.928,0.289,7.25,280.4
1819,8,-1.273,1.349,-1.328,0.615,-0.949,0.429,-0.958,0.327,-0.927,0.289,7.262,280.412
1819,9,-0.808,1.334,-1.167,0.702,-0.912,0.411,-0.95,0.335,-0.928,0.289,7.423,280.573
1819,10,-0.667,1.681,-0.972,0.721,-0.918,0.404,-0.947,0.335,-0.928,0.284,7.618,280.768
1819,11,-0.92,1.183,-0.88,0.737,-0.897,0.396,-0.96,0.337,-0.92,0.285,7.71,280.85999999999996
1819,12,-1.992,2.179,-0.831,0.689,-0.863,0.384,-0.975,0.341,-0.92,0.278,7.759,280.909
1820,1,-2.515,2.997,-0.771,0.673,-0.836,0.39,-0.967,0.335,-0.909,0.27,7.819,280.969
1820,2,-0.723,2.003,-0.801,0.635,-0.837,0.383,-0.962,0.338,-0.902,0.26,7.789,280.93899999999996
1820,3,-0.656,1.945,-0.798,0.578,-0.802,0.381,-0.952,0.328,-0.905,0.263,7.792,280.94199999999995
1820,4,0.976,1.011,-0.889,0.581,-0.779,0.387,-0.932,0.328,-0.897,0.262,7.701,280.851
1820,5,0.224,1.071,-0.941,0.529,-0.785,0.371,-0.924,0.326,-0.893,0.262,7.649,280.799
1820,6,-0.251,0.828,-0.951,0.501,-0.787,0.378,-0.904,0.324,-0.888,0.261,7.639,280.789
1820,7,-0.629,0.892,-0.715,0.511,-0.79,0.388,-0.911,0.329,-0.879,0.261,7.875,281.025
1820,8,-1.633,0.997,-0.587,0.475,-0.778,0.381,-0.913,0.333,-0.875,0.26,8.003,281.15299999999996
1820,9,-0.768,0.974,-0.522,0.494,-0.801,0.36,-0.915,0.33,-0.871,0.258,8.068,281.21799999999996
1820,10,-1.763,1.269,-0.64,0.474,-0.845,0.305,-0.908,0.333,-0.867,0.256,7.95,281.09999999999997
1820,11,-1.551,1.281,-0.671,0.447,-0.864,0.291,-0.895,0.321,-0.853,0.254,7.919,281.06899999999996
1820,12,-2.108,1.575,-0.757,0.445,-0.876,0.276,-0.88,0.313,-0.846,0.249,7.833,280.983
1821,1,0.318,1.908,-0.817,0.471,-0.864,0.281,-0.887,0.295,-0.839,0.249,7.773,280.923
1821,2,0.811,2.541,-0.761,0.454,-0.867,0.284,-0.869,0.288,-0.83,0.25,7.829,280.979
1821,3,0.131,1.462,-0.87,0.483,-0.863,0.283,-0.863,0.282,-0.828,0.241,7.72,280.87
1821,4,-0.446,0.964,-0.819,0.518,-0.851,0.289,-0.857,0.276,-0.821,0.24,7.771,280.921
1821,5,-0.144,1.391,-0.767,0.527,-0.873,0.264,-0.848,0.274,-0.816,0.238,7.8229999999999995,280.97299999999996
1821,6,-1.29,1.75,-0.685,0.528,-0.88,0.264,-0.834,0.273,-0.814,0.238,7.904999999999999,281.05499999999995
1821,7,-1.347,1.208,-0.74,0.6,-0.854,0.266,-0.815,0.277,-0.809,0.239,7.85,281.0
1821,8,-0.955,0.862,-0.731,0.634,-0.848,0.256,-0.812,0.278,-0.813,0.239,7.859,281.00899999999996
1821,9,-2.081,1.034,-0.565,0.661,-0.806,0.291,-0.805,0.277,-0.814,0.239,8.025,281.17499999999995
1821,10,-1.151,0.98,-0.554,0.66,-0.782,0.288,-0.78,0.286,-0.811,0.238,8.036,281.186
1821,11,-0.925,1.501,-0.589,0.637,-0.768,0.295,-0.759,0.306,-0.807,0.235,8.001,281.15099999999995
1821,12,-1.125,1.141,-0.515,0.63,-0.756,0.294,-0.737,0.305,-0.814,0.236,8.075,281.22499999999997
1822,1,-0.341,1.926,-0.45,0.639,-0.732,0.298,-0.722,0.316,-0.81,0.236,8.14,281.28999999999996
1822,2,0.923,1.646,-0.43,0.655,-0.725,0.3,-0.725,0.305,-0.804,0.235,8.16,281.31
1822,3,2.115,1.874,-0.393,0.625,-0.723,0.298,-0.721,0.296,-0.793,0.236,8.197,281.347
1822,4,-0.308,0.971,-0.423,0.612,-0.733,0.304,-0.713,0.295,-0.789,0.239,8.167,281.31699999999995
1822,5,-0.568,0.934,-0.477,0.591,-0.731,0.313,-0.695,0.297,-0.785,0.239,8.113,281.263
1822,6,-0.405,0.752,-0.621,0.602,-0.685,0.324,-0.675,0.294,-0.782,0.237,7.968999999999999,281.11899999999997
1822,7,-0.56,0.808,-0.663,0.605,-0.642,0.325,-0.655,0.298,-0.785,0.235,7.927,281.077
1822,8,-0.723,0.748,-0.824,0.584,-0.636,0.338,-0.652,0.295,-0.797,0.234,7.766,280.916
1822,9,-1.631,1.232,-1.043,0.598,-0.632,0.328,-0.628,0.297,-0.797,0.233,7.547,280.697
1822,10,-1.507,1.104,-1.074,0.683,-0.637,0.334,-0.61,0.301,-0.794,0.234,7.516,280.666
1822,11,-1.576,1.045,-1.09,0.716,-0.646,0.338,-0.6,0.294,-0.796,0.234,7.5,280.65
1822,12,-2.859,1.45,-1.06,0.706,-0.641,0.345,-0.582,0.295,-0.798,0.233,7.529999999999999,280.67999999999995
1823,1,-0.84,1.614,-1.015,0.681,-0.647,0.357,-0.592,0.295,-0.784,0.231,7.575,280.72499999999997
1823,2,-1.004,1.501,-1.032,0.673,-0.634,0.357,-0.589,0.291,-0.782,0.231,7.558,280.70799999999997
1823,3,-0.513,1.573,-1.03,0.611,-0.641,0.361,-0.595,0.283,-0.773,0.231,7.56,280.71
1823,4,-0.68,1.81,-1.041,0.626,-0.63,0.367,-0.608,0.264,-0.774,0.229,7.5489999999999995,280.69899999999996
1823,5,-0.766,1.319,-1.032,0.591,-0.612,0.361,-0.61,0.259,-0.777,0.228,7.558,280.70799999999997
1823,6,-0.047,1.199,-0.905,0.521,-0.588,0.36,-0.614,0.252,-0.777,0.23,7.685,280.835
1823,7,-0.023,0.655,-0.812,0.494,-0.606,0.359,-0.606,0.252,-0.78,0.23,7.778,280.928
1823,8,-0.919,0.85,-0.772,0.501,-0.645,0.347,-0.603,0.248,-0.779,0.231,7.818,280.96799999999996
1823,9,-1.606,0.823,-0.732,0.462,-0.658,0.353,-0.604,0.245,-0.783,0.229,7.858,281.008
1823,10,-1.641,1.331,-0.669,0.44,-0.653,0.353,-0.589,0.243,-0.786,0.232,7.920999999999999,281.07099999999997
1823,11,-1.474,1.656,-0.609,0.488,-0.643,0.35,-0.591,0.229,-0.787,0.233,7.981,281.131
1823,12,-1.33,1.306,-0.614,0.505,-0.624,0.351,-0.595,0.226,-0.783,0.234,7.976,281.126
1824,1,0.275,1.677,-0.609,0.527,-0.601,0.352,-0.591,0.224,-0.789,0.242,7.981,281.131
1824,2,-0.524,1.831,-0.6,0.534,-0.599,0.354,-0.597,0.215,-0.785,0.24,7.99,281.14
1824,3,-0.039,1.161,-0.522,0.529,-0.581,0.35,-0.58,0.229,-0.772,0.236,8.068,281.21799999999996
1824,4,0.08,1.19,-0.495,0.532,-0.575,0.348,-0.573,0.226,-0.768,0.238,8.095,281.245
1824,5,-0.04,0.962,-0.439,0.504,-0.55,0.348,-0.566,0.23,-0.759,0.24,8.151,281.301
1824,6,-0.115,1.399,-0.264,0.557,-0.514,0.339,-0.565,0.235,-0.759,0.241,8.326,281.476
1824,7,0.038,1.143,-0.281,0.563,-0.494,0.336,-0.556,0.24,-0.753,0.242,8.309,281.459
1824,8,-0.812,0.789,-0.269,0.531,-0.501,0.33,-0.55,0.243,-0.751,0.241,8.321,281.471
1824,9,-0.67,1.212,-0.296,0.511,-0.53,0.322,-0.556,0.241,-0.747,0.242,8.294,281.44399999999996
1824,10,-1.316,1.208,-0.248,0.519,-0.509,0.319,-0.556,0.244,-0.743,0.244,8.342,281.49199999999996
1824,11,-0.799,1.218,-0.271,0.497,-0.493,0.316,-0.557,0.247,-0.744,0.247,8.318999999999999,281.469
1824,12,0.764,1.722,-0.259,0.497,-0.486,0.316,-0.549,0.249,-0.757,0.25,8.331,281.481
1825,1,0.082,1.674,-0.341,0.503,-0.473,0.315,-0.524,0.251,-0.752,0.249,8.249,281.399
1825,2,-0.381,1.368,-0.348,0.524,-0.467,0.313,-0.511,0.255,-0.749,0.248,8.241999999999999,281.392
1825,3,-0.37,1.432,-0.392,0.502,-0.455,0.314,-0.512,0.249,-0.746,0.243,8.198,281.34799999999996
1825,4,0.663,1.368,-0.374,0.491,-0.44,0.315,-0.516,0.25,-0.741,0.242,8.216,281.366
1825,5,-0.321,1.098,-0.343,0.5,-0.415,0.32,-0.527,0.253,-0.74,0.242,8.247,281.397
1825,6,0.034,0.962,-0.466,0.485,-0.377,0.312,-0.531,0.254,-0.736,0.241,8.124,281.274
1825,7,-0.954,1.32,-0.533,0.465,-0.394,0.301,-0.523,0.256,-0.742,0.241,8.057,281.207
1825,8,-0.898,1.138,-0.629,0.468,-0.399,0.299,-0.514,0.255,-0.746,0.241,7.961,281.111
1825,9,-1.187,1.126,-0.655,0.47,-0.388,0.305,-0.52,0.258,-0.751,0.239,7.935,281.085
1825,10,-1.104,1.155,-0.722,0.464,-0.37,0.319,-0.515,0.262,-0.748,0.243,7.868,281.018
1825,11,-0.423,2.107,-0.654,0.479,-0.356,0.327,-0.491,0.258,-0.749,0.24,7.936,281.08599999999996
1825,12,-0.716,1.171,-0.672,0.454,-0.351,0.33,-0.466,0.258,-0.748,0.235,7.918,281.068
1826,1,-0.723,1.455,-0.591,0.418,-0.349,0.326,-0.471,0.26,-0.751,0.225,7.999,281.149
1826,2,-1.539,1.701,-0.584,0.4,-0.339,0.318,-0.483,0.262,-0.738,0.221,8.006,281.15599999999995
1826,3,-0.674,1.645,-0.57,0.39,-0.345,0.308,-0.491,0.265,-0.732,0.217,8.02,281.16999999999996
1826,4,-0.137,1.537,-0.54,0.395,-0.328,0.301,-0.491,0.265,-0.733,0.21,8.05,281.2
1826,5,0.485,0.804,-0.458,0.43,-0.31,0.289,-0.492,0.263,-0.736,0.208,8.132,281.282
1826,6,-0.174,1.008,-0.316,0.446,-0.309,0.284,-0.485,0.258,-0.732,0.208,8.274,281.424
1826,7,0.011,0.687,-0.182,0.499,-0.328,0.276,-0.481,0.257,-0.727,0.209,8.408,281.558
1826,8,-0.809,0.97,-0.013,0.514,-0.346,0.28,-0.486,0.258,-0.726,0.207,8.577,281.727
1826,9,-1.026,0.692,0.074,0.535,-0.353,0.282,-0.485,0.254,-0.724,0.207,8.664,281.81399999999996
1826,10,-0.742,1.413,0.165,0.527,-0.364,0.275,-0.487,0.251,-0.71,0.216,8.754999999999999,281.905
1826,11,0.565,1.193,0.157,0.569,-0.364,0.273,-0.492,0.248,-0.711,0.225,8.747,281.897
1826,12,0.988,1.435,0.174,0.588,-0.375,0.267,-0.495,0.248,-0.707,0.223,8.764,281.914
1827,1,0.882,1.813,0.19,0.603,-0.379,0.266,-0.497,0.245,-0.704,0.23,8.78,281.92999999999995
1827,2,0.487,1.611,0.228,0.594,-0.376,0.268,-0.517,0.241,-0.71,0.226,8.818,281.96799999999996
1827,3,0.374,1.532,0.24,0.586,-0.389,0.259,-0.539,0.24,-0.716,0.224,8.83,281.97999999999996
1827,4,0.958,1.705,0.248,0.607,-0.378,0.265,-0.54,0.238,-0.725,0.221,8.838,281.988
1827,5,0.388,1.419,0.196,0.593,-0.384,0.265,-0.541,0.235,-0.724,0.218,8.786,281.936
1827,6,0.033,1.194,0.064,0.519,-0.413,0.266,-0.545,0.233,-0.72,0.215,8.654,281.804
1827,7,0.197,0.707,-0.161,0.427,-0.406,0.267,-0.547,0.231,-0.715,0.216,8.429,281.57899999999995
1827,8,-0.345,1.007,-0.313,0.429,-0.385,0.261,-0.554,0.228,-0.715,0.213,8.277,281.42699999999996
1827,9,-0.893,1.0,-0.33,0.486,-0.392,0.259,-0.554,0.228,-0.705,0.215,8.26,281.40999999999997
1827,10,-0.644,1.073,-0.379,0.499,-0.396,0.253,-0.548,0.226,-0.7,0.216,8.211,281.361
1827,11,-0.059,1.145,-0.404,0.484,-0.409,0.252,-0.551,0.222,-0.702,0.214,8.186,281.33599999999996
1827,12,-0.59,1.193,-0.385,0.535,-0.421,0.244,-0.549,0.22,-0.696,0.215,8.205,281.35499999999996
1828,1,-1.815,1.812,-0.392,0.559,-0.4,0.236,-0.546,0.219,-0.706,0.218,8.198,281.34799999999996
1828,2,-1.34,1.958,-0.389,0.547,-0.393,0.234,-0.541,0.219,-0.705,0.217,8.201,281.351
1828,3,0.172,1.454,-0.481,0.552,-0.4,0.232,-0.546,0.218,-0.716,0.214,8.109,281.25899999999996
1828,4,0.362,1.73,-0.477,0.525,-0.4,0.23,-0.545,0.214,-0.728,0.205,8.113,281.263
1828,5,0.085,1.264,-0.504,0.526,-0.37,0.234,-0.543,0.211,-0.735,0.202,8.086,281.236
1828,6,0.26,0.891,-0.563,0.47,-0.344,0.234,-0.546,0.211,-0.741,0.199,8.027,281.17699999999996
1828,7,0.117,0.872,-0.484,0.431,-0.336,0.238,-0.552,0.211,-0.738,0.199,8.106,281.256
1828,8,-0.309,0.905,-0.506,0.408,-0.322,0.248,-0.55,0.211,-0.736,0.199,8.084,281.234
1828,9,-1.994,1.055,-0.56,0.418,-0.323,0.247,-0.544,0.212,-0.733,0.2,8.03,281.17999999999995
1828,10,-0.597,1.147,-0.636,0.473,-0.329,0.247,-0.542,0.21,-0.725,0.201,7.954,281.104
1828,11,-0.387,1.123,-0.647,0.461,-0.342,0.246,-0.525,0.212,-0.729,0.194,7.943,281.09299999999996
1828,12,-1.295,1.724,-0.736,0.474,-0.346,0.246,-0.518,0.214,-0.729,0.195,7.854,281.00399999999996
1829,1,-0.87,1.463,-0.759,0.431,-0.36,0.244,-0.539,0.215,-0.724,0.196,7.8309999999999995,280.981
1829,2,-1.603,1.511,-0.787,0.433,-0.373,0.24,-0.539,0.219,-0.719,0.192,7.803,280.953
1829,3,-0.474,1.217,-0.742,0.426,-0.388,0.24,-0.535,0.215,-0.719,0.2,7.848,280.998
1829,4,-0.548,1.304,-0.749,0.456,-0.399,0.246,-0.538,0.217,-0.715,0.199,7.841,280.991
1829,5,-0.049,0.97,-0.809,0.452,-0.434,0.247,-0.538,0.217,-0.715,0.202,7.781,280.931
1829,6,-0.803,0.932,-0.783,0.504,-0.475,0.26,-0.542,0.215,-0.715,0.203,7.8069999999999995,280.957
1829,7,-0.167,1.081,-0.669,0.495,-0.499,0.272,-0.545,0.212,-0.709,0.205,7.920999999999999,281.07099999999997
1829,8,-0.639,0.871,-0.463,0.466,-0.532,0.275,-0.543,0.211,-0.702,0.207,8.127,281.277
1829,9,-1.45,0.746,-0.488,0.463,-0.548,0.29,-0.543,0.205,-0.704,0.207,8.102,281.25199999999995
1829,10,-0.687,1.001,-0.406,0.451,-0.57,0.289,-0.538,0.206,-0.705,0.21,8.184,281.334
1829,11,-1.112,1.381,-0.494,0.459,-0.589,0.293,-0.528,0.206,-0.71,0.213,8.096,281.246
1829,12,-0.978,1.545,-0.488,0.487,-0.604,0.302,-0.54,0.208,-0.712,0.215,8.102,281.25199999999995
1830,1,0.504,2.0,-0.445,0.543,-0.62,0.309,-0.537,0.211,-0.7,0.218,8.145,281.29499999999996
1830,2,0.866,1.763,-0.433,0.561,-0.641,0.302,-0.536,0.207,-0.701,0.22,8.157,281.30699999999996
1830,3,-0.783,1.209,-0.444,0.606,-0.654,0.301,-0.54,0.204,-0.703,0.22,8.145999999999999,281.296
1830,4,0.439,1.011,-0.479,0.618,-0.656,0.305,-0.55,0.2,-0.71,0.218,8.111,281.26099999999997
1830,5,-1.103,0.935,-0.272,0.574,-0.687,0.306,-0.556,0.203,-0.711,0.218,8.318,281.46799999999996
1830,6,-0.731,1.499,-0.122,0.64,-0.721,0.313,-0.568,0.205,-0.711,0.219,8.468,281.618
1830,7,0.352,0.953,-0.183,0.603,-0.699,0.311,-0.572,0.201,-0.708,0.22,8.407,281.55699999999996
1830,8,-0.501,1.265,-0.315,0.691,-0.683,0.314,-0.579,0.197,-0.705,0.218,8.275,281.42499999999995
1830,9,-1.581,1.115,-0.313,0.755,-0.704,0.326,-0.586,0.196,-0.706,0.22,8.277,281.42699999999996
1830,10,-1.104,1.129,-0.39,0.748,-0.719,0.334,-0.589,0.199,-0.706,0.22,8.2,281.34999999999997
1830,11,1.369,1.399,-0.323,0.776,-0.73,0.326,-0.603,0.205,-0.708,0.219,8.267,281.417
1830,12,0.824,1.395,-0.294,0.678,-0.741,0.331,-0.615,0.205,-0.706,0.218,8.296,281.44599999999997
1831,1,-0.23,1.969,-0.392,0.679,-0.755,0.332,-0.615,0.203,-0.715,0.219,8.198,281.34799999999996
1831,2,-0.718,2.986,-0.482,0.644,-0.761,0.33,-0.607,0.203,-0.721,0.219,8.108,281.258
1831,3,-0.75,1.593,-0.512,0.652,-0.743,0.329,-0.601,0.203,-0.73,0.218,8.078,281.22799999999995
1831,4,-0.49,1.059,-0.537,0.644,-0.756,0.33,-0.609,0.204,-0.735,0.218,8.052999999999999,281.203
1831,5,-0.301,1.233,-0.781,0.696,-0.741,0.329,-0.623,0.204,-0.737,0.217,7.809,280.959
1831,6,-0.376,1.23,-0.969,0.712,-0.727,0.339,-0.63,0.207,-0.734,0.218,7.6209999999999996,280.77099999999996
1831,7,-0.826,0.693,-1.0,0.706,-0.751,0.345,-0.638,0.205,-0.729,0.218,7.59,280.73999999999995
1831,8,-1.584,0.831,-1.063,0.575,-0.733,0.344,-0.641,0.2,-0.726,0.218,7.527,280.67699999999996
1831,9,-1.94,0.919,-1.047,0.548,-0.718,0.334,-0.643,0.201,-0.723,0.217,7.543,280.693
1831,10,-1.404,1.039,-1.039,0.52,-0.712,0.323,-0.641,0.203,-0.72,0.217,7.551,280.70099999999996
1831,11,-1.565,1.816,-1.076,0.511,-0.711,0.316,-0.663,0.205,-0.723,0.214,7.513999999999999,280.664
1831,12,-1.43,1.495,-1.118,0.513,-0.708,0.316,-0.677,0.207,-0.723,0.215,7.4719999999999995,280.62199999999996
1832,1,-0.605,1.688,-1.111,0.547,-0.712,0.317,-0.686,0.213,-0.725,0.214,7.479,280.62899999999996
1832,2,-1.471,1.315,-1.115,0.547,-0.711,0.319,-0.695,0.216,-0.73,0.213,7.475,280.625
1832,3,-0.554,1.281,-1.091,0.551,-0.697,0.312,-0.71,0.223,-0.738,0.212,7.499,280.649
1832,4,-0.396,1.094,-1.036,0.526,-0.698,0.312,-0.736,0.224,-0.737,0.212,7.554,280.70399999999995
1832,5,-0.745,0.892,-1.068,0.462,-0.673,0.314,-0.753,0.221,-0.738,0.211,7.522,280.67199999999997
1832,6,-0.883,0.936,-1.166,0.525,-0.667,0.32,-0.764,0.227,-0.74,0.211,7.4239999999999995,280.57399999999996
1832,7,-0.745,1.452,-1.156,0.534,-0.669,0.325,-0.775,0.227,-0.741,0.212,7.434,280.584
1832,8,-1.629,1.0,-1.069,0.525,-0.686,0.318,-0.779,0.221,-0.741,0.212,7.521,280.671
1832,9,-1.651,0.858,-1.111,0.516,-0.689,0.318,-0.782,0.222,-0.74,0.212,7.479,280.62899999999996
1832,10,-0.744,1.155,-1.122,0.557,-0.705,0.307,-0.79,0.224,-0.737,0.213,7.468,280.618
1832,11,-1.95,1.173,-1.111,0.521,-0.704,0.304,-0.804,0.23,-0.736,0.212,7.479,280.62899999999996
1832,12,-2.606,1.451,-1.071,0.545,-0.715,0.306,-0.809,0.231,-0.724,0.212,7.519,280.669
1833,1,-0.484,1.724,-1.066,0.5,-0.745,0.309,-0.82,0.233,-0.718,0.212,7.524,280.674
1833,2,-0.425,1.238,-0.988,0.49,-0.764,0.303,-0.822,0.237,-0.71,0.211,7.602,280.75199999999995
1833,3,-1.062,1.643,-0.927,0.473,-0.772,0.307,-0.837,0.242,-0.71,0.211,7.663,280.813
1833,4,-0.523,0.872,-0.979,0.515,-0.778,0.307,-0.848,0.246,-0.71,0.209,7.611,280.76099999999997
1833,5,-0.616,0.594,-0.771,0.502,-0.835,0.295,-0.86,0.247,-0.712,0.208,7.819,280.969
1833,6,-0.402,0.876,-0.595,0.482,-0.887,0.287,-0.868,0.247,-0.717,0.208,7.995,281.145
1833,7,-0.689,1.027,-0.745,0.488,-0.894,0.276,-0.87,0.242,-0.72,0.209,7.845,280.995
1833,8,-0.687,0.856,-0.754,0.481,-0.892,0.262,-0.87,0.241,-0.719,0.209,7.836,280.986
1833,9,-0.917,1.085,-0.629,0.422,-0.879,0.256,-0.861,0.242,-0.716,0.21,7.961,281.111
1833,10,-1.365,0.774,-0.603,0.444,-0.889,0.257,-0.861,0.243,-0.712,0.211,7.987,281.137
1833,11,0.536,1.28,-0.552,0.469,-0.904,0.256,-0.866,0.244,-0.711,0.21,8.038,281.188
1833,12,-0.488,1.967,-0.57,0.485,-0.914,0.26,-0.863,0.247,-0.705,0.213,8.02,281.16999999999996
1834,1,-2.291,1.857,-0.545,0.514,-0.916,0.26,-0.857,0.251,-0.708,0.212,8.045,281.195
1834,2,-0.529,1.353,-0.535,0.527,-0.909,0.255,-0.84,0.255,-0.71,0.212,8.055,281.205
1834,3,0.44,1.157,-0.513,0.564,-0.898,0.255,-0.858,0.255,-0.713,0.21,8.077,281.227
1834,4,-0.217,1.341,-0.459,0.599,-0.883,0.254,-0.857,0.255,-0.717,0.21,8.131,281.28099999999995
1834,5,0.002,0.764,-0.471,0.53,-0.893,0.257,-0.864,0.254,-0.722,0.21,8.119,281.269
1834,6,-0.624,0.774,-0.483,0.481,-0.879,0.264,-0.864,0.257,-0.725,0.21,8.107,281.25699999999995
1834,7,-0.388,0.634,-0.258,0.52,-0.873,0.265,-0.861,0.259,-0.728,0.211,8.332,281.48199999999997
1834,8,-0.561,0.719,-0.23,0.531,-0.857,0.273,-0.854,0.261,-0.729,0.21,8.36,281.51
1834,9,-0.651,0.86,-0.343,0.511,-0.873,0.27,-0.851,0.261,-0.731,0.21,8.247,281.397
1834,10,-0.716,0.805,-0.37,0.51,-0.901,0.267,-0.854,0.265,-0.728,0.209,8.22,281.37
1834,11,0.383,1.072,-0.457,0.505,-0.917,0.26,-0.862,0.269,-0.732,0.207,8.133,281.28299999999996
1834,12,-0.629,1.09,-0.522,0.474,-0.925,0.264,-0.874,0.274,-0.742,0.206,8.068,281.21799999999996
1835,1,0.41,1.812,-0.611,0.461,-0.93,0.263,-0.876,0.277,-0.742,0.206,7.979,281.12899999999996
1835,2,-0.191,1.534,-0.702,0.448,-0.916,0.264,-0.891,0.275,-0.748,0.207,7.888,281.03799999999995
1835,3,-0.919,1.029,-0.82,0.428,-0.909,0.267,-0.895,0.276,-0.75,0.208,7.77,280.91999999999996
1835,4,-0.536,0.989,-0.882,0.424,-0.923,0.265,-0.903,0.273,-0.754,0.208,7.708,280.858
1835,5,-1.045,0.668,-1.085,0.393,-0.92,0.272,-0.895,0.27,-0.756,0.208,7.505,280.655
1835,6,-1.408,0.815,-1.221,0.398,-0.898,0.276,-0.891,0.271,-0.759,0.208,7.369,280.519
1835,7,-1.458,0.751,-1.309,0.427,-0.942,0.28,-0.893,0.272,-0.756,0.209,7.281,280.431
1835,8,-1.644,0.695,-1.344,0.421,-0.961,0.284,-0.896,0.269,-0.754,0.21,7.2459999999999996,280.39599999999996
1835,9,-2.07,0.729,-1.265,0.413,-0.971,0.303,-0.892,0.27,-0.753,0.211,7.325,280.47499999999997
1835,10,-1.455,0.737,-1.31,0.442,-0.977,0.318,-0.897,0.269,-0.755,0.21,7.279999999999999,280.42999999999995
1835,11,-2.06,1.42,-1.323,0.467,-0.99,0.319,-0.926,0.268,-0.757,0.21,7.2669999999999995,280.417
1835,12,-2.263,1.437,-1.289,0.43,-0.994,0.322,-0.947,0.268,-0.762,0.214,7.301,280.45099999999996
1836,1,-0.642,1.533,-1.246,0.427,-0.985,0.316,-0.96,0.264,-0.756,0.219,7.343999999999999,280.49399999999997
1836,2,-0.61,1.347,-1.205,0.465,-0.979,0.325,-0.958,0.262,-0.748,0.217,7.385,280.53499999999997
1836,3,0.03,1.046,-1.142,0.466,-0.979,0.336,-0.969,0.26,-0.741,0.219,7.448,280.59799999999996
1836,4,-1.08,0.926,-1.058,0.48,-0.967,0.341,-0.978,0.258,-0.744,0.222,7.532,280.68199999999996
1836,5,-1.205,0.931,-1.067,0.472,-0.991,0.336,-0.981,0.259,-0.747,0.224,7.523,280.673
1836,6,-0.998,0.847,-0.928,0.49,-0.998,0.328,-0.984,0.264,-0.747,0.222,7.662,280.81199999999995
1836,7,-0.945,0.864,-0.897,0.509,-0.963,0.341,-0.977,0.265,-0.745,0.221,7.693,280.84299999999996
1836,8,-1.15,0.973,-0.89,0.566,-0.948,0.345,-0.966,0.266,-0.741,0.219,7.7,280.84999999999997
1836,9,-1.307,0.789,-1.017,0.533,-0.999,0.344,-0.961,0.267,-0.738,0.219,7.573,280.72299999999996
1836,10,-0.456,1.072,-1.102,0.517,-1.001,0.348,-0.954,0.267,-0.739,0.221,7.4879999999999995,280.638
1836,11,-2.16,1.237,-1.143,0.476,-1.017,0.348,-0.954,0.266,-0.746,0.219,7.447,280.597
1836,12,-0.601,1.327,-1.17,0.488,-1.019,0.348,-0.952,0.27,-0.75,0.216,7.42,280.57
1837,1,-0.267,1.67,-1.179,0.516,-1.011,0.349,-0.954,0.267,-0.752,0.216,7.411,280.561
1837,2,-0.53,1.672,-1.151,0.513,-0.998,0.352,-0.944,0.267,-0.752,0.214,7.439,280.589
1837,3,-1.494,1.64,-1.146,0.529,-1.005,0.352,-0.936,0.266,-0.759,0.215,7.444,280.594
1837,4,-2.094,0.932,-1.24,0.546,-1.011,0.358,-0.934,0.268,-0.765,0.217,7.35,280.5
1837,5,-1.697,1.381,-1.207,0.566,-1.052,0.359,-0.935,0.268,-0.769,0.219,7.383,280.53299999999996
1837,6,-1.327,0.882,-1.261,0.568,-1.081,0.359,-0.935,0.268,-0.772,0.221,7.329,280.479
1837,7,-1.049,1.073,-1.502,0.626,-1.083,0.359,-0.936,0.269,-0.774,0.221,7.088,280.238
1837,8,-0.815,0.939,-1.587,0.615,-1.096,0.356,-0.928,0.272,-0.775,0.22,7.003,280.15299999999996
1837,9,-1.25,0.9,-1.601,0.65,-1.102,0.354,-0.925,0.274,-0.774,0.22,6.989,280.13899999999995
1837,10,-1.583,1.063,-1.502,0.69,-1.101,0.352,-0.926,0.275,-0.774,0.222,7.088,280.238
1837,11,-1.764,1.379,-1.474,0.686,-1.086,0.347,-0.921,0.276,-0.775,0.222,7.116,280.26599999999996
1837,12,-1.251,1.62,-1.419,0.657,-1.067,0.343,-0.898,0.276,-0.78,0.225,7.170999999999999,280.32099999999997
1838,1,-3.148,1.686,-1.341,0.601,-1.04,0.353,-0.889,0.277,-0.781,0.227,7.249,280.399
1838,2,-1.557,1.369,-1.303,0.606,-1.028,0.359,-0.879,0.279,-0.773,0.229,7.287,280.43699999999995
1838,3,-1.661,1.638,-1.277,0.622,-1.011,0.358,-0.875,0.282,-0.775,0.23,7.313,280.46299999999997
1838,4,-0.9,1.431,-1.195,0.614,-1.016,0.357,-0.875,0.283,-0.778,0.231,7.395,280.54499999999996
1838,5,-1.372,0.789,-1.122,0.586,-1.016,0.361,-0.882,0.281,-0.782,0.233,7.468,280.618
1838,6,-0.661,0.529,-1.097,0.536,-1.006,0.359,-0.888,0.281,-0.784,0.235,7.493,280.643
1838,7,-0.108,0.652,-0.852,0.55,-1.026,0.353,-0.888,0.282,-0.785,0.234,7.7379999999999995,280.888
1838,8,-0.363,0.915,-0.688,0.575,-1.024,0.353,-0.888,0.283,-0.786,0.234,7.902,281.05199999999996
1838,9,-0.936,1.001,-0.767,0.551,-1.059,0.349,-0.889,0.284,-0.782,0.235,7.8229999999999995,280.97299999999996
1838,10,-0.598,0.917,-0.724,0.538,-1.068,0.344,-0.882,0.287,-0.782,0.235,7.866,281.01599999999996
1838,11,-0.899,1.217,-0.689,0.543,-1.059,0.34,-0.897,0.289,-0.783,0.236,7.901,281.051
1838,12,-0.943,1.105,-0.694,0.54,-1.053,0.348,-0.891,0.293,-0.784,0.235,7.896,281.046
1839,1,-0.209,1.714,-0.677,0.587,-1.037,0.354,-0.877,0.299,-0.783,0.234,7.913,281.063
1839,2,0.413,1.489,-0.627,0.594,-1.023,0.357,-0.881,0.3,-0.778,0.233,7.963,281.113
1839,3,-2.616,1.287,-0.642,0.555,-1.023,0.356,-0.89,0.294,-0.776,0.232,7.9479999999999995,281.09799999999996
1839,4,-0.374,1.018,-0.679,0.578,-1.025,0.355,-0.896,0.299,-0.779,0.232,7.911,281.061
1839,5,-0.953,0.723,-0.778,0.578,-1.016,0.353,-0.907,0.301,-0.784,0.234,7.811999999999999,280.962
1839,6,-0.727,0.611,-0.896,0.624,-1.025,0.357,-0.908,0.301,-0.783,0.235,7.694,280.844
1839,7,0.095,0.786,-0.855,0.631,-1.034,0.357,-0.91,0.3,-0.782,0.238,7.734999999999999,280.885
1839,8,0.235,0.917,-0.972,0.582,-1.031,0.354,-0.914,0.298,-0.781,0.24,7.618,280.768
1839,9,-1.115,1.025,-0.859,0.598,-0.999,0.342,-0.919,0.299,-0.78,0.241,7.731,280.881
1839,10,-1.034,0.962,-0.867,0.58,-0.967,0.341,-0.918,0.3,-0.778,0.242,7.723,280.873
1839,11,-2.089,1.131,-0.801,0.573,-0.952,0.339,-0.935,0.298,-0.774,0.243,7.789,280.93899999999996
1839,12,-2.366,1.287,-0.762,0.565,-0.946,0.332,-0.945,0.299,-0.777,0.242,7.827999999999999,280.97799999999995
1840,1,0.287,1.468,-0.759,0.525,-0.942,0.333,-0.948,0.302,-0.787,0.24,7.8309999999999995,280.981
1840,2,-0.995,1.203,-0.851,0.493,-0.941,0.335,-0.96,0.303,-0.791,0.238,7.739,280.88899999999995
1840,3,-1.253,1.602,-0.85,0.46,-0.94,0.336,-0.959,0.301,-0.789,0.238,7.74,280.89
1840,4,-0.478,0.831,-0.908,0.428,-0.929,0.34,-0.957,0.301,-0.796,0.238,7.6819999999999995,280.832
1840,5,-0.156,0.91,-0.905,0.407,-0.921,0.342,-0.956,0.299,-0.797,0.24,7.685,280.835
1840,6,-0.259,0.956,-0.848,0.391,-0.899,0.341,-0.951,0.296,-0.795,0.241,7.742,280.892
1840,7,0.13,0.827,-1.023,0.395,-0.836,0.335,-0.94,0.301,-0.796,0.241,7.567,280.717
1840,8,-0.87,0.948,-0.982,0.446,-0.797,0.332,-0.93,0.306,-0.794,0.244,7.608,280.758
1840,9,-1.098,0.619,-1.051,0.445,-0.779,0.323,-0.921,0.307,-0.79,0.244,7.539,280.68899999999996
1840,10,-1.73,0.686,-1.144,0.443,-0.773,0.313,-0.921,0.305,-0.79,0.244,7.446,280.596
1840,11,-2.057,1.125,-1.188,0.459,-0.773,0.306,-0.912,0.304,-0.802,0.243,7.402,280.55199999999996
1840,12,-1.683,0.991,-1.219,0.518,-0.782,0.304,-0.909,0.305,-0.81,0.24,7.3709999999999996,280.52099999999996
1841,1,-1.813,1.556,-1.228,0.512,-0.791,0.314,-0.897,0.31,-0.809,0.241,7.362,280.512
1841,2,-0.502,1.645,-1.185,0.48,-0.797,0.31,-0.889,0.303,-0.808,0.242,7.404999999999999,280.55499999999995
1841,3,-2.075,1.344,-1.199,0.492,-0.798,0.308,-0.881,0.305,-0.81,0.245,7.391,280.541
1841,4,-1.597,1.027,-1.106,0.504,-0.797,0.317,-0.878,0.306,-0.812,0.248,7.484,280.63399999999996
1841,5,-0.687,0.594,-1.066,0.484,-0.803,0.32,-0.871,0.306,-0.812,0.251,7.524,280.674
1841,6,-0.626,0.832,-1.02,0.485,-0.784,0.323,-0.863,0.304,-0.812,0.253,7.57,280.71999999999997
1841,7,0.015,0.647,-0.941,0.51,-0.79,0.32,-0.852,0.304,-0.808,0.253,7.649,280.799
1841,8,-0.349,0.796,-0.926,0.475,-0.814,0.321,-0.841,0.301,-0.803,0.254,7.664,280.81399999999996
1841,9,-1.27,0.789,-0.719,0.436,-0.78,0.307,-0.833,0.3,-0.797,0.255,7.8709999999999996,281.02099999999996
1841,10,-0.609,0.728,-0.597,0.473,-0.791,0.314,-0.838,0.304,-0.792,0.258,7.993,281.143
1841,11,-1.576,1.093,-0.607,0.467,-0.796,0.317,-0.828,0.304,-0.79,0.261,7.983,281.133
1841,12,-1.137,1.262,-0.634,0.432,-0.797,0.312,-0.822,0.298,-0.786,0.264,7.9559999999999995,281.106
1842,1,-0.86,2.091,-0.707,0.445,-0.809,0.312,-0.818,0.295,-0.784,0.267,7.883,281.03299999999996
1842,2,-0.322,1.467,-0.738,0.452,-0.83,0.308,-0.81,0.291,-0.781,0.271,7.852,281.00199999999995
1842,3,0.405,1.015,-0.732,0.454,-0.832,0.307,-0.808,0.289,-0.785,0.274,7.858,281.008
1842,4,-0.135,1.062,-0.757,0.465,-0.824,0.306,-0.794,0.291,-0.787,0.276,7.833,280.983
1842,5,-0.804,0.664,-0.735,0.463,-0.819,0.301,-0.786,0.291,-0.785,0.278,7.8549999999999995,281.005
1842,6,-0.955,0.75,-0.631,0.466,-0.809,0.308,-0.78,0.292,-0.783,0.281,7.959,281.109
1842,7,-0.852,0.683,-0.511,0.465,-0.812,0.316,-0.773,0.29,-0.78,0.282,8.079,281.229
1842,8,-0.721,0.852,-0.419,0.455,-0.823,0.326,-0.771,0.289,-0.777,0.283,8.171,281.32099999999997
1842,9,-1.205,0.826,-0.498,0.451,-0.817,0.326,-0.766,0.289,-0.773,0.284,8.092,281.24199999999996
1842,10,-0.905,0.776,-0.534,0.433,-0.813,0.324,-0.758,0.289,-0.771,0.284,8.056,281.20599999999996
1842,11,-1.309,0.849,-0.582,0.429,-0.826,0.324,-0.747,0.288,-0.769,0.286,8.008,281.15799999999996
1842,12,0.107,0.994,-0.6,0.422,-0.834,0.329,-0.752,0.291,-0.757,0.288,7.99,281.14
1843,1,0.574,1.387,-0.582,0.415,-0.839,0.329,-0.742,0.288,-0.757,0.291,8.008,281.15799999999996
1843,2,0.786,1.142,-0.586,0.404,-0.833,0.326,-0.723,0.286,-0.76,0.295,8.004,281.154
1843,3,-0.542,1.237,-0.565,0.402,-0.83,0.326,-0.713,0.278,-0.761,0.296,8.025,281.17499999999995
1843,4,-0.568,0.679,-0.537,0.401,-0.826,0.324,-0.708,0.273,-0.762,0.3,8.052999999999999,281.203
1843,5,-1.383,0.647,-0.533,0.392,-0.808,0.32,-0.703,0.274,-0.761,0.301,8.057,281.207
1843,6,-1.169,0.584,-0.523,0.402,-0.813,0.329,-0.7,0.278,-0.76,0.304,8.067,281.217
1843,7,-0.632,0.785,-0.619,0.422,-0.768,0.329,-0.699,0.282,-0.756,0.302,7.971,281.121
1843,8,-0.771,0.547,-0.772,0.419,-0.754,0.312,-0.702,0.281,-0.753,0.303,7.818,280.96799999999996
1843,9,-0.95,0.808,-0.775,0.397,-0.702,0.315,-0.703,0.281,-0.751,0.302,7.8149999999999995,280.965
1843,10,-0.569,0.827,-0.811,0.418,-0.689,0.322,-0.703,0.285,-0.748,0.305,7.779,280.929
1843,11,-1.261,0.92,-0.801,0.43,-0.684,0.325,-0.701,0.291,-0.756,0.306,7.789,280.93899999999996
1843,12,0.218,1.044,-0.77,0.44,-0.674,0.312,-0.706,0.291,-0.757,0.308,7.82,280.96999999999997
1844,1,-0.568,1.458,-0.771,0.427,-0.667,0.309,-0.709,0.285,-0.752,0.309,7.819,280.969
1844,2,-1.051,1.202,-0.791,0.431,-0.659,0.306,-0.716,0.282,-0.756,0.311,7.7989999999999995,280.94899999999996
1844,3,-0.586,1.186,-0.816,0.424,-0.644,0.301,-0.694,0.277,-0.76,0.311,7.774,280.924
1844,4,-0.992,1.064,-0.815,0.424,-0.651,0.308,-0.702,0.28,-0.761,0.309,7.775,280.92499999999995
1844,5,-1.261,0.713,-0.857,0.44,-0.64,0.309,-0.704,0.284,-0.762,0.311,7.733,280.883
1844,6,-0.802,0.79,-1.021,0.463,-0.62,0.302,-0.702,0.284,-0.763,0.31,7.569,280.719
1844,7,-0.651,0.539,-0.968,0.475,-0.602,0.291,-0.703,0.287,-0.76,0.311,7.622,280.772
1844,8,-1.001,0.604,-1.016,0.498,-0.589,0.285,-0.709,0.288,-0.758,0.31,7.574,280.724
1844,9,-1.253,0.761,-1.04,0.502,-0.617,0.288,-0.708,0.287,-0.758,0.31,7.55,280.7
1844,10,-0.554,0.674,-0.98,0.468,-0.621,0.291,-0.702,0.286,-0.752,0.31,7.609999999999999,280.76
1844,11,-1.773,1.044,-0.952,0.461,-0.619,0.297,-0.686,0.285,-0.755,0.31,7.638,280.78799999999995
1844,12,-1.75,1.153,-0.947,0.473,-0.614,0.303,-0.68,0.283,-0.752,0.31,7.643,280.79299999999995
1845,1,0.067,1.491,-0.909,0.469,-0.604,0.301,-0.698,0.281,-0.753,0.312,7.681,280.83099999999996
1845,2,-1.619,1.399,-0.864,0.477,-0.602,0.304,-0.69,0.284,-0.753,0.309,7.726,280.876
1845,3,-0.877,1.07,-0.839,0.461,-0.591,0.302,-0.683,0.281,-0.752,0.308,7.7509999999999994,280.90099999999995
1845,4,-0.274,0.645,-0.918,0.469,-0.587,0.301,-0.689,0.281,-0.748,0.304,7.672,280.822
1845,5,-0.918,0.699,-0.852,0.455,-0.572,0.301,-0.698,0.284,-0.744,0.305,7.7379999999999995,280.888
1845,6,-0.751,0.585,-0.867,0.46,-0.605,0.31,-0.699,0.29,-0.74,0.304,7.723,280.873
1845,7,-0.188,0.804,-0.803,0.458,-0.647,0.305,-0.7,0.292,-0.736,0.306,7.787,280.93699999999995
1845,8,-0.456,0.786,-0.64,0.42,-0.648,0.3,-0.692,0.293,-0.731,0.307,7.95,281.09999999999997
1845,9,-0.958,0.659,-0.477,0.424,-0.648,0.294,-0.688,0.293,-0.726,0.305,8.113,281.263
1845,10,-1.507,1.118,-0.522,0.495,-0.643,0.294,-0.684,0.294,-0.723,0.307,8.068,281.21799999999996
1845,11,-0.98,0.972,-0.477,0.537,-0.633,0.298,-0.678,0.292,-0.718,0.306,8.113,281.263
1845,12,-1.924,1.664,-0.419,0.525,-0.619,0.308,-0.673,0.29,-0.715,0.303,8.171,281.32099999999997
1846,1,0.829,2.299,-0.367,0.492,-0.608,0.307,-0.658,0.292,-0.711,0.304,8.222999999999999,281.373
1846,2,0.343,1.542,-0.315,0.463,-0.606,0.309,-0.659,0.289,-0.712,0.309,8.275,281.42499999999995
1846,3,1.071,1.024,-0.266,0.466,-0.609,0.309,-0.651,0.291,-0.716,0.309,8.324,281.474
1846,4,-0.81,1.626,-0.226,0.532,-0.608,0.306,-0.647,0.296,-0.713,0.307,8.363999999999999,281.51399999999995
1846,5,-0.374,0.86,-0.223,0.537,-0.6,0.314,-0.643,0.301,-0.711,0.306,8.366999999999999,281.517
1846,6,-0.055,0.831,-0.059,0.445,-0.628,0.312,-0.64,0.299,-0.706,0.307,8.531,281.681
1846,7,0.429,0.562,-0.107,0.407,-0.628,0.306,-0.64,0.3,-0.702,0.308,8.483,281.633
1846,8,0.174,0.57,-0.096,0.426,-0.617,0.301,-0.639,0.3,-0.701,0.309,8.494,281.644
1846,9,-0.377,0.623,-0.296,0.445,-0.607,0.305,-0.633,0.301,-0.7,0.31,8.294,281.44399999999996
1846,10,-1.023,1.072,-0.257,0.427,-0.613,0.309,-0.629,0.303,-0.703,0.31,8.333,281.483
1846,11,-0.947,0.951,-0.286,0.431,-0.612,0.313,-0.626,0.31,-0.697,0.31,8.304,281.45399999999995
1846,12,0.049,1.32,-0.336,0.446,-0.608,0.314,-0.62,0.313,-0.696,0.309,8.254,281.404
1847,1,0.251,1.327,-0.389,0.448,-0.597,0.319,-0.615,0.317,-0.697,0.311,8.201,281.351
1847,2,0.471,1.668,-0.453,0.454,-0.587,0.325,-0.618,0.323,-0.699,0.31,8.137,281.287
1847,3,-1.326,1.358,-0.471,0.461,-0.584,0.328,-0.635,0.332,-0.696,0.307,8.119,281.269
1847,4,-0.342,0.974,-0.438,0.446,-0.58,0.332,-0.641,0.336,-0.694,0.307,8.152,281.30199999999996
1847,5,-0.718,0.899,-0.396,0.451,-0.554,0.341,-0.635,0.341,-0.693,0.306,8.193999999999999,281.344
1847,6,-0.657,0.779,-0.553,0.504,-0.552,0.34,-0.631,0.345,-0.691,0.307,8.036999999999999,281.18699999999995
1847,7,-0.208,0.565,-0.738,0.524,-0.583,0.338,-0.624,0.345,-0.688,0.308,7.852,281.00199999999995
1847,8,-0.592,0.705,-0.718,0.514,-0.557,0.346,-0.625,0.344,-0.687,0.309,7.872,281.022
1847,9,-0.593,0.756,-0.652,0.493,-0.55,0.351,-0.621,0.342,-0.686,0.308,7.938,281.08799999999997
1847,10,-0.623,0.689,-0.647,0.473,-0.564,0.357,-0.616,0.34,-0.683,0.31,7.943,281.09299999999996
1847,11,-0.446,1.083,-0.649,0.473,-0.57,0.366,-0.617,0.344,-0.679,0.312,7.941,281.09099999999995
1847,12,-1.841,1.052,-0.622,0.478,-0.565,0.377,-0.616,0.346,-0.673,0.312,7.968,281.118
1848,1,-1.964,1.309,-0.604,0.485,-0.56,0.373,-0.625,0.351,-0.66,0.31,7.986,281.13599999999997
1848,2,0.714,1.216,-0.608,0.49,-0.551,0.374,-0.64,0.357,-0.657,0.309,7.982,281.132
1848,3,-0.536,1.018,-0.652,0.496,-0.546,0.374,-0.647,0.353,-0.652,0.306,7.938,281.08799999999997
1848,4,-0.282,0.828,-0.643,0.507,-0.541,0.381,-0.648,0.361,-0.648,0.303,7.947,281.097
1848,5,-0.742,0.852,-0.669,0.551,-0.548,0.38,-0.64,0.366,-0.644,0.302,7.920999999999999,281.07099999999997
1848,6,-0.341,0.939,-0.638,0.543,-0.533,0.358,-0.632,0.371,-0.642,0.303,7.952,281.102
1848,7,0.02,0.62,-0.523,0.513,-0.547,0.348,-0.624,0.368,-0.643,0.306,8.067,281.217
1848,8,-0.641,0.59,-0.618,0.52,-0.563,0.361,-0.617,0.369,-0.644,0.304,7.9719999999999995,281.12199999999996
1848,9,-1.124,0.789,-0.572,0.537,-0.6,0.365,-0.614,0.368,-0.644,0.302,8.018,281.168
1848,10,-0.515,0.763,-0.658,0.551,-0.604,0.361,-0.614,0.368,-0.643,0.304,7.9319999999999995,281.082
1848,11,-0.762,0.897,-0.695,0.551,-0.603,0.368,-0.615,0.368,-0.639,0.305,7.895,281.04499999999996
1848,12,-1.473,0.988,-0.713,0.545,-0.606,0.379,-0.622,0.368,-0.64,0.306,7.877,281.027
1849,1,-0.58,1.206,-0.717,0.55,-0.612,0.384,-0.628,0.365,-0.641,0.304,7.873,281.02299999999997
1849,2,-0.419,1.379,-0.698,0.556,-0.62,0.392,-0.63,0.368,-0.645,0.302,7.8919999999999995,281.042
1849,3,0.012,1.174,-0.69,0.548,-0.622,0.396,-0.63,0.374,-0.635,0.299,7.9,281.04999999999995
1849,4,-1.318,0.992,-0.676,0.538,-0.607,0.395,-0.626,0.37,-0.632,0.297,7.914,281.06399999999996
1849,5,-1.182,0.87,-0.627,0.544,-0.611,0.406,-0.618,0.37,-0.627,0.297,7.963,281.113
1849,6,-0.557,0.789,-0.642,0.511,-0.62,0.428,-0.617,0.37,-0.624,0.295,7.9479999999999995,281.09799999999996
1849,7,-0.026,0.916,-0.744,0.513,-0.627,0.448,-0.61,0.369,-0.626,0.293,7.846,280.996
1849,8,-0.41,0.722,-0.712,0.529,-0.648,0.463,-0.602,0.371,-0.629,0.291,7.878,281.02799999999996
1849,9,-1.031,0.702,-0.752,0.536,-0.652,0.467,-0.597,0.37,-0.628,0.289,7.838,280.988
1849,10,-0.352,0.688,-0.735,0.534,-0.661,0.467,-0.587,0.372,-0.624,0.285,7.8549999999999995,281.005
1849,11,-0.174,0.937,-0.746,0.521,-0.652,0.472,-0.574,0.377,-0.616,0.283,7.843999999999999,280.99399999999997
1849,12,-1.649,1.066,-0.734,0.528,-0.648,0.474,-0.56,0.376,-0.607,0.285,7.856,281.006
1850,1,-1.802,1.056,-0.722,0.501,-0.645,0.477,-0.559,0.383,-0.611,0.284,7.868,281.018
1850,2,-0.038,1.291,-0.68,0.519,-0.648,0.477,-0.546,0.378,-0.61,0.288,7.91,281.06
1850,3,-0.471,1.132,-0.65,0.505,-0.65,0.476,-0.544,0.377,-0.612,0.286,7.9399999999999995,281.09
1850,4,-1.119,0.901,-0.722,0.476,-0.645,0.474,-0.539,0.37,-0.612,0.284,7.868,281.018
1850,5,-1.305,0.725,-0.822,0.429,-0.662,0.492,-0.532,0.375,-0.613,0.284,7.768,280.91799999999995
1850,6,-0.412,0.833,-0.774,0.438,-0.627,0.493,-0.529,0.377,-0.612,0.284,7.816,280.96599999999995
1850,7,0.12,0.62,-0.625,0.458,-0.604,0.498,-0.532,0.374,-0.613,0.282,7.965,281.11499999999995
1850,8,0.088,0.911,-0.673,0.427,-0.632,0.509,-0.532,0.369,-0.609,0.279,7.917,281.06699999999995
1850,9,-0.67,0.575,-0.729,0.448,-0.645,0.509,-0.531,0.366,-0.605,0.278,7.861,281.01099999999997
1850,10,-1.212,0.577,-0.724,0.499,-0.653,0.519,-0.524,0.372,-0.6,0.278,7.866,281.01599999999996
1850,11,-1.382,0.868,-0.64,0.536,-0.647,0.521,-0.523,0.373,-0.596,0.279,7.95,281.09999999999997
1850,12,-1.065,0.868,-0.625,0.522,-0.644,0.517,-0.52,0.36,-0.597,0.282,7.965,281.11499999999995
1851,1,-0.012,1.147,-0.63,0.517,-0.64,0.51,-0.524,0.353,-0.598,0.286,7.96,281.10999999999996
1851,2,-0.618,1.045,-0.661,0.509,-0.628,0.509,-0.534,0.371,-0.6,0.285,7.929,281.07899999999995
1851,3,-1.146,1.009,-0.646,0.524,-0.618,0.5,-0.551,0.369,-0.595,0.285,7.944,281.094
1851,4,-1.051,1.245,-0.559,0.569,-0.621,0.503,-0.548,0.36,-0.592,0.282,8.031,281.181
1851,5,-0.299,1.237,-0.541,0.64,-0.631,0.493,-0.55,0.357,-0.592,0.281,8.049,281.19899999999996
1851,6,-0.238,0.547,-0.49,0.711,-0.616,0.497,-0.549,0.363,-0.591,0.279,8.1,281.25
1851,7,0.058,0.532,-0.508,0.755,-0.629,0.496,-0.553,0.364,-0.592,0.278,8.082,281.23199999999997
1851,8,-0.277,0.722,-0.52,0.799,-0.643,0.505,-0.561,0.369,-0.591,0.275,8.07,281.21999999999997
1851,9,-0.493,0.753,-0.554,0.823,-0.652,0.506,-0.567,0.373,-0.588,0.274,8.036,281.186
1851,10,-0.17,0.936,-0.54,0.788,-0.639,0.494,-0.568,0.368,-0.589,0.272,8.05,281.2
1851,11,-1.164,1.182,-0.528,0.779,-0.624,0.488,-0.567,0.368,-0.584,0.27,8.062,281.212
1851,12,-0.457,1.132,-0.545,0.807,-0.627,0.482,-0.569,0.372,-0.581,0.269,8.045,281.195
1852,1,-0.224,1.492,-0.554,0.812,-0.623,0.473,-0.577,0.38,-0.586,0.27,8.036,281.186
1852,2,-0.767,1.36,-0.596,0.783,-0.618,0.47,-0.588,0.383,-0.591,0.269,7.994,281.144
1852,3,-1.544,1.314,-0.612,0.779,-0.609,0.464,-0.584,0.376,-0.597,0.271,7.978,281.128
1852,4,-0.892,1.007,-0.624,0.737,-0.593,0.463,-0.593,0.374,-0.601,0.272,7.966,281.116
1852,5,-0.157,1.19,-0.649,0.728,-0.594,0.459,-0.6,0.372,-0.6,0.27,7.941,281.09099999999995
1852,6,-0.439,0.801,-0.593,0.679,-0.567,0.462,-0.601,0.372,-0.598,0.27,7.997,281.147
1852,7,-0.05,0.593,-0.62,0.657,-0.535,0.474,-0.603,0.375,-0.595,0.268,7.97,281.12
1852,8,-0.784,0.57,-0.639,0.657,-0.535,0.456,-0.603,0.378,-0.595,0.266,7.951,281.101
1852,9,-0.677,0.626,-0.62,0.6,-0.538,0.451,-0.605,0.376,-0.594,0.264,7.97,281.12
1852,10,-0.319,0.552,-0.607,0.632,-0.514,0.433,-0.608,0.377,-0.594,0.261,7.983,281.133
1852,11,-1.469,0.994,-0.627,0.615,-0.493,0.432,-0.611,0.383,-0.594,0.26,7.963,281.113
1852,12,0.222,0.947,-0.604,0.613,-0.494,0.423,-0.595,0.382,-0.602,0.261,7.986,281.13599999999997
1853,1,-0.543,1.282,-0.575,0.582,-0.505,0.42,-0.578,0.381,-0.602,0.26,8.015,281.16499999999996
1853,2,-1.004,1.618,-0.506,0.58,-0.513,0.407,-0.592,0.379,-0.605,0.255,8.084,281.234
1853,3,-1.318,0.743,-0.495,0.556,-0.516,0.401,-0.591,0.379,-0.605,0.253,8.095,281.245
1853,4,-0.731,1.275,-0.522,0.594,-0.508,0.405,-0.589,0.377,-0.603,0.25,8.068,281.21799999999996
1853,5,-0.399,0.884,-0.513,0.532,-0.499,0.408,-0.585,0.374,-0.598,0.251,8.077,281.227
1853,6,-0.155,0.778,-0.583,0.529,-0.506,0.407,-0.584,0.371,-0.594,0.25,8.007,281.157
1853,7,0.287,0.382,-0.647,0.461,-0.501,0.407,-0.588,0.371,-0.593,0.248,7.943,281.09299999999996
1853,8,0.053,0.492,-0.671,0.427,-0.506,0.427,-0.586,0.369,-0.592,0.248,7.919,281.06899999999996
1853,9,-0.545,0.488,-0.606,0.431,-0.501,0.419,-0.584,0.366,-0.592,0.247,7.984,281.13399999999996
1853,10,-0.648,0.847,-0.588,0.349,-0.491,0.404,-0.583,0.365,-0.594,0.245,8.002,281.152
1853,11,-1.355,0.88,-0.578,0.326,-0.497,0.392,-0.577,0.362,-0.591,0.244,8.012,281.162
1853,12,-0.62,0.765,-0.628,0.313,-0.491,0.39,-0.574,0.366,-0.594,0.244,7.962,281.11199999999997
1854,1,-1.316,0.997,-0.632,0.321,-0.493,0.387,-0.573,0.367,-0.596,0.243,7.958,281.108
1854,2,-1.291,1.122,-0.645,0.326,-0.502,0.39,-0.573,0.366,-0.593,0.244,7.945,281.09499999999997
1854,3,-0.531,0.824,-0.645,0.328,-0.513,0.393,-0.576,0.362,-0.594,0.246,7.945,281.09499999999997
1854,4,-0.523,0.614,-0.537,0.311,-0.529,0.385,-0.562,0.355,-0.593,0.245,8.052999999999999,281.203
1854,5,-0.277,0.575,-0.446,0.337,-0.523,0.371,-0.55,0.352,-0.588,0.244,8.144,281.294
1854,6,-0.754,0.475,-0.396,0.319,-0.519,0.355,-0.546,0.348,-0.585,0.243,8.193999999999999,281.344
1854,7,0.238,0.495,-0.273,0.379,-0.526,0.35,-0.548,0.34,-0.582,0.241,8.317,281.467
1854,8,-0.1,0.579,-0.173,0.341,-0.527,0.337,-0.549,0.337,-0.58,0.24,8.417,281.56699999999995
1854,9,-0.546,0.5,-0.18,0.333,-0.516,0.321,-0.547,0.333,-0.577,0.239,8.41,281.56
1854,10,0.642,0.674,-0.111,0.31,-0.526,0.316,-0.546,0.327,-0.577,0.239,8.479,281.62899999999996
1854,11,-0.26,0.902,-0.091,0.313,-0.548,0.309,-0.546,0.322,-0.573,0.24,8.499,281.649
1854,12,-0.019,1.049,-0.066,0.299,-0.554,0.308,-0.534,0.332,-0.572,0.24,8.524,281.674
1855,1,0.158,1.331,-0.132,0.301,-0.561,0.31,-0.525,0.335,-0.571,0.241,8.458,281.608
1855,2,-0.086,1.372,-0.156,0.291,-0.558,0.315,-0.53,0.336,-0.568,0.243,8.434,281.584
1855,3,-0.617,0.793,-0.185,0.282,-0.561,0.314,-0.542,0.337,-0.57,0.245,8.405,281.55499999999995
1855,4,0.305,0.937,-0.296,0.301,-0.571,0.318,-0.536,0.332,-0.572,0.245,8.294,281.44399999999996
1855,5,-0.037,0.795,-0.345,0.291,-0.559,0.312,-0.527,0.327,-0.57,0.245,8.245,281.395
1855,6,-0.458,0.482,-0.469,0.277,-0.563,0.311,-0.524,0.322,-0.568,0.246,8.121,281.27099999999996
1855,7,-0.545,0.553,-0.457,0.275,-0.553,0.303,-0.526,0.315,-0.567,0.243,8.133,281.28299999999996
1855,8,-0.39,0.542,-0.524,0.313,-0.551,0.287,-0.526,0.308,-0.566,0.241,8.065999999999999,281.21599999999995
1855,9,-0.891,0.463,-0.547,0.325,-0.536,0.286,-0.522,0.305,-0.563,0.24,8.043,281.193
1855,10,-0.693,0.74,-0.61,0.366,-0.524,0.272,-0.516,0.305,-0.557,0.243,7.9799999999999995,281.13
1855,11,-0.855,0.637,-0.658,0.35,-0.524,0.265,-0.514,0.309,-0.552,0.246,7.9319999999999995,281.082
1855,12,-1.498,0.986,-0.613,0.356,-0.524,0.264,-0.522,0.317,-0.548,0.242,7.977,281.12699999999995
1856,1,0.291,1.055,-0.57,0.351,-0.535,0.269,-0.539,0.323,-0.55,0.238,8.02,281.16999999999996
1856,2,-0.889,1.715,-0.607,0.405,-0.545,0.268,-0.541,0.325,-0.555,0.245,7.983,281.133
1856,3,-0.891,0.736,-0.63,0.46,-0.55,0.27,-0.539,0.321,-0.563,0.246,7.96,281.10999999999996
1856,4,-0.444,0.592,-0.666,0.447,-0.545,0.266,-0.537,0.308,-0.562,0.243,7.9239999999999995,281.07399999999996
1856,5,-0.619,0.75,-0.66,0.438,-0.524,0.266,-0.541,0.301,-0.562,0.241,7.93,281.08
1856,6,0.087,0.856,-0.552,0.441,-0.531,0.267,-0.542,0.299,-0.564,0.243,8.038,281.188
1856,7,-0.037,0.416,-0.631,0.45,-0.517,0.27,-0.544,0.296,-0.565,0.244,7.959,281.109
1856,8,-0.827,0.903,-0.629,0.37,-0.504,0.259,-0.542,0.291,-0.567,0.243,7.961,281.111
1856,9,-1.171,0.852,-0.628,0.357,-0.501,0.251,-0.544,0.287,-0.567,0.244,7.962,281.11199999999997
1856,10,-1.124,0.494,-0.715,0.371,-0.486,0.249,-0.55,0.28,-0.565,0.242,7.875,281.025
1856,11,-0.776,0.745,-0.784,0.376,-0.477,0.249,-0.542,0.27,-0.561,0.242,7.806,280.95599999999996
1856,12,-0.208,0.923,-0.862,0.398,-0.465,0.247,-0.543,0.265,-0.56,0.246,7.728,280.878
1857,1,-0.661,1.185,-0.895,0.421,-0.473,0.242,-0.558,0.261,-0.562,0.248,7.695,280.84499999999997
1857,2,-0.857,0.938,-0.876,0.413,-0.48,0.239,-0.564,0.253,-0.566,0.25,7.7139999999999995,280.864
1857,3,-0.883,0.685,-0.851,0.391,-0.485,0.238,-0.56,0.248,-0.564,0.248,7.739,280.88899999999995
1857,4,-1.482,0.697,-0.835,0.405,-0.499,0.229,-0.562,0.245,-0.563,0.245,7.755,280.905
1857,5,-1.447,0.702,-0.834,0.431,-0.497,0.219,-0.564,0.238,-0.563,0.242,7.756,280.90599999999995
1857,6,-0.852,0.706,-0.814,0.452,-0.501,0.232,-0.564,0.233,-0.561,0.241,7.776,280.926
1857,7,-0.438,0.71,-0.753,0.425,-0.515,0.226,-0.566,0.23,-0.56,0.239,7.837,280.98699999999997
1857,8,-0.597,0.787,-0.759,0.427,-0.524,0.24,-0.565,0.229,-0.558,0.239,7.8309999999999995,280.981
1857,9,-0.866,0.737,-0.721,0.432,-0.546,0.248,-0.567,0.228,-0.556,0.238,7.869,281.019
1857,10,-0.936,0.685,-0.598,0.42,-0.558,0.254,-0.572,0.224,-0.553,0.238,7.992,281.142
1857,11,-0.759,0.807,-0.508,0.397,-0.561,0.246,-0.57,0.219,-0.548,0.236,8.082,281.23199999999997
1857,12,0.026,0.681,-0.45,0.395,-0.555,0.245,-0.588,0.22,-0.54,0.23,8.14,281.28999999999996
1858,1,0.069,1.014,-0.448,0.376,-0.547,0.235,-0.579,0.213,-0.535,0.227,8.142,281.292
1858,2,-0.925,0.762,-0.441,0.34,-0.54,0.235,-0.569,0.199,-0.544,0.227,8.149,281.299
1858,3,-0.43,0.709,-0.438,0.33,-0.528,0.237,-0.563,0.198,-0.545,0.228,8.152,281.30199999999996
1858,4,-0.008,0.652,-0.39,0.324,-0.525,0.233,-0.558,0.187,-0.545,0.224,8.2,281.34999999999997
1858,5,-0.363,0.56,-0.333,0.299,-0.529,0.238,-0.555,0.182,-0.542,0.221,8.257,281.407
1858,6,-0.156,0.594,-0.423,0.312,-0.537,0.254,-0.556,0.178,-0.541,0.219,8.167,281.31699999999995
1858,7,-0.415,0.513,-0.472,0.308,-0.577,0.262,-0.562,0.178,-0.54,0.217,8.118,281.268
1858,8,-0.514,0.431,-0.434,0.309,-0.577,0.248,-0.567,0.178,-0.538,0.217,8.156,281.306
1858,9,-0.823,0.553,-0.427,0.283,-0.577,0.249,-0.571,0.178,-0.536,0.214,8.163,281.313
1858,10,-0.365,0.582,-0.397,0.249,-0.582,0.24,-0.573,0.175,-0.533,0.213,8.193,281.34299999999996
1858,11,-0.077,0.656,-0.344,0.248,-0.585,0.237,-0.567,0.174,-0.534,0.212,8.246,281.39599999999996
1858,12,-1.058,0.757,-0.333,0.235,-0.594,0.238,-0.567,0.173,-0.529,0.212,8.257,281.407
1859,1,-0.508,0.875,-0.321,0.232,-0.596,0.234,-0.563,0.174,-0.529,0.213,8.269,281.419
1859,2,-0.471,0.793,-0.318,0.237,-0.583,0.225,-0.557,0.175,-0.525,0.211,8.272,281.42199999999997
1859,3,-0.355,0.823,-0.323,0.234,-0.574,0.219,-0.558,0.176,-0.53,0.211,8.267,281.417
1859,4,0.363,0.568,-0.31,0.245,-0.57,0.214,-0.56,0.177,-0.526,0.208,8.28,281.42999999999995
1859,5,0.271,0.556,-0.315,0.248,-0.561,0.208,-0.558,0.177,-0.521,0.205,8.275,281.42499999999995
1859,6,-0.026,0.447,-0.246,0.225,-0.568,0.212,-0.552,0.177,-0.518,0.206,8.344,281.49399999999997
1859,7,-0.278,0.513,-0.261,0.225,-0.59,0.211,-0.554,0.176,-0.518,0.203,8.329,281.479
1859,8,-0.478,0.486,-0.275,0.248,-0.601,0.211,-0.557,0.175,-0.516,0.203,8.315,281.465
1859,9,-0.874,0.454,-0.405,0.289,-0.603,0.215,-0.557,0.174,-0.51,0.202,8.185,281.335
1859,10,-0.211,0.597,-0.472,0.296,-0.598,0.214,-0.567,0.173,-0.51,0.201,8.118,281.268
1859,11,-0.135,0.712,-0.514,0.299,-0.58,0.208,-0.572,0.17,-0.51,0.199,8.076,281.226
1859,12,-0.239,1.549,-0.519,0.3,-0.574,0.202,-0.584,0.169,-0.507,0.2,8.071,281.221
1860,1,-0.682,0.875,-0.5,0.31,-0.572,0.197,-0.583,0.167,-0.502,0.2,8.09,281.23999999999995
1860,2,-0.643,1.074,-0.456,0.327,-0.572,0.193,-0.59,0.169,-0.507,0.198,8.134,281.284
1860,3,-1.912,0.765,-0.401,0.345,-0.573,0.193,-0.595,0.171,-0.509,0.198,8.189,281.339
1860,4,-0.449,0.566,-0.425,0.367,-0.573,0.187,-0.605,0.177,-0.506,0.197,8.165,281.315
1860,5,-0.227,0.635,-0.505,0.376,-0.581,0.183,-0.607,0.175,-0.501,0.195,8.084999999999999,281.23499999999996
1860,6,-0.087,0.417,-0.65,0.334,-0.613,0.185,-0.606,0.177,-0.498,0.192,7.9399999999999995,281.09
1860,7,-0.051,0.64,-0.766,0.367,-0.605,0.189,-0.602,0.175,-0.497,0.19,7.824,280.974
1860,8,0.053,0.474,-0.79,0.351,-0.587,0.186,-0.6,0.177,-0.499,0.187,7.8,280.95
1860,9,-0.219,0.473,-0.701,0.328,-0.589,0.183,-0.594,0.178,-0.497,0.186,7.889,281.039
1860,10,-0.5,0.462,-0.73,0.315,-0.592,0.179,-0.589,0.176,-0.494,0.185,7.859999999999999,281.01
1860,11,-1.087,0.763,-0.777,0.312,-0.586,0.175,-0.58,0.177,-0.49,0.184,7.813,280.96299999999997
1860,12,-1.98,1.073,-0.804,0.332,-0.589,0.172,-0.575,0.179,-0.492,0.185,7.786,280.936
1861,1,-2.075,1.359,-0.816,0.356,-0.589,0.172,-0.575,0.177,-0.497,0.183,7.774,280.924
1861,2,-0.93,0.899,-0.822,0.36,-0.59,0.172,-0.576,0.172,-0.501,0.182,7.768,280.91799999999995
1861,3,-0.846,0.705,-0.86,0.365,-0.592,0.174,-0.576,0.174,-0.499,0.18,7.7299999999999995,280.88
1861,4,-0.794,0.818,-0.891,0.351,-0.602,0.174,-0.576,0.176,-0.494,0.175,7.699,280.849
1861,5,-0.792,0.474,-0.817,0.303,-0.61,0.173,-0.574,0.175,-0.495,0.171,7.773,280.923
1861,6,-0.409,0.462,-0.704,0.263,-0.602,0.174,-0.58,0.175,-0.496,0.17,7.886,281.036
1861,7,-0.201,0.484,-0.697,0.254,-0.608,0.181,-0.577,0.176,-0.496,0.169,7.893,281.04299999999995
1861,8,-0.013,0.436,-0.747,0.261,-0.61,0.187,-0.573,0.173,-0.494,0.168,7.843,280.993
1861,9,-0.672,0.488,-0.762,0.255,-0.616,0.194,-0.566,0.171,-0.494,0.167,7.827999999999999,280.97799999999995
1861,10,-0.876,0.466,-0.791,0.258,-0.634,0.194,-0.562,0.172,-0.494,0.165,7.7989999999999995,280.94899999999996
1861,11,-0.198,0.651,-0.757,0.273,-0.64,0.195,-0.556,0.172,-0.494,0.161,7.833,280.983
1861,12,-0.625,0.718,-0.765,0.279,-0.639,0.196,-0.551,0.174,-0.496,0.158,7.825,280.97499999999997
1862,1,-1.991,0.963,-0.772,0.285,-0.635,0.196,-0.546,0.171,-0.499,0.155,7.818,280.96799999999996
1862,2,-1.531,0.975,-0.825,0.299,-0.634,0.2,-0.545,0.171,-0.499,0.151,7.765,280.91499999999996
1862,3,-1.025,0.728,-0.846,0.314,-0.63,0.201,-0.544,0.172,-0.495,0.148,7.744,280.894
1862,4,-1.139,0.69,-0.85,0.32,-0.634,0.202,-0.533,0.169,-0.493,0.146,7.74,280.89
1862,5,-0.393,0.567,-0.934,0.333,-0.647,0.205,-0.527,0.168,-0.493,0.144,7.656,280.806
1862,6,-0.502,0.547,-1.04,0.334,-0.667,0.202,-0.52,0.166,-0.492,0.143,7.55,280.7
1862,7,-0.285,0.469,-0.832,0.321,-0.651,0.204,-0.517,0.162,-0.492,0.142,7.758,280.90799999999996
1862,8,-0.642,0.458,-0.687,0.318,-0.657,0.201,-0.513,0.161,-0.489,0.141,7.903,281.053
1862,9,-0.931,0.528,-0.65,0.333,-0.645,0.196,-0.507,0.159,-0.487,0.14,7.9399999999999995,281.09
1862,10,-0.919,0.621,-0.57,0.363,-0.652,0.198,-0.499,0.159,-0.486,0.139,8.02,281.16999999999996
1862,11,-1.206,0.741,-0.54,0.341,-0.654,0.197,-0.485,0.153,-0.484,0.137,8.05,281.2
1862,12,-1.894,0.842,-0.523,0.345,-0.657,0.199,-0.484,0.148,-0.49,0.137,8.067,281.217
1863,1,0.503,1.088,-0.533,0.354,-0.657,0.198,-0.492,0.15,-0.49,0.136,8.057,281.207
1863,2,0.2,1.32,-0.529,0.354,-0.66,0.2,-0.496,0.153,-0.486,0.135,8.061,281.21099999999996
1863,3,-0.573,0.701,-0.53,0.366,-0.66,0.198,-0.499,0.152,-0.483,0.135,8.06,281.21
1863,4,-0.182,0.791,-0.534,0.347,-0.652,0.195,-0.501,0.148,-0.484,0.133,8.056,281.20599999999996
1863,5,-0.029,0.504,-0.482,0.357,-0.632,0.191,-0.499,0.147,-0.483,0.132,8.108,281.258
1863,6,-0.304,0.519,-0.372,0.334,-0.614,0.183,-0.499,0.147,-0.483,0.132,8.218,281.368
1863,7,-0.405,0.447,-0.485,0.338,-0.573,0.177,-0.493,0.146,-0.484,0.132,8.105,281.255
1863,8,-0.59,0.492,-0.548,0.305,-0.574,0.175,-0.489,0.146,-0.485,0.132,8.042,281.19199999999995
1863,9,-0.948,0.529,-0.561,0.311,-0.576,0.173,-0.487,0.146,-0.485,0.132,8.029,281.179
1863,10,-0.967,0.48,-0.605,0.292,-0.57,0.173,-0.483,0.146,-0.482,0.13,7.984999999999999,281.135
1863,11,-0.579,0.592,-0.612,0.301,-0.563,0.175,-0.491,0.146,-0.478,0.128,7.978,281.128
1863,12,-0.573,0.72,-0.584,0.312,-0.566,0.174,-0.485,0.146,-0.476,0.127,8.006,281.15599999999995
1864,1,-0.854,1.177,-0.554,0.308,-0.557,0.175,-0.484,0.148,-0.471,0.128,8.036,281.186
1864,2,-0.557,0.988,-0.537,0.321,-0.563,0.179,-0.476,0.149,-0.466,0.126,8.052999999999999,281.203
1864,3,-0.723,0.812,-0.511,0.32,-0.558,0.178,-0.483,0.148,-0.468,0.126,8.079,281.229
1864,4,-0.714,0.648,-0.47,0.319,-0.554,0.18,-0.489,0.147,-0.467,0.126,8.12,281.27
1864,5,-0.111,0.525,-0.498,0.333,-0.552,0.184,-0.491,0.146,-0.465,0.126,8.092,281.24199999999996
1864,6,0.033,0.492,-0.571,0.338,-0.534,0.184,-0.49,0.146,-0.462,0.126,8.019,281.169
1864,7,-0.046,0.514,-0.473,0.322,-0.503,0.181,-0.487,0.147,-0.464,0.125,8.116999999999999,281.267
1864,8,-0.385,0.575,-0.51,0.307,-0.489,0.177,-0.482,0.148,-0.463,0.125,8.08,281.22999999999996
1864,9,-0.645,0.517,-0.552,0.28,-0.485,0.175,-0.473,0.148,-0.461,0.124,8.038,281.188
1864,10,-0.467,0.549,-0.564,0.286,-0.468,0.174,-0.473,0.147,-0.464,0.124,8.026,281.176
1864,11,-0.917,0.836,-0.582,0.281,-0.474,0.174,-0.475,0.149,-0.464,0.122,8.008,281.15799999999996
1864,12,-1.447,0.67,-0.607,0.284,-0.467,0.176,-0.48,0.148,-0.466,0.121,7.983,281.133
1865,1,0.316,0.864,-0.608,0.279,-0.462,0.174,-0.48,0.148,-0.471,0.119,7.982,281.132
1865,2,-1.004,0.834,-0.589,0.282,-0.454,0.175,-0.485,0.149,-0.473,0.12,8.001,281.15099999999995
1865,3,-1.226,0.799,-0.554,0.288,-0.441,0.175,-0.476,0.148,-0.475,0.119,8.036,281.186
1865,4,-0.848,0.657,-0.516,0.285,-0.424,0.179,-0.476,0.149,-0.479,0.12,8.074,281.224
1865,5,-0.327,0.45,-0.428,0.29,-0.389,0.175,-0.475,0.151,-0.481,0.118,8.161999999999999,281.31199999999995
1865,6,-0.277,0.418,-0.382,0.314,-0.356,0.165,-0.472,0.152,-0.48,0.118,8.208,281.358
1865,7,-0.059,0.494,-0.38,0.333,-0.379,0.16,-0.469,0.154,-0.478,0.119,8.209999999999999,281.35999999999996
1865,8,-0.153,0.421,-0.378,0.366,-0.406,0.168,-0.472,0.154,-0.479,0.119,8.212,281.36199999999997
1865,9,-0.225,0.516,-0.354,0.379,-0.409,0.168,-0.472,0.154,-0.478,0.119,8.236,281.38599999999997
1865,10,-0.014,0.585,-0.321,0.407,-0.41,0.166,-0.471,0.155,-0.478,0.117,8.269,281.419
1865,11,0.143,0.797,-0.327,0.41,-0.411,0.167,-0.466,0.154,-0.48,0.116,8.263,281.41299999999995
1865,12,-0.897,0.851,-0.353,0.41,-0.408,0.172,-0.462,0.154,-0.478,0.116,8.237,281.387
1866,1,0.338,0.998,-0.317,0.43,-0.397,0.173,-0.456,0.155,-0.481,0.114,8.273,281.423
1866,2,-0.977,1.154,-0.334,0.425,-0.389,0.174,-0.461,0.157,-0.479,0.112,8.256,281.40599999999995
1866,3,-0.93,0.973,-0.349,0.429,-0.382,0.173,-0.459,0.156,-0.478,0.112,8.241,281.39099999999996
1866,4,-0.455,0.673,-0.399,0.43,-0.364,0.173,-0.452,0.152,-0.476,0.111,8.190999999999999,281.34099999999995
1866,5,-0.397,0.535,-0.416,0.396,-0.371,0.175,-0.45,0.153,-0.476,0.111,8.174,281.32399999999996
1866,6,-0.589,0.369,-0.305,0.381,-0.368,0.174,-0.449,0.153,-0.477,0.111,8.285,281.435
1866,7,0.365,0.585,-0.346,0.369,-0.361,0.178,-0.447,0.152,-0.477,0.112,8.244,281.394
1866,8,-0.352,0.571,-0.318,0.333,-0.342,0.174,-0.446,0.152,-0.476,0.11,8.272,281.42199999999997
1866,9,-0.411,0.481,-0.309,0.319,-0.35,0.17,-0.445,0.152,-0.472,0.108,8.281,281.431
1866,10,-0.609,0.587,-0.281,0.315,-0.344,0.173,-0.439,0.153,-0.468,0.107,8.309,281.459
1866,11,-0.06,0.609,-0.31,0.325,-0.343,0.172,-0.447,0.151,-0.469,0.109,8.28,281.42999999999995
1866,12,0.433,0.627,-0.267,0.323,-0.342,0.179,-0.448,0.152,-0.474,0.11,8.323,281.47299999999996
1867,1,-0.149,0.887,-0.295,0.304,-0.34,0.184,-0.44,0.151,-0.474,0.111,8.295,281.445
1867,2,-0.649,0.96,-0.279,0.312,-0.331,0.189,-0.434,0.149,-0.471,0.111,8.311,281.46099999999996
1867,3,-0.819,0.759,-0.258,0.303,-0.316,0.192,-0.43,0.147,-0.467,0.111,8.332,281.48199999999997
1867,4,-0.119,0.696,-0.201,0.301,-0.313,0.188,-0.424,0.145,-0.462,0.11,8.389,281.539
1867,5,-0.74,0.43,-0.121,0.286,-0.303,0.186,-0.422,0.144,-0.457,0.109,8.469,281.61899999999997
1867,6,-0.072,0.361,-0.151,0.278,-0.294,0.188,-0.421,0.143,-0.454,0.109,8.439,281.589
1867,7,0.025,0.515,-0.209,0.283,-0.31,0.189,-0.418,0.142,-0.451,0.108,8.381,281.53099999999995
1867,8,-0.165,0.492,-0.274,0.311,-0.313,0.19,-0.413,0.141,-0.447,0.107,8.315999999999999,281.46599999999995
1867,9,-0.154,0.441,-0.272,0.297,-0.306,0.19,-0.407,0.141,-0.443,0.106,8.318,281.46799999999996
1867,10,0.071,0.615,-0.278,0.296,-0.3,0.192,-0.4,0.14,-0.439,0.106,8.312,281.462
1867,11,0.904,1.06,-0.224,0.316,-0.296,0.194,-0.398,0.143,-0.435,0.106,8.366,281.51599999999996
1867,12,0.067,1.358,-0.232,0.322,-0.286,0.195,-0.392,0.143,-0.438,0.105,8.358,281.508
1868,1,-0.846,0.944,-0.213,0.316,-0.281,0.196,-0.402,0.14,-0.441,0.107,8.377,281.527
1868,2,-1.419,0.892,-0.205,0.323,-0.285,0.197,-0.404,0.142,-0.434,0.106,8.385,281.53499999999997
1868,3,-0.794,0.665,-0.239,0.345,-0.283,0.195,-0.403,0.14,-0.426,0.105,8.350999999999999,281.501
1868,4,-0.198,0.68,-0.234,0.371,-0.29,0.194,-0.409,0.141,-0.423,0.104,8.356,281.506
1868,5,-0.091,0.553,-0.392,0.309,-0.301,0.197,-0.411,0.142,-0.423,0.103,8.198,281.34799999999996
1868,6,-0.162,0.414,-0.433,0.283,-0.31,0.199,-0.409,0.144,-0.421,0.103,8.157,281.30699999999996
1868,7,0.248,0.468,-0.395,0.278,-0.338,0.201,-0.406,0.143,-0.417,0.103,8.195,281.34499999999997
1868,8,-0.075,0.431,-0.229,0.308,-0.349,0.206,-0.402,0.142,-0.413,0.103,8.361,281.51099999999997
1868,9,-0.561,0.451,-0.266,0.313,-0.343,0.206,-0.399,0.142,-0.409,0.103,8.324,281.474
1868,10,0.13,0.422,-0.278,0.314,-0.334,0.208,-0.391,0.141,-0.407,0.103,8.312,281.462
1868,11,-0.981,0.599,-0.271,0.305,-0.336,0.208,-0.39,0.141,-0.406,0.104,8.318999999999999,281.469
1868,12,-0.425,0.63,-0.251,0.308,-0.331,0.21,-0.386,0.142,-0.402,0.104,8.339,281.489
1869,1,-0.4,0.83,-0.264,0.302,-0.337,0.208,-0.379,0.142,-0.401,0.103,8.326,281.476
1869,2,0.572,1.469,-0.249,0.301,-0.33,0.206,-0.375,0.141,-0.401,0.103,8.341,281.491
1869,3,-1.228,0.888,-0.179,0.299,-0.331,0.207,-0.378,0.14,-0.4,0.103,8.411,281.561
1869,4,-0.352,0.623,-0.212,0.295,-0.324,0.209,-0.373,0.141,-0.404,0.102,8.378,281.52799999999996
1869,5,-0.006,0.467,-0.158,0.29,-0.342,0.209,-0.371,0.142,-0.407,0.101,8.432,281.582
1869,6,0.088,0.754,-0.197,0.277,-0.363,0.208,-0.372,0.144,-0.408,0.101,8.393,281.543
1869,7,0.087,0.481,-0.217,0.289,-0.376,0.202,-0.373,0.145,-0.407,0.101,8.373,281.52299999999997
1869,8,0.107,0.557,-0.367,0.338,-0.379,0.202,-0.37,0.145,-0.408,0.101,8.222999999999999,281.373
1869,9,0.271,0.516,-0.332,0.334,-0.374,0.202,-0.364,0.146,-0.407,0.1,8.258,281.40799999999996
1869,10,-0.257,0.503,-0.341,0.35,-0.38,0.198,-0.361,0.145,-0.405,0.101,8.249,281.399
1869,11,-0.33,0.482,-0.347,0.356,-0.37,0.196,-0.357,0.144,-0.407,0.101,8.243,281.393
1869,12,-0.894,0.585,-0.331,0.321,-0.375,0.196,-0.347,0.143,-0.411,0.101,8.259,281.409
1870,1,-0.645,0.722,-0.317,0.298,-0.375,0.191,-0.359,0.143,-0.411,0.101,8.273,281.423
1870,2,-1.225,0.831,-0.356,0.288,-0.372,0.19,-0.356,0.142,-0.413,0.102,8.234,281.38399999999996
1870,3,-0.811,0.729,-0.388,0.277,-0.373,0.19,-0.355,0.141,-0.409,0.1,8.202,281.352
1870,4,-0.462,0.573,-0.403,0.288,-0.376,0.192,-0.354,0.141,-0.411,0.1,8.187,281.337
1870,5,-0.078,0.529,-0.42,0.309,-0.406,0.193,-0.355,0.141,-0.411,0.101,8.17,281.32
1870,6,0.285,0.438,-0.467,0.307,-0.427,0.193,-0.354,0.142,-0.412,0.102,8.123,281.27299999999997
1870,7,0.245,0.427,-0.524,0.314,-0.425,0.187,-0.355,0.143,-0.412,0.103,8.065999999999999,281.21599999999995
1870,8,-0.358,0.396,-0.555,0.318,-0.402,0.189,-0.358,0.143,-0.413,0.104,8.035,281.185
1870,9,-0.106,0.452,-0.538,0.315,-0.397,0.186,-0.362,0.142,-0.415,0.104,8.052,281.202
1870,10,-0.439,0.384,-0.493,0.298,-0.408,0.185,-0.367,0.142,-0.415,0.104,8.097,281.24699999999996
1870,11,-0.535,0.787,-0.526,0.288,-0.412,0.184,-0.38,0.143,-0.411,0.104,8.064,281.214
1870,12,-1.454,0.563,-0.575,0.297,-0.41,0.185,-0.38,0.143,-0.405,0.105,8.015,281.16499999999996
1871,1,-1.328,0.772,-0.596,0.303,-0.415,0.18,-0.388,0.141,-0.397,0.104,7.994,281.144
1871,2,-1.605,0.963,-0.561,0.304,-0.415,0.178,-0.383,0.141,-0.395,0.104,8.029,281.179
1871,3,-0.602,0.611,-0.591,0.31,-0.415,0.18,-0.379,0.141,-0.393,0.103,7.999,281.149
1871,4,0.076,0.494,-0.568,0.314,-0.418,0.178,-0.376,0.142,-0.389,0.101,8.022,281.17199999999997
1871,5,-0.478,0.464,-0.623,0.297,-0.409,0.176,-0.377,0.142,-0.386,0.101,7.967,281.11699999999996
1871,6,-0.306,0.484,-0.566,0.296,-0.403,0.174,-0.375,0.142,-0.387,0.101,8.024,281.174
1871,7,0.0,0.477,-0.535,0.286,-0.396,0.172,-0.378,0.143,-0.387,0.101,8.055,281.205
1871,8,0.057,0.401,-0.471,0.279,-0.407,0.169,-0.379,0.141,-0.387,0.101,8.119,281.269
1871,9,-0.467,0.426,-0.463,0.291,-0.406,0.166,-0.378,0.14,-0.386,0.101,8.127,281.277
1871,10,-0.157,0.418,-0.511,0.295,-0.402,0.164,-0.374,0.139,-0.384,0.101,8.079,281.229
1871,11,-1.19,0.759,-0.482,0.291,-0.399,0.164,-0.382,0.141,-0.386,0.101,8.108,281.258
1871,12,-0.773,0.603,-0.485,0.291,-0.402,0.16,-0.398,0.14,-0.385,0.102,8.105,281.255
1872,1,-0.963,0.921,-0.485,0.276,-0.407,0.159,-0.401,0.138,-0.374,0.102,8.105,281.255
1872,2,-0.835,0.868,-0.49,0.278,-0.409,0.159,-0.398,0.135,-0.368,0.102,8.1,281.25
1872,3,-0.51,0.626,-0.467,0.276,-0.412,0.158,-0.39,0.135,-0.364,0.102,8.123,281.27299999999997
1872,4,-0.497,0.588,-0.464,0.277,-0.409,0.159,-0.392,0.133,-0.362,0.101,8.126,281.27599999999995
1872,5,-0.123,0.436,-0.439,0.259,-0.41,0.159,-0.387,0.131,-0.362,0.101,8.151,281.301
1872,6,-0.344,0.388,-0.474,0.249,-0.401,0.156,-0.387,0.131,-0.363,0.101,8.116,281.26599999999996
1872,7,-0.004,0.416,-0.452,0.233,-0.407,0.154,-0.385,0.128,-0.364,0.101,8.138,281.28799999999995
1872,8,0.003,0.429,-0.387,0.227,-0.4,0.147,-0.381,0.128,-0.362,0.101,8.203,281.35299999999995
1872,9,-0.19,0.446,-0.388,0.217,-0.403,0.148,-0.379,0.129,-0.36,0.101,8.202,281.352
1872,10,-0.132,0.414,-0.419,0.219,-0.407,0.145,-0.379,0.131,-0.359,0.1,8.171,281.32099999999997
1872,11,-0.884,0.733,-0.435,0.223,-0.414,0.143,-0.384,0.128,-0.358,0.101,8.155,281.30499999999995
1872,12,-1.189,0.752,-0.41,0.231,-0.422,0.144,-0.391,0.125,-0.356,0.1,8.18,281.33
1873,1,-0.699,0.737,-0.414,0.228,-0.429,0.146,-0.389,0.123,-0.362,0.099,8.176,281.32599999999996
1873,2,-0.055,0.803,-0.42,0.232,-0.43,0.146,-0.372,0.122,-0.368,0.098,8.17,281.32
1873,3,-0.525,0.546,-0.45,0.255,-0.441,0.148,-0.353,0.122,-0.366,0.097,8.14,281.28999999999996
1873,4,-0.867,0.555,-0.444,0.247,-0.444,0.147,-0.346,0.12,-0.368,0.097,8.145999999999999,281.296
1873,5,-0.317,0.435,-0.407,0.231,-0.459,0.142,-0.347,0.119,-0.37,0.097,8.183,281.33299999999997
1873,6,-0.045,0.413,-0.313,0.221,-0.45,0.141,-0.343,0.118,-0.369,0.098,8.277,281.42699999999996
1873,7,-0.052,0.395,-0.254,0.21,-0.437,0.135,-0.34,0.117,-0.369,0.098,8.336,281.486
1873,8,-0.07,0.381,-0.256,0.196,-0.417,0.128,-0.337,0.115,-0.369,0.098,8.334,281.484
1873,9,-0.547,0.536,-0.307,0.205,-0.415,0.127,-0.331,0.115,-0.367,0.098,8.283,281.433
1873,10,-0.066,0.36,-0.247,0.199,-0.417,0.126,-0.332,0.116,-0.364,0.098,8.343,281.493
1873,11,-0.435,0.482,-0.203,0.204,-0.419,0.124,-0.32,0.115,-0.367,0.098,8.387,281.537
1873,12,-0.066,0.617,-0.209,0.21,-0.419,0.121,-0.319,0.113,-0.366,0.098,8.381,281.53099999999995
1874,1,0.01,0.688,-0.221,0.22,-0.42,0.121,-0.317,0.112,-0.363,0.099,8.369,281.519
1874,2,-0.073,0.522,-0.219,0.231,-0.427,0.119,-0.326,0.111,-0.363,0.098,8.371,281.52099999999996
1874,3,-1.145,0.441,-0.167,0.235,-0.424,0.118,-0.318,0.111,-0.366,0.097,8.423,281.573
1874,4,-0.144,0.455,-0.166,0.238,-0.425,0.117,-0.319,0.109,-0.367,0.098,8.424,281.57399999999996
1874,5,0.215,0.633,-0.164,0.235,-0.421,0.117,-0.323,0.108,-0.371,0.098,8.426,281.57599999999996
1874,6,-0.12,0.398,-0.186,0.206,-0.433,0.116,-0.326,0.105,-0.375,0.098,8.404,281.554
1874,7,-0.197,0.459,-0.273,0.21,-0.425,0.117,-0.328,0.104,-0.378,0.098,8.317,281.467
1874,8,-0.047,0.424,-0.329,0.208,-0.416,0.114,-0.333,0.104,-0.378,0.099,8.261,281.411
1874,9,0.079,0.407,-0.318,0.218,-0.407,0.114,-0.34,0.104,-0.379,0.099,8.272,281.42199999999997
1874,10,-0.052,0.398,-0.367,0.214,-0.403,0.114,-0.337,0.105,-0.379,0.098,8.222999999999999,281.373
1874,11,-0.411,0.389,-0.425,0.194,-0.404,0.113,-0.339,0.106,-0.379,0.097,8.165,281.315
1874,12,-0.336,0.597,-0.433,0.193,-0.4,0.113,-0.341,0.104,-0.375,0.097,8.157,281.30699999999996
1875,1,-1.026,0.581,-0.427,0.185,-0.395,0.112,-0.342,0.104,-0.382,0.098,8.163,281.313
1875,2,-0.748,0.526,-0.462,0.18,-0.389,0.111,-0.342,0.102,-0.382,0.098,8.128,281.27799999999996
1875,3,-1.01,0.486,-0.532,0.181,-0.385,0.112,-0.342,0.1,-0.379,0.097,8.058,281.20799999999997
1875,4,-0.732,0.497,-0.576,0.185,-0.381,0.113,-0.345,0.099,-0.379,0.098,8.014,281.164
1875,5,-0.489,0.392,-0.664,0.188,-0.363,0.111,-0.347,0.098,-0.38,0.098,7.926,281.07599999999996
1875,6,-0.211,0.45,-0.709,0.218,-0.356,0.11,-0.352,0.099,-0.382,0.099,7.881,281.03099999999995
1875,7,-0.123,0.415,-0.671,0.223,-0.354,0.113,-0.356,0.1,-0.383,0.099,7.919,281.06899999999996
1875,8,-0.467,0.44,-0.645,0.236,-0.342,0.117,-0.354,0.101,-0.385,0.098,7.945,281.09499999999997
1875,9,-0.768,0.386,-0.598,0.229,-0.309,0.117,-0.358,0.102,-0.386,0.098,7.992,281.142
1875,10,-0.571,0.391,-0.542,0.218,-0.284,0.12,-0.359,0.102,-0.388,0.098,8.048,281.198
1875,11,-1.467,0.456,-0.551,0.225,-0.283,0.122,-0.356,0.099,-0.392,0.099,8.039,281.18899999999996
1875,12,-0.878,0.613,-0.558,0.213,-0.275,0.123,-0.348,0.098,-0.387,0.099,8.032,281.18199999999996
1876,1,-0.574,0.597,-0.551,0.208,-0.265,0.123,-0.338,0.095,-0.393,0.098,8.039,281.18899999999996
1876,2,-0.432,0.539,-0.544,0.205,-0.258,0.123,-0.329,0.091,-0.395,0.099,8.046,281.19599999999997
1876,3,-0.449,0.419,-0.505,0.211,-0.247,0.126,-0.326,0.091,-0.395,0.098,8.084999999999999,281.23499999999996
1876,4,-0.055,0.376,-0.475,0.211,-0.245,0.127,-0.326,0.091,-0.394,0.099,8.115,281.265
1876,5,-0.608,0.456,-0.433,0.21,-0.232,0.126,-0.322,0.09,-0.395,0.099,8.157,281.30699999999996
1876,6,-0.285,0.344,-0.485,0.185,-0.235,0.125,-0.326,0.089,-0.395,0.099,8.105,281.255
1876,7,-0.037,0.444,-0.477,0.185,-0.239,0.123,-0.327,0.089,-0.397,0.099,8.113,281.263
1876,8,-0.39,0.441,-0.464,0.189,-0.245,0.123,-0.328,0.089,-0.398,0.099,8.126,281.27599999999995
1876,9,-0.294,0.394,-0.423,0.183,-0.23,0.124,-0.327,0.089,-0.398,0.1,8.167,281.31699999999995
1876,10,-0.215,0.384,-0.443,0.183,-0.237,0.122,-0.329,0.089,-0.398,0.1,8.147,281.29699999999997
1876,11,-0.966,0.47,-0.404,0.18,-0.248,0.119,-0.325,0.088,-0.401,0.1,8.186,281.33599999999996
1876,12,-1.494,0.431,-0.391,0.178,-0.25,0.119,-0.321,0.088,-0.403,0.1,8.199,281.349
1877,1,-0.48,0.599,-0.362,0.179,-0.248,0.118,-0.309,0.089,-0.409,0.099,8.228,281.378
1877,2,-0.277,0.662,-0.302,0.173,-0.257,0.118,-0.301,0.088,-0.411,0.098,8.288,281.438
1877,3,0.046,0.396,-0.27,0.178,-0.268,0.119,-0.299,0.087,-0.41,0.097,8.32,281.46999999999997
1877,4,-0.294,0.446,-0.244,0.184,-0.265,0.121,-0.3,0.087,-0.411,0.097,8.346,281.496
1877,5,-0.143,0.552,-0.145,0.187,-0.268,0.12,-0.303,0.089,-0.41,0.097,8.445,281.59499999999997
1877,6,-0.137,0.329,-0.085,0.184,-0.281,0.119,-0.305,0.089,-0.413,0.098,8.504999999999999,281.655
1877,7,0.318,0.434,-0.095,0.18,-0.276,0.123,-0.31,0.089,-0.414,0.097,8.495,281.645
1877,8,0.33,0.473,-0.015,0.178,-0.285,0.123,-0.312,0.09,-0.416,0.098,8.575,281.72499999999997
1877,9,0.093,0.422,0.1,0.182,-0.281,0.12,-0.313,0.09,-0.417,0.098,8.69,281.84
1877,10,0.097,0.398,0.179,0.179,-0.283,0.116,-0.317,0.09,-0.419,0.098,8.769,281.919
1877,11,0.219,0.427,0.17,0.183,-0.28,0.118,-0.319,0.088,-0.425,0.098,8.76,281.90999999999997
1877,12,-0.779,0.499,0.215,0.185,-0.281,0.118,-0.32,0.087,-0.428,0.097,8.805,281.955
1878,1,-0.598,0.556,0.235,0.185,-0.283,0.118,-0.322,0.088,-0.427,0.096,8.825,281.97499999999997
1878,2,0.68,0.632,0.236,0.199,-0.277,0.12,-0.332,0.087,-0.426,0.096,8.826,281.976
1878,3,1.429,0.398,0.239,0.197,-0.275,0.121,-0.33,0.087,-0.426,0.096,8.829,281.979
1878,4,0.653,0.418,0.236,0.2,-0.274,0.12,-0.327,0.088,-0.427,0.095,8.826,281.976
1878,5,-0.25,0.406,0.247,0.203,-0.253,0.118,-0.328,0.089,-0.429,0.094,8.837,281.98699999999997
1878,6,0.41,0.367,0.292,0.204,-0.247,0.112,-0.329,0.09,-0.431,0.094,8.882,282.032
1878,7,0.556,0.378,0.323,0.193,-0.238,0.11,-0.331,0.09,-0.432,0.093,8.913,282.063
1878,8,0.333,0.465,0.229,0.185,-0.24,0.109,-0.335,0.09,-0.433,0.093,8.818999999999999,281.969
1878,9,0.138,0.353,0.087,0.18,-0.236,0.108,-0.336,0.091,-0.432,0.093,8.677,281.827
1878,10,0.058,0.377,-0.011,0.182,-0.234,0.11,-0.338,0.091,-0.433,0.093,8.579,281.729
1878,11,0.351,0.414,-0.028,0.178,-0.225,0.11,-0.343,0.09,-0.429,0.092,8.562,281.712
1878,12,-0.238,0.47,-0.082,0.177,-0.232,0.109,-0.345,0.089,-0.429,0.092,8.508,281.65799999999996
1879,1,-0.226,0.501,-0.138,0.183,-0.235,0.11,-0.348,0.089,-0.43,0.091,8.452,281.602
1879,2,-0.448,0.492,-0.212,0.186,-0.229,0.11,-0.352,0.088,-0.431,0.09,8.378,281.52799999999996
1879,3,-0.272,0.509,-0.272,0.185,-0.23,0.111,-0.353,0.087,-0.425,0.089,8.318,281.46799999999996
1879,4,-0.527,0.441,-0.267,0.186,-0.232,0.111,-0.361,0.087,-0.423,0.088,8.323,281.47299999999996
1879,5,-0.455,0.383,-0.344,0.172,-0.228,0.111,-0.372,0.085,-0.423,0.088,8.246,281.39599999999996
1879,6,-0.237,0.413,-0.417,0.174,-0.209,0.11,-0.378,0.085,-0.424,0.087,8.173,281.323
1879,7,-0.112,0.383,-0.462,0.178,-0.193,0.111,-0.382,0.084,-0.425,0.086,8.128,281.27799999999996
1879,8,-0.555,0.424,-0.528,0.17,-0.187,0.112,-0.386,0.084,-0.427,0.086,8.062,281.212
1879,9,-0.585,0.38,-0.574,0.17,-0.192,0.109,-0.393,0.084,-0.43,0.086,8.016,281.166
1879,10,0.119,0.41,-0.601,0.169,-0.197,0.108,-0.398,0.084,-0.43,0.087,7.989,281.13899999999995
1879,11,-0.576,0.392,-0.584,0.182,-0.202,0.11,-0.402,0.083,-0.433,0.087,8.006,281.15599999999995
1879,12,-1.112,0.493,-0.591,0.198,-0.21,0.109,-0.403,0.083,-0.431,0.086,7.999,281.149
1880,1,-0.768,0.567,-0.6,0.201,-0.226,0.109,-0.406,0.084,-0.432,0.085,7.99,281.14
1880,2,-1.241,0.467,-0.565,0.21,-0.235,0.109,-0.407,0.085,-0.429,0.083,8.025,281.17499999999995
1880,3,-0.819,0.465,-0.569,0.214,-0.24,0.11,-0.403,0.085,-0.43,0.082,8.021,281.171
1880,4,-0.854,0.478,-0.62,0.23,-0.254,0.108,-0.404,0.083,-0.43,0.081,7.97,281.12
1880,5,-0.256,0.48,-0.592,0.228,-0.275,0.107,-0.406,0.084,-0.434,0.08,7.998,281.14799999999997
1880,6,-0.311,0.414,-0.539,0.223,-0.284,0.104,-0.41,0.084,-0.438,0.08,8.051,281.20099999999996
1880,7,-0.227,0.435,-0.482,0.232,-0.29,0.103,-0.412,0.083,-0.44,0.079,8.108,281.258
1880,8,-0.134,0.476,-0.423,0.234,-0.322,0.104,-0.412,0.083,-0.441,0.079,8.167,281.31699999999995
1880,9,-0.628,0.355,-0.373,0.228,-0.35,0.104,-0.411,0.083,-0.442,0.079,8.217,281.36699999999996
1880,10,-0.492,0.441,-0.294,0.216,-0.371,0.105,-0.41,0.084,-0.441,0.079,8.296,281.44599999999997
1880,11,-0.245,0.393,-0.279,0.206,-0.374,0.103,-0.403,0.083,-0.443,0.077,8.311,281.46099999999996
1880,12,-0.477,0.428,-0.314,0.192,-0.382,0.104,-0.395,0.082,-0.439,0.076,8.276,281.426
1881,1,-0.078,0.684,-0.309,0.192,-0.397,0.105,-0.399,0.082,-0.438,0.075,8.281,281.431
1881,2,-0.533,0.473,-0.302,0.178,-0.412,0.107,-0.406,0.082,-0.436,0.073,8.288,281.438
1881,3,-0.222,0.411,-0.279,0.178,-0.426,0.106,-0.411,0.081,-0.436,0.072,8.311,281.46099999999996
1881,4,0.087,0.418,-0.267,0.169,-0.431,0.108,-0.413,0.082,-0.439,0.072,8.323,281.47299999999996
1881,5,-0.073,0.394,-0.308,0.164,-0.455,0.108,-0.413,0.082,-0.439,0.071,8.282,281.43199999999996
1881,6,-0.725,0.361,-0.298,0.164,-0.456,0.11,-0.415,0.081,-0.44,0.07,8.292,281.44199999999995
1881,7,-0.167,0.416,-0.249,0.158,-0.457,0.11,-0.416,0.08,-0.441,0.07,8.341,281.491
1881,8,-0.052,0.39,-0.197,0.159,-0.459,0.108,-0.417,0.081,-0.443,0.069,8.393,281.543
1881,9,-0.354,0.355,-0.201,0.163,-0.476,0.106,-0.418,0.083,-0.443,0.069,8.389,281.539
1881,10,-0.346,0.32,-0.26,0.166,-0.485,0.107,-0.421,0.083,-0.444,0.069,8.33,281.47999999999996
1881,11,-0.741,0.517,-0.288,0.173,-0.496,0.109,-0.42,0.083,-0.443,0.069,8.302,281.452
1881,12,-0.353,0.44,-0.281,0.182,-0.507,0.113,-0.408,0.083,-0.44,0.069,8.309,281.459
1882,1,0.512,0.495,-0.319,0.182,-0.516,0.113,-0.418,0.082,-0.438,0.069,8.270999999999999,281.421
1882,2,0.089,0.544,-0.33,0.185,-0.515,0.113,-0.424,0.083,-0.436,0.069,8.26,281.40999999999997
1882,3,-0.269,0.389,-0.322,0.186,-0.518,0.113,-0.43,0.082,-0.438,0.069,8.268,281.418
1882,4,-0.619,0.33,-0.351,0.185,-0.531,0.113,-0.431,0.082,-0.439,0.068,8.239,281.38899999999995
1882,5,-0.417,0.41,-0.376,0.183,-0.536,0.112,-0.434,0.085,-0.441,0.068,8.214,281.364
1882,6,-0.643,0.38,-0.459,0.182,-0.526,0.112,-0.438,0.085,-0.44,0.068,8.131,281.28099999999995
1882,7,-0.612,0.341,-0.582,0.188,-0.536,0.113,-0.443,0.086,-0.442,0.068,8.008,281.15799999999996
1882,8,-0.187,0.381,-0.691,0.18,-0.53,0.113,-0.452,0.087,-0.444,0.069,7.899,281.049
1882,9,-0.26,0.353,-0.69,0.171,-0.525,0.112,-0.455,0.086,-0.444,0.068,7.9,281.04999999999995
1882,10,-0.694,0.283,-0.688,0.162,-0.525,0.111,-0.46,0.085,-0.444,0.068,7.902,281.05199999999996
1882,11,-1.043,0.441,-0.691,0.152,-0.532,0.111,-0.466,0.086,-0.445,0.067,7.899,281.049
1882,12,-1.348,0.383,-0.644,0.153,-0.539,0.11,-0.465,0.087,-0.443,0.067,7.946,281.096
1883,1,-0.968,0.487,-0.621,0.146,-0.54,0.109,-0.465,0.087,-0.448,0.067,7.968999999999999,281.11899999999997
1883,2,-1.222,0.558,-0.654,0.148,-0.547,0.109,-0.479,0.087,-0.454,0.067,7.936,281.08599999999996
1883,3,-0.257,0.338,-0.687,0.152,-0.546,0.11,-0.498,0.088,-0.453,0.067,7.903,281.053
1883,4,-0.584,0.368,-0.65,0.158,-0.546,0.109,-0.508,0.087,-0.451,0.067,7.9399999999999995,281.09
1883,5,-0.46,0.369,-0.656,0.153,-0.553,0.108,-0.511,0.087,-0.452,0.067,7.934,281.084
1883,6,-0.083,0.367,-0.567,0.167,-0.543,0.106,-0.519,0.087,-0.453,0.067,8.023,281.173
1883,7,-0.33,0.428,-0.512,0.164,-0.559,0.106,-0.524,0.088,-0.453,0.067,8.078,281.22799999999995
1883,8,-0.584,0.375,-0.455,0.159,-0.572,0.108,-0.529,0.089,-0.454,0.067,8.135,281.28499999999997
1883,9,-0.657,0.312,-0.542,0.16,-0.585,0.11,-0.533,0.088,-0.453,0.067,8.048,281.198
1883,10,-0.247,0.352,-0.582,0.163,-0.592,0.112,-0.533,0.087,-0.453,0.067,8.008,281.15799999999996
1883,11,-1.113,0.352,-0.639,0.169,-0.6,0.113,-0.538,0.088,-0.452,0.067,7.951,281.101
1883,12,-0.28,0.453,-0.705,0.164,-0.598,0.113,-0.538,0.088,-0.454,0.066,7.885,281.03499999999997
1884,1,-0.313,0.421,-0.732,0.159,-0.597,0.114,-0.542,0.088,-0.457,0.066,7.858,281.008
1884,2,-0.537,0.434,-0.724,0.158,-0.605,0.117,-0.535,0.087,-0.458,0.066,7.866,281.01599999999996
1884,3,-1.298,0.37,-0.732,0.155,-0.606,0.118,-0.533,0.086,-0.454,0.066,7.858,281.008
1884,4,-1.068,0.319,-0.767,0.149,-0.611,0.118,-0.526,0.087,-0.456,0.065,7.8229999999999995,280.97299999999996
1884,5,-1.137,0.351,-0.75,0.143,-0.612,0.115,-0.523,0.087,-0.458,0.064,7.84,280.98999999999995
1884,6,-0.881,0.316,-0.769,0.142,-0.607,0.114,-0.522,0.088,-0.46,0.064,7.821,280.971
1884,7,-0.659,0.343,-0.858,0.148,-0.642,0.11,-0.522,0.089,-0.46,0.064,7.732,280.882
1884,8,-0.483,0.385,-0.883,0.156,-0.661,0.106,-0.52,0.089,-0.461,0.064,7.707,280.85699999999997
1884,9,-0.752,0.376,-0.821,0.157,-0.667,0.104,-0.519,0.09,-0.463,0.064,7.769,280.919
1884,10,-0.671,0.293,-0.8,0.158,-0.664,0.105,-0.524,0.089,-0.463,0.063,7.79,280.94
1884,11,-0.898,0.371,-0.765,0.165,-0.665,0.105,-0.528,0.089,-0.464,0.063,7.825,280.97499999999997
1884,12,-0.514,0.511,-0.753,0.174,-0.665,0.105,-0.522,0.089,-0.464,0.064,7.837,280.98699999999997
1885,1,-1.378,0.48,-0.721,0.181,-0.659,0.106,-0.521,0.089,-0.465,0.064,7.869,281.019
1885,2,-0.843,0.43,-0.723,0.183,-0.669,0.107,-0.516,0.088,-0.467,0.064,7.867,281.017
1885,3,-0.549,0.37,-0.711,0.186,-0.67,0.105,-0.518,0.087,-0.465,0.064,7.879,281.029
1885,4,-0.822,0.369,-0.693,0.189,-0.667,0.105,-0.515,0.087,-0.462,0.064,7.897,281.04699999999997
1885,5,-0.71,0.483,-0.675,0.192,-0.657,0.103,-0.521,0.085,-0.462,0.064,7.915,281.065
1885,6,-0.735,0.459,-0.621,0.193,-0.646,0.105,-0.523,0.084,-0.462,0.065,7.968999999999999,281.11899999999997
1885,7,-0.277,0.43,-0.595,0.188,-0.641,0.106,-0.524,0.083,-0.463,0.064,7.995,281.145
1885,8,-0.512,0.376,-0.634,0.181,-0.637,0.107,-0.528,0.082,-0.462,0.064,7.9559999999999995,281.106
1885,9,-0.606,0.368,-0.672,0.179,-0.647,0.108,-0.527,0.082,-0.46,0.064,7.918,281.068
1885,10,-0.46,0.437,-0.632,0.174,-0.644,0.105,-0.523,0.082,-0.458,0.064,7.958,281.108
1885,11,-0.682,0.384,-0.618,0.161,-0.647,0.107,-0.53,0.081,-0.453,0.064,7.9719999999999995,281.12199999999996
1885,12,0.133,0.37,-0.609,0.144,-0.655,0.106,-0.531,0.08,-0.45,0.063,7.981,281.131
1886,1,-1.062,0.438,-0.591,0.143,-0.651,0.106,-0.537,0.081,-0.449,0.064,7.999,281.149
1886,2,-1.311,0.416,-0.593,0.147,-0.646,0.105,-0.543,0.081,-0.448,0.064,7.997,281.147
1886,3,-1.007,0.298,-0.579,0.15,-0.64,0.104,-0.545,0.082,-0.451,0.064,8.011,281.161
1886,4,-0.34,0.346,-0.592,0.15,-0.636,0.103,-0.552,0.082,-0.455,0.064,7.998,281.14799999999997
1886,5,-0.536,0.377,-0.603,0.156,-0.622,0.104,-0.555,0.082,-0.454,0.064,7.987,281.137
1886,6,-0.629,0.273,-0.617,0.158,-0.621,0.102,-0.554,0.082,-0.453,0.063,7.973,281.123
1886,7,-0.064,0.37,-0.664,0.157,-0.627,0.103,-0.556,0.081,-0.453,0.062,7.926,281.07599999999996
1886,8,-0.536,0.43,-0.639,0.145,-0.612,0.104,-0.558,0.081,-0.452,0.063,7.951,281.101
1886,9,-0.44,0.398,-0.61,0.151,-0.589,0.104,-0.558,0.081,-0.452,0.063,7.9799999999999995,281.13
1886,10,-0.615,0.284,-0.62,0.147,-0.566,0.104,-0.56,0.081,-0.45,0.063,7.97,281.12
1886,11,-0.811,0.36,-0.614,0.157,-0.549,0.104,-0.561,0.079,-0.449,0.063,7.976,281.126
1886,12,-0.035,0.353,-0.614,0.166,-0.537,0.103,-0.558,0.078,-0.444,0.063,7.976,281.126
1887,1,-1.63,0.418,-0.631,0.164,-0.527,0.103,-0.567,0.077,-0.445,0.064,7.959,281.109
1887,2,-1.008,0.359,-0.651,0.158,-0.525,0.102,-0.571,0.076,-0.447,0.065,7.939,281.089
1887,3,-0.665,0.366,-0.641,0.152,-0.521,0.102,-0.576,0.076,-0.451,0.065,7.949,281.099
1887,4,-0.451,0.322,-0.632,0.146,-0.517,0.102,-0.577,0.075,-0.45,0.065,7.958,281.108
1887,5,-0.473,0.412,-0.603,0.141,-0.519,0.102,-0.579,0.074,-0.448,0.066,7.987,281.137
1887,6,-0.625,0.347,-0.658,0.141,-0.518,0.1,-0.575,0.074,-0.449,0.066,7.9319999999999995,281.082
1887,7,-0.267,0.391,-0.574,0.152,-0.506,0.098,-0.573,0.074,-0.45,0.066,8.016,281.166
1887,8,-0.781,0.406,-0.573,0.152,-0.503,0.094,-0.575,0.074,-0.452,0.066,8.017,281.167
1887,9,-0.311,0.305,-0.589,0.154,-0.511,0.092,-0.576,0.073,-0.453,0.066,8.001,281.15099999999995
1887,10,-0.508,0.284,-0.588,0.152,-0.506,0.091,-0.57,0.073,-0.454,0.065,8.002,281.152
1887,11,-0.469,0.391,-0.602,0.144,-0.509,0.089,-0.571,0.071,-0.456,0.066,7.9879999999999995,281.138
1887,12,-0.695,0.346,-0.595,0.137,-0.507,0.087,-0.565,0.073,-0.454,0.066,7.995,281.145
1888,1,-0.623,0.502,-0.579,0.136,-0.508,0.085,-0.574,0.073,-0.451,0.067,8.011,281.161
1888,2,-0.992,0.353,-0.539,0.135,-0.509,0.085,-0.576,0.074,-0.457,0.067,8.051,281.20099999999996
1888,3,-0.859,0.29,-0.537,0.135,-0.507,0.084,-0.577,0.074,-0.469,0.067,8.052999999999999,281.203
1888,4,-0.442,0.392,-0.497,0.135,-0.5,0.084,-0.574,0.073,-0.473,0.068,8.093,281.243
1888,5,-0.634,0.419,-0.477,0.138,-0.506,0.083,-0.575,0.074,-0.474,0.068,8.113,281.263
1888,6,-0.548,0.372,-0.439,0.141,-0.519,0.082,-0.577,0.073,-0.476,0.068,8.151,281.301
1888,7,-0.071,0.347,-0.444,0.142,-0.515,0.083,-0.574,0.074,-0.479,0.068,8.145999999999999,281.296
1888,8,-0.296,0.362,-0.331,0.144,-0.515,0.082,-0.572,0.073,-0.482,0.069,8.259,281.409
1888,9,-0.286,0.321,-0.253,0.138,-0.506,0.082,-0.569,0.073,-0.484,0.069,8.337,281.48699999999997
1888,10,-0.029,0.276,-0.191,0.133,-0.511,0.081,-0.568,0.073,-0.486,0.069,8.399,281.549
1888,11,-0.234,0.336,-0.148,0.127,-0.51,0.082,-0.56,0.073,-0.49,0.069,8.442,281.592
1888,12,-0.24,0.4,-0.113,0.127,-0.509,0.082,-0.562,0.072,-0.49,0.07,8.477,281.62699999999995
1889,1,-0.682,0.444,-0.114,0.127,-0.515,0.08,-0.566,0.071,-0.488,0.07,8.475999999999999,281.626
1889,2,0.367,0.363,-0.121,0.13,-0.512,0.078,-0.564,0.071,-0.49,0.07,8.469,281.61899999999997
1889,3,0.075,0.324,-0.136,0.135,-0.51,0.076,-0.555,0.071,-0.491,0.07,8.454,281.604
1889,4,0.301,0.306,-0.17,0.137,-0.509,0.076,-0.551,0.071,-0.489,0.071,8.42,281.57
1889,5,-0.116,0.334,-0.236,0.142,-0.511,0.075,-0.544,0.071,-0.488,0.071,8.354,281.50399999999996
1889,6,-0.124,0.29,-0.254,0.14,-0.509,0.074,-0.541,0.072,-0.489,0.072,8.336,281.486
1889,7,-0.085,0.366,-0.253,0.135,-0.491,0.075,-0.537,0.072,-0.489,0.072,8.337,281.48699999999997
1889,8,-0.387,0.376,-0.339,0.133,-0.481,0.076,-0.536,0.072,-0.487,0.072,8.251,281.40099999999995
1889,9,-0.459,0.328,-0.432,0.125,-0.486,0.076,-0.533,0.071,-0.484,0.072,8.158,281.308
1889,10,-0.439,0.27,-0.499,0.121,-0.49,0.076,-0.528,0.071,-0.484,0.072,8.091,281.241
1889,11,-1.024,0.302,-0.563,0.121,-0.492,0.075,-0.526,0.071,-0.479,0.073,8.027,281.17699999999996
1889,12,-0.456,0.309,-0.605,0.118,-0.485,0.075,-0.525,0.069,-0.477,0.074,7.984999999999999,281.135
1890,1,-0.673,0.351,-0.626,0.118,-0.487,0.076,-0.524,0.068,-0.478,0.074,7.9639999999999995,281.114
1890,2,-0.664,0.372,-0.643,0.117,-0.481,0.075,-0.526,0.068,-0.473,0.075,7.947,281.097
1890,3,-1.037,0.34,-0.643,0.116,-0.482,0.075,-0.527,0.068,-0.469,0.076,7.947,281.097
1890,4,-0.504,0.311,-0.608,0.117,-0.473,0.076,-0.521,0.068,-0.465,0.076,7.982,281.132
1890,5,-0.885,0.344,-0.613,0.116,-0.485,0.074,-0.518,0.068,-0.463,0.076,7.977,281.12699999999995
1890,6,-0.637,0.286,-0.626,0.121,-0.484,0.075,-0.514,0.068,-0.462,0.075,7.9639999999999995,281.114
1890,7,-0.334,0.353,-0.642,0.113,-0.507,0.074,-0.513,0.068,-0.462,0.075,7.9479999999999995,281.09799999999996
1890,8,-0.586,0.356,-0.692,0.117,-0.516,0.074,-0.512,0.068,-0.462,0.075,7.898,281.048
1890,9,-0.462,0.29,-0.644,0.119,-0.506,0.074,-0.509,0.068,-0.459,0.076,7.946,281.096
1890,10,-0.02,0.256,-0.656,0.118,-0.504,0.075,-0.506,0.068,-0.455,0.076,7.934,281.084
1890,11,-1.078,0.312,-0.624,0.122,-0.502,0.076,-0.502,0.067,-0.456,0.076,7.966,281.116
1890,12,-0.621,0.417,-0.619,0.118,-0.498,0.078,-0.505,0.067,-0.453,0.076,7.971,281.121
1891,1,-0.857,0.419,-0.623,0.122,-0.497,0.079,-0.498,0.067,-0.454,0.077,7.967,281.11699999999996
1891,2,-1.263,0.443,-0.606,0.127,-0.498,0.079,-0.491,0.066,-0.452,0.078,7.984,281.13399999999996
1891,3,-0.464,0.343,-0.595,0.122,-0.498,0.08,-0.491,0.066,-0.45,0.079,7.995,281.145
1891,4,-0.649,0.281,-0.637,0.116,-0.499,0.08,-0.496,0.066,-0.449,0.079,7.952999999999999,281.10299999999995
1891,5,-0.499,0.324,-0.627,0.113,-0.499,0.081,-0.495,0.067,-0.449,0.079,7.963,281.113
1891,6,-0.582,0.298,-0.568,0.111,-0.503,0.079,-0.49,0.067,-0.446,0.079,8.022,281.17199999999997
1891,7,-0.384,0.328,-0.543,0.111,-0.505,0.078,-0.49,0.066,-0.446,0.079,8.047,281.197
1891,8,-0.376,0.349,-0.47,0.117,-0.516,0.078,-0.487,0.066,-0.446,0.078,8.12,281.27
1891,9,-0.335,0.284,-0.511,0.124,-0.52,0.078,-0.485,0.065,-0.445,0.078,8.079,281.229
1891,10,-0.524,0.288,-0.516,0.123,-0.535,0.078,-0.478,0.065,-0.444,0.078,8.074,281.224
1891,11,-0.952,0.311,-0.525,0.13,-0.538,0.079,-0.478,0.065,-0.442,0.077,8.065,281.215
1891,12,0.082,0.273,-0.492,0.13,-0.545,0.079,-0.48,0.066,-0.441,0.077,8.097999999999999,281.248
1892,1,-0.553,0.351,-0.494,0.137,-0.548,0.078,-0.472,0.068,-0.443,0.076,8.096,281.246
1892,2,-0.386,0.328,-0.498,0.141,-0.546,0.077,-0.469,0.069,-0.441,0.076,8.092,281.24199999999996
1892,3,-0.958,0.336,-0.501,0.139,-0.546,0.076,-0.472,0.069,-0.442,0.076,8.089,281.239
1892,4,-0.708,0.297,-0.455,0.131,-0.54,0.075,-0.468,0.07,-0.441,0.076,8.135,281.28499999999997
1892,5,-0.61,0.361,-0.473,0.121,-0.533,0.074,-0.463,0.069,-0.441,0.075,8.116999999999999,281.267
1892,6,-0.18,0.345,-0.535,0.123,-0.532,0.072,-0.459,0.069,-0.439,0.075,8.055,281.205
1892,7,-0.411,0.358,-0.656,0.121,-0.542,0.07,-0.458,0.069,-0.437,0.075,7.934,281.084
1892,8,-0.422,0.356,-0.747,0.123,-0.549,0.071,-0.453,0.068,-0.437,0.075,7.843,280.993
1892,9,-0.369,0.277,-0.692,0.122,-0.542,0.073,-0.451,0.068,-0.437,0.075,7.898,281.048
1892,10,0.029,0.245,-0.657,0.116,-0.535,0.074,-0.447,0.069,-0.436,0.075,7.933,281.08299999999997
1892,11,-1.168,0.336,-0.65,0.116,-0.526,0.076,-0.446,0.068,-0.435,0.075,7.9399999999999995,281.09
1892,12,-0.665,0.475,-0.663,0.119,-0.522,0.077,-0.444,0.068,-0.434,0.076,7.927,281.077
1893,1,-2.004,0.336,-0.629,0.117,-0.519,0.077,-0.436,0.069,-0.43,0.076,7.961,281.111
1893,2,-1.484,0.286,-0.625,0.119,-0.514,0.077,-0.434,0.07,-0.423,0.077,7.965,281.11499999999995
1893,3,-0.298,0.233,-0.616,0.12,-0.511,0.078,-0.44,0.071,-0.424,0.077,7.974,281.12399999999997
1893,4,-0.283,0.294,-0.625,0.125,-0.512,0.078,-0.439,0.072,-0.423,0.078,7.965,281.11499999999995
1893,5,-0.525,0.32,-0.545,0.134,-0.499,0.079,-0.437,0.072,-0.423,0.078,8.045,281.195
1893,6,-0.345,0.365,-0.53,0.118,-0.491,0.077,-0.433,0.073,-0.425,0.078,8.06,281.21
1893,7,0.005,0.346,-0.431,0.122,-0.481,0.078,-0.434,0.074,-0.425,0.078,8.159,281.30899999999997
1893,8,-0.372,0.347,-0.331,0.135,-0.467,0.08,-0.435,0.074,-0.425,0.077,8.259,281.409
1893,9,-0.268,0.304,-0.322,0.14,-0.476,0.082,-0.435,0.074,-0.425,0.078,8.268,281.418
1893,10,-0.083,0.273,-0.348,0.14,-0.481,0.083,-0.438,0.075,-0.425,0.077,8.241999999999999,281.392
1893,11,-0.207,0.232,-0.33,0.138,-0.479,0.084,-0.442,0.076,-0.423,0.078,8.26,281.40999999999997
1893,12,-0.482,0.279,-0.347,0.132,-0.471,0.083,-0.441,0.076,-0.425,0.077,8.243,281.393
1894,1,-0.817,0.338,-0.367,0.13,-0.466,0.082,-0.435,0.076,-0.427,0.077,8.222999999999999,281.373
1894,2,-0.285,0.361,-0.361,0.129,-0.462,0.083,-0.444,0.076,-0.428,0.077,8.229,281.37899999999996
1894,3,-0.181,0.303,-0.376,0.125,-0.46,0.083,-0.45,0.076,-0.426,0.077,8.214,281.364
1894,4,-0.605,0.316,-0.375,0.121,-0.448,0.081,-0.452,0.077,-0.424,0.078,8.215,281.36499999999995
1894,5,-0.303,0.315,-0.407,0.122,-0.444,0.082,-0.453,0.078,-0.421,0.077,8.183,281.33299999999997
1894,6,-0.556,0.344,-0.402,0.117,-0.451,0.082,-0.455,0.078,-0.419,0.077,8.188,281.33799999999997
1894,7,-0.23,0.348,-0.437,0.121,-0.452,0.084,-0.456,0.077,-0.419,0.077,8.153,281.303
1894,8,-0.298,0.348,-0.505,0.12,-0.458,0.083,-0.453,0.076,-0.418,0.077,8.084999999999999,281.23499999999996
1894,9,-0.453,0.27,-0.543,0.125,-0.458,0.084,-0.449,0.075,-0.418,0.077,8.047,281.197
1894,10,-0.064,0.225,-0.5,0.125,-0.446,0.085,-0.444,0.075,-0.417,0.077,8.09,281.23999999999995
1894,11,-0.592,0.343,-0.504,0.128,-0.434,0.085,-0.431,0.075,-0.413,0.077,8.086,281.236
1894,12,-0.417,0.278,-0.486,0.133,-0.434,0.086,-0.432,0.077,-0.412,0.076,8.104,281.25399999999996
1895,1,-1.238,0.349,-0.48,0.133,-0.428,0.085,-0.435,0.078,-0.407,0.076,8.11,281.26
1895,2,-1.103,0.337,-0.481,0.14,-0.424,0.084,-0.429,0.08,-0.409,0.076,8.109,281.25899999999996
1895,3,-0.641,0.276,-0.464,0.144,-0.42,0.083,-0.419,0.082,-0.409,0.076,8.126,281.27599999999995
1895,4,-0.087,0.326,-0.468,0.147,-0.42,0.084,-0.415,0.083,-0.408,0.077,8.122,281.272
1895,5,-0.35,0.345,-0.442,0.15,-0.407,0.085,-0.406,0.084,-0.406,0.076,8.148,281.298
1895,6,-0.339,0.309,-0.422,0.149,-0.403,0.084,-0.401,0.084,-0.404,0.076,8.168,281.318
1895,7,-0.159,0.385,-0.338,0.138,-0.365,0.089,-0.4,0.085,-0.404,0.077,8.252,281.402
1895,8,-0.307,0.356,-0.28,0.135,-0.353,0.091,-0.395,0.086,-0.403,0.077,8.31,281.46
1895,9,-0.258,0.29,-0.312,0.132,-0.373,0.093,-0.392,0.087,-0.402,0.077,8.278,281.428
1895,10,-0.111,0.24,-0.384,0.124,-0.375,0.094,-0.388,0.087,-0.401,0.077,8.206,281.356
1895,11,-0.271,0.278,-0.387,0.117,-0.373,0.093,-0.381,0.089,-0.398,0.077,8.203,281.35299999999995
1895,12,-0.18,0.264,-0.367,0.11,-0.367,0.093,-0.375,0.089,-0.399,0.077,8.222999999999999,281.373
1896,1,-0.239,0.305,-0.358,0.109,-0.372,0.094,-0.371,0.091,-0.397,0.077,8.232,281.38199999999995
1896,2,-0.407,0.332,-0.348,0.11,-0.371,0.095,-0.361,0.092,-0.395,0.077,8.241999999999999,281.392
1896,3,-1.024,0.263,-0.345,0.114,-0.372,0.096,-0.355,0.094,-0.392,0.077,8.245,281.395
1896,4,-0.951,0.297,-0.316,0.116,-0.378,0.096,-0.347,0.094,-0.389,0.077,8.274,281.424
1896,5,-0.388,0.328,-0.356,0.117,-0.385,0.098,-0.344,0.095,-0.387,0.077,8.234,281.38399999999996
1896,6,-0.094,0.295,-0.367,0.126,-0.379,0.099,-0.339,0.094,-0.385,0.077,8.222999999999999,281.373
1896,7,-0.052,0.339,-0.4,0.139,-0.365,0.1,-0.336,0.094,-0.385,0.077,8.19,281.34
1896,8,-0.184,0.348,-0.426,0.144,-0.373,0.101,-0.333,0.094,-0.384,0.077,8.164,281.31399999999996
1896,9,-0.22,0.302,-0.422,0.143,-0.38,0.102,-0.331,0.094,-0.383,0.077,8.168,281.318
1896,10,0.238,0.225,-0.343,0.14,-0.369,0.105,-0.329,0.093,-0.381,0.077,8.247,281.397
1896,11,-0.754,0.299,-0.3,0.137,-0.367,0.105,-0.322,0.093,-0.38,0.077,8.29,281.44
1896,12,-0.319,0.327,-0.305,0.14,-0.365,0.105,-0.324,0.092,-0.379,0.077,8.285,281.435
1897,1,-0.628,0.413,-0.307,0.14,-0.363,0.105,-0.319,0.092,-0.375,0.077,8.283,281.433
1897,2,-0.72,0.268,-0.308,0.14,-0.36,0.105,-0.312,0.092,-0.375,0.078,8.282,281.43199999999996
1897,3,-0.971,0.268,-0.301,0.138,-0.352,0.105,-0.308,0.092,-0.375,0.079,8.289,281.43899999999996
1897,4,-0.009,0.284,-0.318,0.146,-0.348,0.104,-0.304,0.093,-0.376,0.079,8.272,281.42199999999997
1897,5,0.128,0.303,-0.287,0.154,-0.33,0.106,-0.302,0.093,-0.378,0.079,8.302999999999999,281.453
1897,6,-0.155,0.298,-0.292,0.145,-0.332,0.109,-0.302,0.093,-0.378,0.079,8.298,281.448
1897,7,-0.072,0.383,-0.22,0.149,-0.328,0.111,-0.3,0.093,-0.379,0.078,8.37,281.52
1897,8,-0.203,0.367,-0.223,0.149,-0.31,0.114,-0.299,0.093,-0.378,0.078,8.366999999999999,281.517
1897,9,-0.128,0.323,-0.266,0.153,-0.296,0.114,-0.299,0.093,-0.378,0.078,8.324,281.474
1897,10,0.035,0.334,-0.3,0.154,-0.295,0.115,-0.303,0.093,-0.376,0.078,8.29,281.44
1897,11,-0.386,0.315,-0.342,0.147,-0.286,0.114,-0.3,0.094,-0.378,0.078,8.248,281.39799999999997
1897,12,-0.383,0.275,-0.332,0.139,-0.281,0.112,-0.302,0.093,-0.377,0.078,8.258,281.40799999999996
1898,1,0.245,0.437,-0.347,0.146,-0.281,0.113,-0.286,0.095,-0.376,0.078,8.243,281.393
1898,2,-0.755,0.259,-0.355,0.147,-0.276,0.113,-0.27,0.096,-0.373,0.079,8.235,281.385
1898,3,-1.493,0.267,-0.373,0.157,-0.274,0.114,-0.271,0.097,-0.374,0.079,8.217,281.36699999999996
1898,4,-0.414,0.311,-0.412,0.16,-0.264,0.116,-0.272,0.098,-0.374,0.08,8.177999999999999,281.328
1898,5,-0.373,0.353,-0.431,0.167,-0.264,0.117,-0.271,0.098,-0.372,0.08,8.159,281.30899999999997
1898,6,-0.037,0.344,-0.411,0.173,-0.26,0.119,-0.273,0.097,-0.37,0.08,8.179,281.32899999999995
1898,7,-0.253,0.367,-0.429,0.172,-0.262,0.122,-0.276,0.097,-0.371,0.08,8.161,281.311
1898,8,-0.305,0.345,-0.429,0.174,-0.256,0.124,-0.277,0.097,-0.371,0.08,8.161,281.311
1898,9,-0.335,0.322,-0.357,0.181,-0.233,0.124,-0.28,0.098,-0.371,0.08,8.233,281.383
1898,10,-0.441,0.286,-0.318,0.189,-0.213,0.124,-0.283,0.098,-0.372,0.081,8.272,281.42199999999997
1898,11,-0.617,0.357,-0.302,0.183,-0.208,0.123,-0.286,0.099,-0.375,0.081,8.288,281.438
1898,12,-0.141,0.297,-0.336,0.171,-0.207,0.123,-0.287,0.099,-0.376,0.081,8.254,281.404
1899,1,0.037,0.336,-0.326,0.17,-0.206,0.123,-0.287,0.099,-0.378,0.081,8.264,281.414
1899,2,-0.757,0.311,-0.309,0.172,-0.203,0.122,-0.292,0.099,-0.381,0.081,8.281,281.431
1899,3,-0.634,0.309,-0.276,0.166,-0.202,0.12,-0.297,0.099,-0.384,0.081,8.314,281.464
1899,4,0.061,0.342,-0.227,0.158,-0.209,0.12,-0.296,0.099,-0.388,0.081,8.363,281.513
1899,5,-0.185,0.318,-0.134,0.154,-0.199,0.119,-0.298,0.099,-0.391,0.082,8.456,281.606
1899,6,-0.451,0.305,-0.168,0.159,-0.197,0.117,-0.297,0.099,-0.392,0.082,8.422,281.572
1899,7,-0.124,0.364,-0.252,0.157,-0.186,0.114,-0.3,0.098,-0.393,0.081,8.338,281.488
1899,8,-0.107,0.365,-0.192,0.172,-0.166,0.114,-0.301,0.098,-0.392,0.081,8.398,281.548
1899,9,0.063,0.281,-0.121,0.169,-0.157,0.113,-0.303,0.099,-0.391,0.08,8.469,281.61899999999997
1899,10,0.141,0.229,-0.13,0.159,-0.162,0.114,-0.306,0.099,-0.389,0.08,8.459999999999999,281.60999999999996
1899,11,0.509,0.322,-0.099,0.159,-0.17,0.114,-0.3,0.099,-0.384,0.08,8.491,281.64099999999996
1899,12,-0.559,0.365,-0.066,0.152,-0.171,0.112,-0.299,0.099,-0.384,0.08,8.524,281.674
1900,1,-0.971,0.315,-0.066,0.154,-0.172,0.113,-0.291,0.099,-0.382,0.08,8.524,281.674
1900,2,-0.03,0.418,-0.062,0.161,-0.173,0.115,-0.292,0.1,-0.38,0.081,8.528,281.678
1900,3,0.221,0.263,-0.074,0.171,-0.177,0.117,-0.291,0.099,-0.379,0.081,8.516,281.666
1900,4,-0.055,0.276,-0.047,0.177,-0.185,0.118,-0.294,0.1,-0.377,0.081,8.543,281.693
1900,5,0.188,0.307,-0.113,0.178,-0.192,0.118,-0.294,0.099,-0.375,0.082,8.477,281.62699999999995
1900,6,-0.058,0.305,-0.058,0.172,-0.201,0.118,-0.294,0.099,-0.373,0.082,8.532,281.68199999999996
1900,7,-0.118,0.354,-0.01,0.171,-0.206,0.117,-0.294,0.099,-0.372,0.082,8.58,281.72999999999996
1900,8,-0.054,0.352,-0.011,0.16,-0.188,0.117,-0.294,0.1,-0.371,0.083,8.579,281.729
1900,9,-0.087,0.304,-0.002,0.158,-0.168,0.116,-0.295,0.1,-0.37,0.083,8.588,281.738
1900,10,0.466,0.267,0.026,0.155,-0.168,0.116,-0.296,0.101,-0.371,0.083,8.616,281.76599999999996
1900,11,-0.286,0.339,0.002,0.153,-0.17,0.117,-0.293,0.101,-0.37,0.084,8.592,281.74199999999996
1900,12,0.101,0.313,0.005,0.155,-0.179,0.115,-0.293,0.101,-0.371,0.084,8.595,281.745
1901,1,-0.386,0.309,0.014,0.145,-0.181,0.113,-0.295,0.102,-0.371,0.084,8.604,281.75399999999996
1901,2,-0.049,0.319,0.017,0.142,-0.183,0.113,-0.298,0.102,-0.369,0.085,8.607,281.75699999999995
1901,3,0.331,0.243,0.014,0.135,-0.188,0.113,-0.293,0.102,-0.371,0.085,8.604,281.75399999999996
1901,4,0.275,0.265,-0.043,0.131,-0.188,0.113,-0.282,0.102,-0.369,0.085,8.547,281.697
1901,5,-0.094,0.301,-0.029,0.122,-0.187,0.112,-0.279,0.101,-0.369,0.086,8.561,281.71099999999996
1901,6,-0.029,0.287,-0.056,0.107,-0.196,0.112,-0.279,0.102,-0.368,0.086,8.534,281.68399999999997
1901,7,0.0,0.324,-0.018,0.103,-0.21,0.109,-0.281,0.102,-0.368,0.086,8.572,281.722
1901,8,-0.023,0.333,0.022,0.101,-0.212,0.108,-0.281,0.102,-0.368,0.086,8.612,281.762
1901,9,-0.123,0.257,-0.039,0.1,-0.213,0.107,-0.281,0.102,-0.369,0.086,8.551,281.70099999999996
1901,10,-0.213,0.262,-0.087,0.106,-0.224,0.105,-0.283,0.102,-0.366,0.085,8.503,281.65299999999996
1901,11,-0.127,0.253,-0.111,0.107,-0.228,0.104,-0.282,0.102,-0.363,0.085,8.479,281.62899999999996
1901,12,-0.224,0.304,-0.124,0.108,-0.229,0.104,-0.278,0.102,-0.364,0.085,8.466,281.616
1902,1,0.077,0.248,-0.134,0.112,-0.236,0.104,-0.279,0.1,-0.362,0.085,8.456,281.606
1902,2,0.431,0.242,-0.158,0.114,-0.241,0.105,-0.281,0.1,-0.36,0.085,8.432,281.582
1902,3,-0.404,0.24,-0.175,0.119,-0.254,0.106,-0.278,0.1,-0.36,0.085,8.415,281.565
1902,4,-0.296,0.309,-0.194,0.121,-0.264,0.107,-0.283,0.101,-0.357,0.086,8.395999999999999,281.546
1902,5,-0.386,0.304,-0.254,0.127,-0.271,0.104,-0.292,0.101,-0.355,0.086,8.336,281.486
1902,6,-0.187,0.271,-0.309,0.124,-0.266,0.101,-0.296,0.1,-0.354,0.086,8.281,281.431
1902,7,-0.12,0.353,-0.321,0.128,-0.254,0.1,-0.301,0.1,-0.355,0.086,8.269,281.419
1902,8,-0.303,0.338,-0.33,0.126,-0.273,0.099,-0.303,0.101,-0.356,0.087,8.26,281.40999999999997
1902,9,-0.327,0.288,-0.322,0.128,-0.286,0.098,-0.305,0.101,-0.358,0.087,8.268,281.418
1902,10,-0.448,0.218,-0.331,0.135,-0.294,0.099,-0.306,0.101,-0.362,0.086,8.259,281.409
1902,11,-0.841,0.236,-0.339,0.142,-0.302,0.099,-0.309,0.102,-0.359,0.087,8.251,281.40099999999995
1902,12,-0.887,0.326,-0.372,0.147,-0.306,0.1,-0.311,0.102,-0.359,0.086,8.218,281.368
1903,1,-0.073,0.326,-0.393,0.142,-0.308,0.1,-0.315,0.101,-0.352,0.087,8.197,281.347
1903,2,0.327,0.258,-0.406,0.141,-0.312,0.1,-0.312,0.101,-0.35,0.088,8.184,281.334
1903,3,-0.302,0.256,-0.431,0.149,-0.316,0.1,-0.308,0.101,-0.351,0.088,8.159,281.30899999999997
1903,4,-0.407,0.304,-0.429,0.15,-0.328,0.101,-0.308,0.101,-0.351,0.088,8.161,281.311
1903,5,-0.487,0.313,-0.403,0.151,-0.322,0.1,-0.306,0.1,-0.351,0.087,8.187,281.337
1903,6,-0.581,0.272,-0.386,0.148,-0.327,0.1,-0.307,0.1,-0.352,0.087,8.204,281.354
1903,7,-0.365,0.331,-0.45,0.137,-0.329,0.098,-0.307,0.099,-0.353,0.087,8.14,281.28999999999996
1903,8,-0.461,0.332,-0.547,0.132,-0.341,0.099,-0.308,0.099,-0.352,0.087,8.043,281.193
1903,9,-0.631,0.318,-0.584,0.13,-0.352,0.097,-0.306,0.099,-0.352,0.087,8.006,281.15599999999995
1903,10,-0.427,0.23,-0.598,0.124,-0.351,0.098,-0.306,0.099,-0.352,0.087,7.992,281.142
1903,11,-0.521,0.255,-0.593,0.119,-0.35,0.097,-0.307,0.098,-0.352,0.087,7.997,281.147
1903,12,-0.692,0.265,-0.585,0.117,-0.351,0.096,-0.311,0.098,-0.347,0.087,8.004999999999999,281.155
1904,1,-0.834,0.285,-0.6,0.12,-0.355,0.097,-0.321,0.098,-0.34,0.086,7.99,281.14
1904,2,-0.84,0.244,-0.597,0.122,-0.358,0.099,-0.319,0.098,-0.339,0.086,7.993,281.143
1904,3,-0.74,0.208,-0.605,0.118,-0.361,0.1,-0.319,0.098,-0.339,0.086,7.984999999999999,281.135
1904,4,-0.574,0.255,-0.609,0.122,-0.357,0.1,-0.325,0.097,-0.338,0.087,7.981,281.131
1904,5,-0.437,0.307,-0.555,0.123,-0.364,0.101,-0.329,0.097,-0.336,0.087,8.035,281.185
1904,6,-0.476,0.263,-0.52,0.122,-0.359,0.104,-0.329,0.096,-0.334,0.087,8.07,281.21999999999997
1904,7,-0.55,0.35,-0.471,0.125,-0.372,0.103,-0.33,0.096,-0.333,0.087,8.119,281.269
1904,8,-0.428,0.374,-0.501,0.139,-0.396,0.103,-0.33,0.097,-0.332,0.087,8.089,281.239
1904,9,-0.721,0.272,-0.486,0.145,-0.399,0.105,-0.333,0.097,-0.331,0.087,8.104,281.25399999999996
1904,10,-0.474,0.259,-0.48,0.154,-0.405,0.106,-0.334,0.097,-0.33,0.087,8.11,281.26
1904,11,0.121,0.261,-0.467,0.155,-0.413,0.106,-0.337,0.096,-0.329,0.087,8.123,281.27299999999997
1904,12,-0.265,0.26,-0.452,0.157,-0.422,0.107,-0.336,0.095,-0.327,0.087,8.138,281.28799999999995
1905,1,-0.257,0.297,-0.427,0.158,-0.43,0.106,-0.329,0.094,-0.323,0.087,8.163,281.313
1905,2,-1.196,0.356,-0.415,0.161,-0.433,0.106,-0.331,0.093,-0.318,0.087,8.175,281.325
1905,3,-0.556,0.251,-0.384,0.163,-0.434,0.105,-0.338,0.092,-0.315,0.087,8.206,281.356
1905,4,-0.503,0.301,-0.366,0.166,-0.427,0.105,-0.339,0.092,-0.313,0.087,8.224,281.37399999999997
1905,5,-0.287,0.296,-0.37,0.163,-0.427,0.107,-0.343,0.091,-0.311,0.086,8.22,281.37
1905,6,-0.298,0.27,-0.364,0.163,-0.422,0.107,-0.345,0.092,-0.31,0.086,8.225999999999999,281.376
1905,7,-0.246,0.364,-0.383,0.155,-0.425,0.105,-0.345,0.091,-0.309,0.086,8.207,281.35699999999997
1905,8,-0.287,0.359,-0.347,0.143,-0.435,0.106,-0.346,0.091,-0.309,0.086,8.243,281.393
1905,9,-0.342,0.281,-0.33,0.134,-0.448,0.106,-0.348,0.091,-0.309,0.086,8.26,281.40999999999997
1905,10,-0.258,0.286,-0.258,0.126,-0.448,0.105,-0.354,0.091,-0.309,0.086,8.332,281.48199999999997
1905,11,0.073,0.237,-0.239,0.123,-0.442,0.104,-0.358,0.091,-0.308,0.086,8.350999999999999,281.501
1905,12,-0.197,0.237,-0.224,0.12,-0.436,0.103,-0.367,0.091,-0.307,0.087,8.366,281.51599999999996
1906,1,-0.477,0.249,-0.221,0.116,-0.432,0.104,-0.371,0.091,-0.306,0.087,8.369,281.519
1906,2,-0.776,0.242,-0.212,0.118,-0.433,0.104,-0.377,0.091,-0.305,0.088,8.378,281.52799999999996
1906,3,-0.346,0.216,-0.211,0.118,-0.424,0.103,-0.387,0.091,-0.302,0.088,8.379,281.529
1906,4,0.361,0.285,-0.188,0.111,-0.423,0.103,-0.391,0.091,-0.299,0.088,8.402,281.55199999999996
1906,5,-0.056,0.292,-0.24,0.114,-0.428,0.102,-0.394,0.091,-0.299,0.088,8.35,281.5
1906,6,-0.117,0.295,-0.214,0.115,-0.426,0.102,-0.397,0.091,-0.301,0.088,8.376,281.52599999999995
1906,7,-0.217,0.329,-0.235,0.115,-0.432,0.103,-0.4,0.091,-0.302,0.088,8.355,281.505
1906,8,-0.173,0.371,-0.252,0.115,-0.426,0.105,-0.403,0.092,-0.302,0.088,8.338,281.488
1906,9,-0.333,0.271,-0.276,0.124,-0.424,0.106,-0.406,0.092,-0.303,0.088,8.314,281.464
1906,10,0.02,0.23,-0.358,0.127,-0.426,0.105,-0.404,0.092,-0.305,0.088,8.232,281.38199999999995
1906,11,-0.559,0.245,-0.427,0.129,-0.429,0.105,-0.404,0.092,-0.303,0.088,8.163,281.313
1906,12,0.125,0.26,-0.478,0.129,-0.429,0.104,-0.404,0.093,-0.307,0.088,8.112,281.262
1907,1,-0.731,0.245,-0.507,0.125,-0.425,0.103,-0.406,0.094,-0.306,0.087,8.083,281.233
1907,2,-0.985,0.232,-0.534,0.121,-0.42,0.103,-0.408,0.094,-0.307,0.088,8.056,281.20599999999996
1907,3,-0.634,0.25,-0.54,0.114,-0.411,0.103,-0.412,0.094,-0.306,0.088,8.05,281.2
1907,4,-0.614,0.29,-0.542,0.11,-0.404,0.101,-0.41,0.094,-0.308,0.088,8.048,281.198
1907,5,-0.893,0.285,-0.565,0.118,-0.404,0.101,-0.407,0.095,-0.312,0.088,8.025,281.17499999999995
1907,6,-0.722,0.272,-0.625,0.122,-0.405,0.101,-0.406,0.095,-0.314,0.088,7.965,281.11499999999995
1907,7,-0.566,0.321,-0.586,0.126,-0.403,0.101,-0.409,0.095,-0.314,0.087,8.004,281.154
1907,8,-0.499,0.345,-0.528,0.13,-0.389,0.099,-0.413,0.095,-0.315,0.088,8.062,281.212
1907,9,-0.407,0.254,-0.564,0.135,-0.39,0.098,-0.418,0.095,-0.316,0.088,8.026,281.176
1907,10,0.0,0.246,-0.548,0.137,-0.384,0.097,-0.421,0.094,-0.319,0.088,8.042,281.19199999999995
1907,11,-0.842,0.341,-0.485,0.138,-0.384,0.096,-0.419,0.094,-0.319,0.088,8.105,281.255
1907,12,-0.592,0.253,-0.44,0.138,-0.385,0.095,-0.416,0.094,-0.322,0.088,8.15,281.29999999999995
1908,1,-0.267,0.248,-0.406,0.142,-0.382,0.094,-0.419,0.093,-0.326,0.087,8.184,281.334
1908,2,-0.286,0.269,-0.405,0.141,-0.38,0.094,-0.429,0.094,-0.326,0.088,8.185,281.335
1908,3,-1.071,0.266,-0.382,0.145,-0.381,0.094,-0.432,0.094,-0.321,0.087,8.208,281.358
1908,4,-0.417,0.3,-0.413,0.143,-0.381,0.093,-0.431,0.093,-0.322,0.087,8.177,281.327
1908,5,-0.142,0.294,-0.412,0.133,-0.394,0.095,-0.431,0.093,-0.324,0.087,8.177999999999999,281.328
1908,6,-0.172,0.246,-0.407,0.129,-0.406,0.095,-0.43,0.092,-0.326,0.087,8.183,281.33299999999997
1908,7,-0.166,0.354,-0.484,0.13,-0.414,0.095,-0.429,0.092,-0.326,0.087,8.106,281.256
1908,8,-0.479,0.336,-0.5,0.134,-0.412,0.096,-0.426,0.092,-0.327,0.087,8.09,281.23999999999995
1908,9,-0.131,0.266,-0.463,0.13,-0.421,0.097,-0.424,0.092,-0.327,0.087,8.127,281.277
1908,10,-0.372,0.249,-0.485,0.126,-0.431,0.097,-0.422,0.092,-0.324,0.086,8.105,281.255
1908,11,-0.828,0.227,-0.527,0.125,-0.438,0.097,-0.418,0.091,-0.323,0.086,8.063,281.21299999999997
1908,12,-0.538,0.244,-0.554,0.125,-0.443,0.098,-0.407,0.09,-0.326,0.085,8.036,281.186
1909,1,-1.194,0.272,-0.564,0.122,-0.445,0.098,-0.394,0.09,-0.327,0.084,8.026,281.176
1909,2,-0.472,0.279,-0.533,0.125,-0.448,0.097,-0.386,0.09,-0.325,0.084,8.057,281.207
1909,3,-0.633,0.227,-0.539,0.126,-0.451,0.097,-0.382,0.091,-0.325,0.084,8.051,281.20099999999996
1909,4,-0.68,0.307,-0.513,0.128,-0.451,0.096,-0.379,0.091,-0.324,0.083,8.077,281.227
1909,5,-0.645,0.307,-0.431,0.129,-0.444,0.095,-0.375,0.091,-0.325,0.083,8.159,281.30899999999997
1909,6,-0.491,0.275,-0.416,0.129,-0.449,0.096,-0.37,0.09,-0.324,0.083,8.174,281.32399999999996
1909,7,-0.284,0.323,-0.329,0.124,-0.439,0.097,-0.366,0.09,-0.324,0.083,8.261,281.411
1909,8,-0.116,0.346,-0.317,0.122,-0.421,0.098,-0.363,0.09,-0.324,0.083,8.273,281.423
1909,9,-0.197,0.271,-0.314,0.122,-0.426,0.098,-0.359,0.089,-0.325,0.083,8.276,281.426
1909,10,-0.067,0.235,-0.27,0.117,-0.416,0.098,-0.353,0.088,-0.325,0.083,8.32,281.46999999999997
1909,11,0.154,0.227,-0.241,0.115,-0.401,0.099,-0.357,0.088,-0.329,0.082,8.349,281.49899999999997
1909,12,-0.353,0.256,-0.229,0.116,-0.389,0.1,-0.354,0.088,-0.329,0.082,8.361,281.51099999999997
1910,1,-0.145,0.257,-0.213,0.116,-0.389,0.1,-0.354,0.087,-0.323,0.081,8.377,281.527
1910,2,-0.336,0.257,-0.218,0.117,-0.393,0.101,-0.343,0.087,-0.325,0.08,8.372,281.522
1910,3,-0.598,0.214,-0.232,0.117,-0.401,0.101,-0.34,0.086,-0.326,0.08,8.358,281.508
1910,4,-0.15,0.275,-0.247,0.115,-0.416,0.1,-0.332,0.085,-0.326,0.08,8.343,281.493
1910,5,-0.298,0.292,-0.323,0.121,-0.411,0.098,-0.328,0.085,-0.327,0.08,8.267,281.417
1910,6,-0.341,0.269,-0.37,0.128,-0.41,0.097,-0.327,0.085,-0.329,0.08,8.22,281.37
1910,7,-0.093,0.333,-0.434,0.126,-0.414,0.097,-0.325,0.084,-0.329,0.08,8.156,281.306
1910,8,-0.178,0.356,-0.464,0.121,-0.422,0.098,-0.323,0.084,-0.329,0.08,8.126,281.27599999999995
1910,9,-0.358,0.264,-0.486,0.123,-0.416,0.097,-0.322,0.084,-0.33,0.08,8.104,281.25399999999996
1910,10,-0.253,0.22,-0.496,0.121,-0.413,0.095,-0.322,0.083,-0.333,0.08,8.094,281.24399999999997
1910,11,-0.76,0.293,-0.51,0.123,-0.421,0.095,-0.322,0.084,-0.334,0.079,8.08,281.22999999999996
1910,12,-0.919,0.313,-0.517,0.124,-0.425,0.094,-0.321,0.084,-0.339,0.079,8.073,281.22299999999996
1911,1,-0.913,0.245,-0.534,0.121,-0.426,0.094,-0.316,0.084,-0.336,0.079,8.056,281.20599999999996
1911,2,-0.697,0.239,-0.552,0.117,-0.42,0.093,-0.311,0.085,-0.335,0.08,8.038,281.188
1911,3,-0.863,0.237,-0.561,0.119,-0.423,0.093,-0.311,0.087,-0.338,0.08,8.029,281.179
1911,4,-0.261,0.276,-0.539,0.115,-0.42,0.093,-0.316,0.086,-0.339,0.08,8.051,281.20099999999996
1911,5,-0.475,0.326,-0.487,0.107,-0.407,0.093,-0.318,0.086,-0.339,0.08,8.103,281.253
1911,6,-0.426,0.264,-0.425,0.109,-0.389,0.092,-0.322,0.086,-0.339,0.08,8.165,281.315
1911,7,-0.286,0.316,-0.363,0.112,-0.355,0.09,-0.323,0.086,-0.339,0.08,8.227,281.37699999999995
1911,8,-0.399,0.338,-0.295,0.109,-0.346,0.088,-0.324,0.086,-0.34,0.08,8.295,281.445
1911,9,-0.469,0.26,-0.299,0.106,-0.34,0.088,-0.324,0.087,-0.34,0.081,8.291,281.441
1911,10,0.009,0.215,-0.279,0.108,-0.332,0.088,-0.326,0.087,-0.34,0.081,8.311,281.46099999999996
1911,11,-0.135,0.2,-0.243,0.112,-0.321,0.088,-0.325,0.086,-0.34,0.081,8.347,281.49699999999996
1911,12,-0.164,0.23,-0.205,0.114,-0.311,0.088,-0.337,0.087,-0.339,0.081,8.385,281.53499999999997
1912,1,-0.177,0.294,-0.23,0.117,-0.307,0.088,-0.334,0.088,-0.341,0.081,8.36,281.51
1912,2,0.122,0.253,-0.259,0.119,-0.307,0.087,-0.333,0.089,-0.346,0.08,8.331,281.481
1912,3,-0.91,0.211,-0.291,0.116,-0.306,0.087,-0.334,0.09,-0.345,0.08,8.299,281.44899999999996
1912,4,-0.024,0.297,-0.366,0.117,-0.302,0.086,-0.333,0.089,-0.343,0.08,8.224,281.37399999999997
1912,5,-0.037,0.317,-0.4,0.12,-0.31,0.087,-0.333,0.089,-0.342,0.08,8.19,281.34
1912,6,0.026,0.246,-0.433,0.121,-0.304,0.086,-0.332,0.089,-0.342,0.08,8.157,281.30699999999996
1912,7,-0.587,0.337,-0.459,0.12,-0.306,0.086,-0.328,0.089,-0.342,0.08,8.131,281.28099999999995
1912,8,-0.744,0.343,-0.534,0.127,-0.298,0.086,-0.327,0.09,-0.343,0.08,8.056,281.20599999999996
1912,9,-0.856,0.255,-0.518,0.131,-0.29,0.086,-0.327,0.091,-0.343,0.08,8.072,281.222
1912,10,-0.89,0.2,-0.537,0.124,-0.28,0.085,-0.332,0.09,-0.342,0.08,8.052999999999999,281.203
1912,11,-0.547,0.211,-0.581,0.119,-0.272,0.086,-0.328,0.089,-0.338,0.08,8.009,281.159
1912,12,-0.55,0.249,-0.621,0.117,-0.269,0.086,-0.334,0.088,-0.334,0.08,7.968999999999999,281.11899999999997
1913,1,-0.491,0.246,-0.587,0.118,-0.267,0.085,-0.336,0.087,-0.334,0.08,8.003,281.15299999999996
1913,2,-0.78,0.345,-0.536,0.116,-0.266,0.084,-0.34,0.087,-0.338,0.08,8.054,281.20399999999995
1913,3,-0.715,0.226,-0.493,0.119,-0.264,0.085,-0.334,0.087,-0.339,0.079,8.097,281.24699999999996
1913,4,-0.256,0.262,-0.434,0.121,-0.264,0.085,-0.336,0.086,-0.339,0.079,8.156,281.306
1913,5,-0.565,0.289,-0.391,0.121,-0.25,0.084,-0.342,0.087,-0.339,0.079,8.199,281.349
1913,6,-0.45,0.254,-0.301,0.113,-0.235,0.083,-0.345,0.087,-0.338,0.079,8.289,281.43899999999996
1913,7,-0.189,0.343,-0.191,0.108,-0.219,0.084,-0.346,0.087,-0.338,0.079,8.399,281.549
1913,8,-0.131,0.338,-0.118,0.103,-0.209,0.086,-0.346,0.087,-0.337,0.079,8.472,281.62199999999996
1913,9,-0.336,0.285,-0.082,0.1,-0.202,0.088,-0.347,0.087,-0.335,0.079,8.508,281.65799999999996
1913,10,-0.186,0.211,-0.077,0.105,-0.201,0.087,-0.342,0.087,-0.333,0.078,8.513,281.66299999999995
1913,11,-0.028,0.222,-0.028,0.106,-0.198,0.087,-0.339,0.086,-0.329,0.079,8.562,281.712
1913,12,0.531,0.195,0.014,0.102,-0.201,0.087,-0.34,0.085,-0.325,0.078,8.604,281.75399999999996
1914,1,0.833,0.234,0.03,0.102,-0.201,0.087,-0.333,0.083,-0.323,0.079,8.62,281.77
1914,2,0.096,0.213,0.03,0.101,-0.199,0.088,-0.332,0.082,-0.321,0.079,8.62,281.77
1914,3,-0.286,0.217,0.045,0.099,-0.197,0.089,-0.331,0.082,-0.317,0.079,8.635,281.78499999999997
1914,4,-0.191,0.279,0.075,0.099,-0.201,0.09,-0.324,0.081,-0.316,0.079,8.665,281.815
1914,5,0.021,0.283,0.053,0.102,-0.207,0.091,-0.321,0.081,-0.315,0.079,8.643,281.793
1914,6,0.057,0.248,0.01,0.102,-0.225,0.091,-0.319,0.082,-0.314,0.079,8.6,281.75
1914,7,-0.0,0.355,-0.081,0.105,-0.229,0.091,-0.318,0.081,-0.312,0.079,8.509,281.659
1914,8,-0.13,0.335,-0.077,0.111,-0.244,0.092,-0.317,0.081,-0.312,0.079,8.513,281.66299999999995
1914,9,-0.159,0.253,-0.063,0.111,-0.243,0.094,-0.317,0.081,-0.309,0.079,8.527,281.67699999999996
1914,10,0.176,0.217,-0.013,0.108,-0.25,0.093,-0.315,0.08,-0.308,0.078,8.577,281.727
1914,11,-0.29,0.235,0.0,0.109,-0.264,0.092,-0.322,0.081,-0.307,0.078,8.59,281.73999999999995
1914,12,0.013,0.228,-0.018,0.11,-0.274,0.091,-0.322,0.081,-0.307,0.078,8.572,281.722
1915,1,-0.259,0.27,-0.014,0.108,-0.267,0.091,-0.318,0.08,-0.307,0.078,8.576,281.726
1915,2,0.136,0.259,-0.013,0.112,-0.261,0.092,-0.319,0.08,-0.304,0.077,8.577,281.727
1915,3,-0.118,0.2,-0.021,0.115,-0.253,0.094,-0.314,0.079,-0.302,0.077,8.568999999999999,281.719
1915,4,0.41,0.277,-0.057,0.116,-0.249,0.094,-0.313,0.08,-0.3,0.077,8.533,281.683
1915,5,0.179,0.296,-0.023,0.118,-0.244,0.094,-0.312,0.08,-0.3,0.077,8.567,281.717
1915,6,-0.161,0.267,-0.025,0.121,-0.257,0.093,-0.312,0.08,-0.3,0.076,8.565,281.715
1915,7,0.054,0.327,-0.001,0.121,-0.259,0.09,-0.312,0.08,-0.301,0.076,8.589,281.739
1915,8,-0.122,0.34,-0.023,0.124,-0.257,0.09,-0.313,0.079,-0.3,0.076,8.567,281.717
1915,9,-0.256,0.276,-0.047,0.133,-0.252,0.09,-0.313,0.079,-0.299,0.076,8.543,281.693
1915,10,-0.26,0.217,-0.099,0.131,-0.259,0.091,-0.312,0.079,-0.299,0.076,8.491,281.64099999999996
1915,11,0.123,0.251,-0.141,0.13,-0.263,0.092,-0.311,0.079,-0.298,0.076,8.449,281.599
1915,12,-0.017,0.24,-0.174,0.128,-0.264,0.092,-0.311,0.078,-0.294,0.075,8.416,281.566
1916,1,0.039,0.245,-0.203,0.129,-0.267,0.092,-0.3,0.079,-0.288,0.076,8.387,281.537
1916,2,-0.131,0.297,-0.217,0.134,-0.273,0.093,-0.294,0.079,-0.283,0.076,8.373,281.52299999999997
1916,3,-0.403,0.349,-0.227,0.133,-0.271,0.093,-0.289,0.078,-0.28,0.076,8.363,281.513
1916,4,-0.215,0.271,-0.223,0.131,-0.265,0.092,-0.287,0.078,-0.282,0.076,8.366999999999999,281.517
1916,5,-0.328,0.296,-0.273,0.131,-0.271,0.09,-0.284,0.078,-0.283,0.076,8.317,281.467
1916,6,-0.552,0.256,-0.375,0.132,-0.292,0.09,-0.28,0.078,-0.284,0.075,8.215,281.36499999999995
1916,7,-0.303,0.332,-0.413,0.138,-0.312,0.088,-0.277,0.078,-0.284,0.075,8.177,281.327
1916,8,-0.29,0.374,-0.47,0.139,-0.318,0.088,-0.277,0.078,-0.283,0.075,8.12,281.27
1916,9,-0.374,0.277,-0.504,0.132,-0.322,0.088,-0.275,0.078,-0.282,0.075,8.086,281.236
1916,10,-0.204,0.222,-0.524,0.135,-0.316,0.086,-0.275,0.078,-0.281,0.075,8.065999999999999,281.21599999999995
1916,11,-0.48,0.283,-0.57,0.128,-0.322,0.086,-0.276,0.079,-0.278,0.075,8.02,281.16999999999996
1916,12,-1.247,0.272,-0.574,0.134,-0.327,0.087,-0.274,0.078,-0.28,0.075,8.016,281.166
1917,1,-0.413,0.27,-0.558,0.134,-0.328,0.087,-0.276,0.077,-0.278,0.075,8.032,281.18199999999996
1917,2,-0.82,0.29,-0.568,0.136,-0.328,0.086,-0.283,0.076,-0.275,0.075,8.022,281.17199999999997
1917,3,-0.804,0.258,-0.567,0.14,-0.327,0.086,-0.277,0.076,-0.275,0.075,8.023,281.173
1917,4,-0.456,0.258,-0.607,0.141,-0.329,0.086,-0.276,0.075,-0.274,0.075,7.983,281.133
1917,5,-0.876,0.314,-0.588,0.141,-0.333,0.086,-0.278,0.075,-0.271,0.075,8.002,281.152
1917,6,-0.609,0.239,-0.593,0.136,-0.34,0.088,-0.279,0.074,-0.269,0.074,7.997,281.147
1917,7,-0.111,0.333,-0.61,0.125,-0.331,0.086,-0.275,0.074,-0.267,0.074,7.9799999999999995,281.13
1917,8,-0.409,0.383,-0.597,0.123,-0.34,0.086,-0.272,0.074,-0.266,0.074,7.993,281.143
1917,9,-0.362,0.317,-0.566,0.121,-0.339,0.086,-0.268,0.074,-0.264,0.074,8.024,281.174
1917,10,-0.683,0.202,-0.582,0.12,-0.345,0.087,-0.262,0.075,-0.262,0.074,8.008,281.15799999999996
1917,11,-0.247,0.237,-0.576,0.127,-0.351,0.087,-0.258,0.075,-0.257,0.073,8.014,281.164
1917,12,-1.31,0.256,-0.569,0.129,-0.355,0.087,-0.253,0.075,-0.257,0.072,8.021,281.171
1918,1,-0.618,0.307,-0.591,0.126,-0.358,0.088,-0.249,0.075,-0.254,0.072,7.999,281.149
1918,2,-0.66,0.259,-0.596,0.128,-0.36,0.088,-0.248,0.074,-0.252,0.072,7.994,281.144
1918,3,-0.432,0.227,-0.584,0.125,-0.361,0.088,-0.245,0.073,-0.25,0.071,8.006,281.15599999999995
1918,4,-0.647,0.27,-0.512,0.124,-0.36,0.087,-0.247,0.074,-0.248,0.071,8.078,281.22799999999995
1918,5,-0.811,0.321,-0.523,0.119,-0.372,0.087,-0.246,0.074,-0.249,0.071,8.067,281.217
1918,6,-0.525,0.267,-0.476,0.119,-0.387,0.087,-0.245,0.074,-0.25,0.071,8.114,281.26399999999995
1918,7,-0.372,0.327,-0.454,0.112,-0.381,0.087,-0.246,0.074,-0.249,0.071,8.136,281.286
1918,8,-0.473,0.348,-0.425,0.109,-0.379,0.086,-0.248,0.075,-0.248,0.071,8.165,281.315
1918,9,-0.211,0.263,-0.432,0.106,-0.376,0.084,-0.247,0.075,-0.248,0.071,8.158,281.308
1918,10,0.181,0.21,-0.363,0.109,-0.372,0.084,-0.244,0.075,-0.246,0.071,8.227,281.37699999999995
1918,11,-0.375,0.21,-0.324,0.108,-0.369,0.084,-0.241,0.075,-0.242,0.07,8.266,281.416
1918,12,-0.757,0.239,-0.3,0.109,-0.36,0.085,-0.243,0.075,-0.239,0.07,8.29,281.44
1919,1,-0.348,0.277,-0.275,0.111,-0.354,0.085,-0.252,0.076,-0.236,0.07,8.315,281.465
1919,2,-0.31,0.223,-0.244,0.111,-0.355,0.084,-0.256,0.077,-0.239,0.069,8.346,281.496
1919,3,-0.525,0.244,-0.237,0.113,-0.353,0.083,-0.253,0.077,-0.238,0.069,8.353,281.503
1919,4,0.19,0.303,-0.244,0.109,-0.349,0.083,-0.254,0.076,-0.236,0.069,8.346,281.496
1919,5,-0.343,0.313,-0.261,0.107,-0.345,0.084,-0.256,0.076,-0.235,0.069,8.329,281.479
1919,6,-0.241,0.264,-0.229,0.108,-0.323,0.082,-0.258,0.076,-0.236,0.069,8.361,281.51099999999997
1919,7,-0.073,0.321,-0.175,0.108,-0.323,0.08,-0.258,0.076,-0.237,0.069,8.415,281.565
1919,8,-0.104,0.332,-0.185,0.112,-0.322,0.077,-0.26,0.077,-0.237,0.069,8.405,281.55499999999995
1919,9,-0.126,0.269,-0.144,0.109,-0.311,0.075,-0.26,0.077,-0.238,0.069,8.446,281.596
1919,10,0.099,0.2,-0.159,0.115,-0.302,0.075,-0.262,0.077,-0.237,0.069,8.431,281.58099999999996
1919,11,-0.581,0.269,-0.146,0.113,-0.291,0.075,-0.257,0.077,-0.238,0.069,8.443999999999999,281.594
1919,12,-0.37,0.239,-0.157,0.111,-0.284,0.074,-0.259,0.077,-0.241,0.068,8.433,281.58299999999997
1920,1,0.303,0.231,-0.161,0.112,-0.284,0.074,-0.259,0.077,-0.242,0.068,8.429,281.57899999999995
1920,2,-0.436,0.246,-0.172,0.114,-0.283,0.074,-0.264,0.077,-0.241,0.068,8.418,281.568
1920,3,-0.03,0.202,-0.188,0.115,-0.283,0.074,-0.265,0.076,-0.238,0.068,8.402,281.55199999999996
1920,4,0.015,0.3,-0.216,0.112,-0.275,0.074,-0.268,0.077,-0.238,0.068,8.374,281.524
1920,5,-0.189,0.305,-0.213,0.112,-0.272,0.074,-0.272,0.076,-0.238,0.069,8.377,281.527
1920,6,-0.378,0.253,-0.263,0.11,-0.249,0.074,-0.274,0.076,-0.238,0.069,8.327,281.477
1920,7,-0.115,0.338,-0.253,0.116,-0.239,0.074,-0.277,0.076,-0.237,0.069,8.337,281.48699999999997
1920,8,-0.234,0.339,-0.218,0.114,-0.238,0.073,-0.277,0.077,-0.237,0.069,8.372,281.522
1920,9,-0.329,0.263,-0.234,0.115,-0.238,0.073,-0.276,0.076,-0.236,0.069,8.356,281.506
1920,10,-0.23,0.198,-0.234,0.115,-0.236,0.073,-0.275,0.076,-0.236,0.069,8.356,281.506
1920,11,-0.548,0.239,-0.227,0.115,-0.23,0.072,-0.274,0.075,-0.231,0.068,8.363,281.513
1920,12,-0.967,0.234,-0.199,0.114,-0.225,0.071,-0.268,0.075,-0.227,0.068,8.391,281.541
1921,1,0.417,0.217,-0.185,0.11,-0.226,0.072,-0.261,0.075,-0.223,0.068,8.405,281.55499999999995
1921,2,-0.014,0.253,-0.195,0.111,-0.223,0.071,-0.255,0.074,-0.222,0.068,8.395,281.54499999999996
1921,3,-0.222,0.221,-0.187,0.112,-0.223,0.071,-0.248,0.073,-0.219,0.068,8.403,281.553
1921,4,0.018,0.269,-0.166,0.115,-0.223,0.071,-0.247,0.073,-0.219,0.068,8.424,281.57399999999996
1921,5,-0.111,0.294,-0.139,0.113,-0.212,0.073,-0.248,0.073,-0.218,0.068,8.451,281.601
1921,6,-0.035,0.246,-0.054,0.11,-0.195,0.073,-0.246,0.072,-0.217,0.068,8.536,281.686
1921,7,0.055,0.315,-0.123,0.106,-0.193,0.076,-0.245,0.072,-0.215,0.068,8.467,281.61699999999996
1921,8,-0.362,0.353,-0.187,0.097,-0.193,0.077,-0.243,0.072,-0.212,0.068,8.403,281.553
1921,9,-0.226,0.254,-0.179,0.096,-0.183,0.078,-0.241,0.071,-0.21,0.068,8.411,281.561
1921,10,0.022,0.222,-0.172,0.097,-0.192,0.079,-0.237,0.071,-0.207,0.068,8.418,281.568
1921,11,-0.232,0.199,-0.183,0.096,-0.189,0.079,-0.231,0.071,-0.206,0.068,8.407,281.55699999999996
1921,12,0.061,0.232,-0.193,0.094,-0.188,0.079,-0.224,0.071,-0.204,0.068,8.397,281.54699999999997
1922,1,-0.414,0.248,-0.208,0.096,-0.188,0.079,-0.223,0.07,-0.2,0.068,8.382,281.532
1922,2,-0.785,0.259,-0.207,0.097,-0.191,0.08,-0.218,0.069,-0.201,0.068,8.383,281.53299999999996
1922,3,-0.12,0.207,-0.218,0.098,-0.192,0.081,-0.217,0.069,-0.199,0.068,8.372,281.522
1922,4,0.096,0.267,-0.237,0.099,-0.195,0.08,-0.215,0.069,-0.198,0.068,8.353,281.503
1922,5,-0.241,0.288,-0.221,0.101,-0.181,0.081,-0.21,0.069,-0.198,0.068,8.369,281.519
1922,6,-0.159,0.24,-0.221,0.104,-0.177,0.081,-0.207,0.069,-0.199,0.068,8.369,281.519
1922,7,-0.116,0.319,-0.19,0.106,-0.187,0.082,-0.207,0.069,-0.197,0.068,8.4,281.54999999999995
1922,8,-0.353,0.348,-0.176,0.115,-0.188,0.081,-0.205,0.068,-0.194,0.067,8.414,281.56399999999996
1922,9,-0.363,0.264,-0.2,0.115,-0.191,0.082,-0.201,0.068,-0.19,0.067,8.39,281.53999999999996
1922,10,-0.201,0.217,-0.252,0.116,-0.19,0.082,-0.191,0.068,-0.185,0.067,8.338,281.488
1922,11,-0.043,0.23,-0.27,0.117,-0.192,0.082,-0.187,0.067,-0.184,0.067,8.32,281.46999999999997
1922,12,0.058,0.259,-0.276,0.118,-0.193,0.082,-0.18,0.066,-0.182,0.067,8.314,281.464
1923,1,-0.035,0.245,-0.3,0.119,-0.196,0.082,-0.172,0.066,-0.182,0.066,8.29,281.44
1923,2,-0.617,0.223,-0.297,0.117,-0.195,0.083,-0.165,0.066,-0.182,0.066,8.293,281.443
1923,3,-0.406,0.221,-0.287,0.12,-0.192,0.083,-0.165,0.065,-0.181,0.066,8.302999999999999,281.453
1923,4,-0.534,0.299,-0.25,0.118,-0.189,0.083,-0.16,0.066,-0.181,0.066,8.34,281.48999999999995
1923,5,-0.454,0.287,-0.225,0.121,-0.176,0.083,-0.155,0.065,-0.18,0.067,8.365,281.515
1923,6,-0.229,0.242,-0.206,0.119,-0.148,0.083,-0.155,0.065,-0.18,0.067,8.384,281.534
1923,7,-0.409,0.323,-0.225,0.122,-0.14,0.084,-0.153,0.065,-0.18,0.066,8.365,281.515
1923,8,-0.31,0.341,-0.197,0.123,-0.132,0.083,-0.151,0.065,-0.18,0.066,8.393,281.543
1923,9,-0.241,0.267,-0.158,0.127,-0.12,0.085,-0.15,0.065,-0.18,0.066,8.432,281.582
1923,10,0.234,0.197,-0.143,0.127,-0.122,0.084,-0.15,0.065,-0.179,0.066,8.447,281.597
1923,11,0.266,0.26,-0.119,0.131,-0.127,0.083,-0.145,0.065,-0.18,0.066,8.471,281.621
1923,12,0.274,0.237,-0.115,0.132,-0.131,0.082,-0.137,0.066,-0.185,0.066,8.475,281.625
1924,1,-0.256,0.255,-0.089,0.132,-0.136,0.082,-0.14,0.066,-0.189,0.066,8.501,281.65099999999995
1924,2,-0.284,0.242,-0.086,0.131,-0.131,0.082,-0.146,0.067,-0.188,0.066,8.504,281.654
1924,3,0.059,0.237,-0.082,0.128,-0.128,0.082,-0.144,0.066,-0.189,0.066,8.508,281.65799999999996
1924,4,-0.354,0.263,-0.108,0.127,-0.124,0.082,-0.148,0.067,-0.19,0.065,8.482,281.63199999999995
1924,5,-0.168,0.305,-0.106,0.125,-0.118,0.082,-0.149,0.067,-0.19,0.065,8.484,281.63399999999996
1924,6,-0.18,0.245,-0.142,0.123,-0.124,0.083,-0.153,0.067,-0.191,0.066,8.448,281.59799999999996
1924,7,-0.089,0.32,-0.146,0.12,-0.122,0.082,-0.156,0.067,-0.191,0.065,8.443999999999999,281.594
1924,8,-0.282,0.342,-0.163,0.119,-0.113,0.083,-0.157,0.068,-0.191,0.066,8.427,281.577
1924,9,-0.189,0.274,-0.185,0.114,-0.122,0.085,-0.159,0.068,-0.192,0.066,8.405,281.55499999999995
1924,10,-0.076,0.191,-0.148,0.114,-0.128,0.085,-0.159,0.068,-0.192,0.066,8.442,281.592
1924,11,0.288,0.251,-0.16,0.111,-0.128,0.085,-0.154,0.067,-0.19,0.066,8.43,281.58
1924,12,-0.155,0.225,-0.181,0.112,-0.13,0.085,-0.161,0.067,-0.189,0.066,8.409,281.55899999999997
1925,1,-0.298,0.214,-0.2,0.112,-0.13,0.085,-0.166,0.068,-0.19,0.066,8.39,281.53999999999996
1925,2,-0.498,0.249,-0.188,0.113,-0.128,0.084,-0.163,0.067,-0.187,0.065,8.402,281.55199999999996
1925,3,-0.207,0.22,-0.185,0.111,-0.12,0.083,-0.162,0.068,-0.187,0.066,8.405,281.55499999999995
1925,4,0.096,0.252,-0.186,0.109,-0.107,0.082,-0.164,0.069,-0.191,0.066,8.404,281.554
1925,5,-0.313,0.286,-0.19,0.107,-0.103,0.081,-0.165,0.069,-0.194,0.066,8.4,281.54999999999995
1925,6,-0.428,0.253,-0.116,0.107,-0.111,0.079,-0.164,0.069,-0.195,0.065,8.474,281.62399999999997
1925,7,-0.319,0.319,-0.019,0.106,-0.104,0.078,-0.162,0.07,-0.195,0.065,8.571,281.721
1925,8,-0.139,0.344,0.065,0.105,-0.092,0.078,-0.161,0.07,-0.195,0.065,8.655,281.80499999999995
1925,9,-0.158,0.25,0.125,0.113,-0.092,0.078,-0.16,0.07,-0.195,0.065,8.715,281.86499999999995
1925,10,-0.084,0.188,0.106,0.112,-0.085,0.078,-0.159,0.071,-0.193,0.065,8.696,281.846
1925,11,0.244,0.218,0.096,0.107,-0.081,0.078,-0.151,0.071,-0.197,0.065,8.686,281.83599999999996
1925,12,0.731,0.223,0.108,0.099,-0.084,0.078,-0.142,0.071,-0.198,0.065,8.698,281.84799999999996
1926,1,0.869,0.238,0.115,0.097,-0.079,0.078,-0.145,0.071,-0.2,0.064,8.705,281.85499999999996
1926,2,0.503,0.246,0.122,0.096,-0.078,0.077,-0.149,0.071,-0.202,0.064,8.712,281.86199999999997
1926,3,0.51,0.229,0.131,0.095,-0.076,0.076,-0.149,0.072,-0.202,0.063,8.721,281.871
1926,4,-0.123,0.254,0.159,0.096,-0.077,0.076,-0.151,0.072,-0.203,0.063,8.749,281.899
1926,5,-0.436,0.278,0.152,0.098,-0.079,0.074,-0.153,0.072,-0.202,0.063,8.741999999999999,281.892
1926,6,-0.279,0.252,0.064,0.099,-0.08,0.073,-0.153,0.072,-0.2,0.063,8.654,281.804
1926,7,-0.239,0.315,-0.032,0.094,-0.086,0.072,-0.152,0.072,-0.198,0.063,8.558,281.70799999999997
1926,8,-0.062,0.337,-0.094,0.095,-0.1,0.071,-0.147,0.072,-0.197,0.063,8.496,281.64599999999996
1926,9,-0.051,0.25,-0.192,0.097,-0.105,0.069,-0.144,0.073,-0.196,0.063,8.398,281.548
1926,10,0.258,0.2,-0.205,0.098,-0.104,0.069,-0.139,0.073,-0.195,0.063,8.385,281.53499999999997
1926,11,0.16,0.218,-0.186,0.098,-0.11,0.069,-0.137,0.073,-0.193,0.063,8.404,281.554
1926,12,-0.319,0.217,-0.186,0.102,-0.117,0.069,-0.135,0.073,-0.187,0.062,8.404,281.554
1927,1,-0.292,0.208,-0.174,0.107,-0.124,0.069,-0.123,0.073,-0.186,0.062,8.416,281.566
1927,2,-0.237,0.22,-0.188,0.104,-0.124,0.068,-0.119,0.074,-0.181,0.061,8.402,281.55199999999996
1927,3,-0.668,0.297,-0.176,0.105,-0.126,0.069,-0.122,0.074,-0.18,0.061,8.414,281.56399999999996
1927,4,-0.274,0.269,-0.148,0.108,-0.122,0.069,-0.12,0.074,-0.18,0.062,8.442,281.592
1927,5,-0.213,0.288,-0.146,0.103,-0.127,0.068,-0.119,0.074,-0.176,0.062,8.443999999999999,281.594
1927,6,-0.28,0.271,-0.156,0.101,-0.144,0.067,-0.119,0.075,-0.173,0.062,8.434,281.584
1927,7,-0.1,0.322,-0.101,0.103,-0.144,0.067,-0.118,0.075,-0.173,0.063,8.488999999999999,281.63899999999995
1927,8,-0.225,0.331,-0.071,0.106,-0.138,0.067,-0.117,0.074,-0.171,0.063,8.519,281.669
1927,9,0.095,0.256,-0.047,0.099,-0.132,0.068,-0.113,0.074,-0.168,0.063,8.543,281.693
1927,10,0.591,0.2,-0.034,0.102,-0.138,0.068,-0.108,0.073,-0.164,0.063,8.556,281.70599999999996
1927,11,0.185,0.19,-0.034,0.101,-0.138,0.069,-0.11,0.073,-0.162,0.063,8.556,281.70599999999996
1927,12,-0.441,0.2,-0.048,0.098,-0.135,0.07,-0.112,0.072,-0.157,0.062,8.542,281.69199999999995
1928,1,0.369,0.209,-0.049,0.097,-0.129,0.07,-0.116,0.072,-0.154,0.062,8.541,281.691
1928,2,0.123,0.238,-0.049,0.099,-0.127,0.071,-0.116,0.071,-0.151,0.062,8.541,281.691
1928,3,-0.382,0.205,-0.068,0.101,-0.129,0.072,-0.117,0.071,-0.148,0.062,8.522,281.67199999999997
1928,4,-0.111,0.272,-0.104,0.098,-0.129,0.073,-0.115,0.072,-0.143,0.062,8.486,281.63599999999997
1928,5,-0.219,0.274,-0.103,0.099,-0.126,0.073,-0.114,0.071,-0.139,0.062,8.487,281.637
1928,6,-0.446,0.248,-0.05,0.098,-0.136,0.073,-0.116,0.072,-0.138,0.062,8.54,281.69
1928,7,-0.116,0.325,-0.133,0.098,-0.15,0.073,-0.114,0.071,-0.136,0.062,8.457,281.60699999999997
1928,8,-0.225,0.331,-0.235,0.096,-0.167,0.074,-0.112,0.071,-0.134,0.062,8.355,281.505
1928,9,-0.128,0.264,-0.224,0.098,-0.178,0.074,-0.113,0.07,-0.132,0.062,8.366,281.51599999999996
1928,10,0.163,0.192,-0.241,0.1,-0.18,0.075,-0.115,0.07,-0.131,0.062,8.349,281.49899999999997
1928,11,0.189,0.243,-0.263,0.101,-0.179,0.076,-0.12,0.069,-0.127,0.062,8.327,281.477
1928,12,0.196,0.193,-0.279,0.099,-0.174,0.076,-0.127,0.069,-0.125,0.062,8.311,281.46099999999996
1929,1,-0.618,0.223,-0.309,0.097,-0.168,0.077,-0.126,0.069,-0.122,0.063,8.281,281.431
1929,2,-1.103,0.235,-0.314,0.097,-0.164,0.077,-0.121,0.068,-0.121,0.063,8.276,281.426
1929,3,-0.257,0.194,-0.331,0.097,-0.16,0.078,-0.126,0.067,-0.121,0.063,8.259,281.409
1929,4,-0.306,0.264,-0.333,0.099,-0.154,0.079,-0.126,0.067,-0.122,0.063,8.257,281.407
1929,5,-0.494,0.298,-0.349,0.097,-0.156,0.079,-0.124,0.067,-0.12,0.063,8.241,281.39099999999996
1929,6,-0.631,0.235,-0.462,0.098,-0.145,0.079,-0.124,0.067,-0.119,0.063,8.128,281.27799999999996
1929,7,-0.48,0.321,-0.435,0.096,-0.125,0.08,-0.124,0.067,-0.118,0.063,8.155,281.30499999999995
1929,8,-0.283,0.329,-0.355,0.1,-0.125,0.079,-0.123,0.067,-0.118,0.063,8.235,281.385
1929,9,-0.331,0.259,-0.32,0.104,-0.121,0.078,-0.124,0.067,-0.118,0.063,8.27,281.41999999999996
1929,10,0.139,0.226,-0.315,0.107,-0.111,0.078,-0.123,0.068,-0.119,0.063,8.275,281.42499999999995
1929,11,-0.01,0.221,-0.303,0.108,-0.11,0.079,-0.123,0.068,-0.116,0.063,8.286999999999999,281.43699999999995
1929,12,-1.151,0.218,-0.268,0.111,-0.108,0.079,-0.12,0.067,-0.11,0.063,8.322,281.472
1930,1,-0.298,0.198,-0.226,0.113,-0.107,0.078,-0.122,0.067,-0.112,0.063,8.363999999999999,281.51399999999995
1930,2,-0.143,0.237,-0.204,0.115,-0.107,0.079,-0.111,0.067,-0.11,0.063,8.386,281.536
1930,3,0.16,0.218,-0.201,0.117,-0.105,0.079,-0.109,0.067,-0.11,0.063,8.389,281.539
1930,4,-0.246,0.279,-0.217,0.117,-0.109,0.079,-0.115,0.067,-0.108,0.063,8.373,281.52299999999997
1930,5,-0.351,0.294,-0.183,0.12,-0.117,0.08,-0.117,0.067,-0.108,0.063,8.407,281.55699999999996
1930,6,-0.209,0.267,-0.078,0.126,-0.113,0.08,-0.115,0.067,-0.106,0.063,8.512,281.662
1930,7,0.028,0.34,-0.049,0.126,-0.127,0.079,-0.113,0.067,-0.105,0.063,8.541,281.691
1930,8,-0.021,0.338,-0.081,0.124,-0.14,0.078,-0.114,0.067,-0.104,0.063,8.509,281.659
1930,9,-0.293,0.271,-0.104,0.125,-0.142,0.079,-0.114,0.067,-0.102,0.063,8.486,281.63599999999997
1930,10,-0.059,0.201,-0.103,0.123,-0.145,0.079,-0.111,0.068,-0.1,0.063,8.487,281.637
1930,11,0.408,0.238,-0.109,0.121,-0.147,0.08,-0.119,0.067,-0.099,0.063,8.481,281.631
1930,12,0.108,0.205,-0.091,0.116,-0.147,0.079,-0.128,0.067,-0.093,0.063,8.499,281.649
1931,1,0.048,0.209,-0.08,0.112,-0.148,0.079,-0.139,0.067,-0.094,0.063,8.51,281.65999999999997
1931,2,-0.535,0.22,-0.063,0.11,-0.146,0.079,-0.149,0.067,-0.093,0.063,8.527,281.67699999999996
1931,3,-0.109,0.227,-0.026,0.109,-0.149,0.078,-0.157,0.067,-0.093,0.063,8.564,281.714
1931,4,-0.241,0.28,0.031,0.11,-0.153,0.078,-0.158,0.067,-0.092,0.063,8.621,281.77099999999996
1931,5,-0.413,0.285,0.003,0.11,-0.161,0.078,-0.156,0.067,-0.091,0.063,8.593,281.743
1931,6,0.004,0.243,0.02,0.108,-0.174,0.078,-0.155,0.068,-0.091,0.063,8.61,281.76
1931,7,0.165,0.317,0.095,0.112,-0.167,0.078,-0.151,0.068,-0.09,0.063,8.685,281.835
1931,8,0.181,0.333,0.115,0.11,-0.142,0.078,-0.152,0.068,-0.088,0.063,8.705,281.85499999999996
1931,9,0.143,0.253,0.088,0.109,-0.147,0.078,-0.152,0.068,-0.088,0.063,8.677999999999999,281.828
1931,10,0.625,0.217,0.139,0.109,-0.149,0.078,-0.153,0.068,-0.087,0.063,8.729,281.87899999999996
1931,11,0.08,0.221,0.16,0.109,-0.139,0.078,-0.154,0.068,-0.087,0.062,8.75,281.9
1931,12,0.306,0.211,0.144,0.113,-0.131,0.079,-0.15,0.068,-0.087,0.062,8.734,281.88399999999996
1932,1,0.944,0.232,0.128,0.113,-0.124,0.079,-0.149,0.068,-0.083,0.062,8.718,281.868
1932,2,-0.286,0.24,0.097,0.114,-0.122,0.079,-0.145,0.067,-0.082,0.063,8.687,281.837
1932,3,-0.432,0.209,0.099,0.112,-0.123,0.079,-0.144,0.067,-0.082,0.062,8.689,281.839
1932,4,0.372,0.267,0.078,0.109,-0.123,0.08,-0.144,0.067,-0.082,0.062,8.668,281.818
1932,5,-0.17,0.293,0.047,0.107,-0.12,0.08,-0.142,0.068,-0.081,0.062,8.637,281.787
1932,6,-0.181,0.252,0.005,0.104,-0.096,0.081,-0.139,0.068,-0.08,0.062,8.595,281.745
1932,7,-0.029,0.323,-0.115,0.1,-0.099,0.081,-0.139,0.068,-0.081,0.062,8.475,281.625
1932,8,-0.189,0.332,-0.142,0.098,-0.083,0.08,-0.136,0.069,-0.08,0.062,8.448,281.59799999999996
1932,9,0.167,0.247,-0.149,0.098,-0.086,0.08,-0.135,0.07,-0.078,0.062,8.441,281.59099999999995
1932,10,0.37,0.182,-0.204,0.098,-0.092,0.079,-0.137,0.07,-0.076,0.061,8.386,281.536
1932,11,-0.285,0.203,-0.22,0.096,-0.095,0.079,-0.137,0.071,-0.075,0.061,8.37,281.52
1932,12,-0.199,0.186,-0.241,0.095,-0.096,0.078,-0.135,0.071,-0.074,0.061,8.349,281.49899999999997
1933,1,-0.507,0.188,-0.251,0.096,-0.098,0.077,-0.136,0.071,-0.075,0.061,8.339,281.489
1933,2,-0.608,0.195,-0.248,0.095,-0.1,0.076,-0.136,0.071,-0.072,0.06,8.342,281.49199999999996
1933,3,-0.512,0.215,-0.286,0.095,-0.098,0.076,-0.13,0.071,-0.071,0.06,8.304,281.45399999999995
1933,4,-0.286,0.264,-0.323,0.093,-0.094,0.075,-0.125,0.071,-0.068,0.06,8.267,281.417
1933,5,-0.363,0.278,-0.323,0.093,-0.113,0.075,-0.123,0.072,-0.065,0.06,8.267,281.417
1933,6,-0.434,0.246,-0.354,0.094,-0.119,0.074,-0.121,0.071,-0.066,0.06,8.236,281.38599999999997
1933,7,-0.157,0.325,-0.33,0.094,-0.128,0.074,-0.12,0.071,-0.064,0.06,8.26,281.40999999999997
1933,8,-0.153,0.328,-0.244,0.093,-0.132,0.073,-0.117,0.071,-0.063,0.06,8.346,281.496
1933,9,-0.282,0.249,-0.251,0.093,-0.136,0.073,-0.114,0.071,-0.063,0.059,8.339,281.489
1933,10,-0.07,0.194,-0.261,0.092,-0.137,0.072,-0.111,0.071,-0.061,0.059,8.329,281.479
1933,11,-0.287,0.204,-0.223,0.093,-0.132,0.072,-0.11,0.071,-0.062,0.059,8.366999999999999,281.517
1933,12,-0.577,0.229,-0.199,0.094,-0.136,0.072,-0.113,0.071,-0.061,0.059,8.391,281.541
1934,1,-0.22,0.188,-0.19,0.093,-0.135,0.072,-0.105,0.071,-0.056,0.058,8.4,281.54999999999995
1934,2,0.426,0.223,-0.191,0.093,-0.14,0.072,-0.096,0.072,-0.054,0.058,8.399,281.549
1934,3,-0.599,0.2,-0.2,0.095,-0.144,0.071,-0.097,0.071,-0.053,0.058,8.39,281.53999999999996
1934,4,-0.401,0.254,-0.184,0.101,-0.152,0.07,-0.095,0.071,-0.052,0.058,8.406,281.556
1934,5,0.094,0.282,-0.143,0.103,-0.153,0.07,-0.09,0.071,-0.051,0.058,8.447,281.597
1934,6,-0.143,0.259,-0.074,0.102,-0.154,0.07,-0.085,0.07,-0.051,0.057,8.516,281.666
1934,7,-0.057,0.325,-0.097,0.104,-0.174,0.069,-0.081,0.07,-0.05,0.057,8.493,281.643
1934,8,-0.162,0.331,-0.064,0.106,-0.165,0.068,-0.078,0.07,-0.048,0.057,8.526,281.676
1934,9,-0.388,0.263,-0.013,0.109,-0.166,0.069,-0.077,0.07,-0.046,0.057,8.577,281.727
1934,10,0.116,0.232,-0.033,0.109,-0.177,0.069,-0.079,0.069,-0.044,0.057,8.557,281.707
1934,11,0.209,0.2,-0.084,0.11,-0.174,0.07,-0.078,0.069,-0.045,0.056,8.506,281.65599999999995
1934,12,0.252,0.208,-0.094,0.108,-0.17,0.07,-0.058,0.069,-0.046,0.056,8.496,281.64599999999996
1935,1,-0.501,0.211,-0.096,0.106,-0.17,0.071,-0.059,0.069,-0.045,0.056,8.494,281.644
1935,2,0.833,0.228,-0.097,0.105,-0.166,0.071,-0.056,0.069,-0.046,0.055,8.493,281.643
1935,3,0.009,0.216,-0.077,0.104,-0.165,0.072,-0.058,0.068,-0.045,0.055,8.513,281.66299999999995
1935,4,-0.645,0.257,-0.072,0.101,-0.164,0.073,-0.053,0.068,-0.045,0.055,8.518,281.668
1935,5,-0.513,0.282,-0.149,0.1,-0.156,0.073,-0.051,0.068,-0.045,0.055,8.441,281.59099999999995
1935,6,-0.259,0.241,-0.194,0.097,-0.157,0.074,-0.049,0.067,-0.044,0.055,8.395999999999999,281.546
1935,7,-0.091,0.317,-0.189,0.093,-0.145,0.074,-0.047,0.067,-0.043,0.055,8.401,281.551
1935,8,-0.168,0.328,-0.323,0.093,-0.133,0.074,-0.047,0.066,-0.041,0.055,8.267,281.417
1935,9,-0.152,0.253,-0.354,0.092,-0.119,0.074,-0.044,0.066,-0.04,0.055,8.236,281.38599999999997
1935,10,0.181,0.199,-0.324,0.091,-0.106,0.074,-0.042,0.065,-0.039,0.055,8.266,281.416
1935,11,-0.71,0.191,-0.295,0.091,-0.098,0.075,-0.046,0.065,-0.04,0.054,8.295,281.445
1935,12,-0.29,0.189,-0.289,0.092,-0.095,0.075,-0.043,0.065,-0.046,0.054,8.301,281.45099999999996
1936,1,-0.442,0.202,-0.265,0.092,-0.092,0.074,-0.043,0.065,-0.048,0.054,8.325,281.47499999999997
1936,2,-0.777,0.199,-0.258,0.093,-0.088,0.074,-0.036,0.065,-0.049,0.054,8.332,281.48199999999997
1936,3,-0.365,0.205,-0.257,0.092,-0.079,0.075,-0.036,0.064,-0.052,0.054,8.333,281.483
1936,4,-0.284,0.258,-0.259,0.09,-0.07,0.076,-0.033,0.064,-0.05,0.054,8.331,281.481
1936,5,-0.159,0.281,-0.196,0.092,-0.059,0.076,-0.029,0.064,-0.048,0.054,8.394,281.544
1936,6,-0.199,0.257,-0.155,0.092,-0.052,0.075,-0.029,0.064,-0.048,0.054,8.435,281.585
1936,7,0.204,0.312,-0.138,0.096,-0.043,0.076,-0.028,0.063,-0.047,0.054,8.452,281.602
1936,8,-0.087,0.328,-0.051,0.097,-0.051,0.076,-0.028,0.063,-0.047,0.054,8.539,281.68899999999996
1936,9,-0.14,0.245,-0.064,0.1,-0.048,0.076,-0.032,0.063,-0.047,0.054,8.526,281.676
1936,10,0.153,0.186,-0.063,0.103,-0.042,0.076,-0.034,0.062,-0.048,0.054,8.527,281.67699999999996
1936,11,0.046,0.203,-0.05,0.107,-0.041,0.076,-0.036,0.061,-0.049,0.054,8.54,281.69
1936,12,0.202,0.2,-0.03,0.109,-0.039,0.075,-0.039,0.061,-0.049,0.054,8.56,281.71
1937,1,-0.23,0.228,-0.049,0.112,-0.038,0.074,-0.043,0.061,-0.048,0.054,8.541,281.691
1937,2,0.267,0.215,-0.036,0.113,-0.035,0.074,-0.044,0.061,-0.047,0.054,8.554,281.70399999999995
1937,3,-0.528,0.226,-0.004,0.118,-0.031,0.073,-0.041,0.061,-0.043,0.053,8.586,281.736
1937,4,-0.273,0.273,0.018,0.12,-0.034,0.073,-0.044,0.061,-0.041,0.053,8.608,281.758
1937,5,0.002,0.297,0.029,0.12,-0.037,0.072,-0.043,0.06,-0.04,0.053,8.619,281.769
1937,6,0.045,0.261,-0.009,0.121,-0.021,0.071,-0.042,0.06,-0.039,0.053,8.581,281.731
1937,7,-0.029,0.327,0.029,0.12,-0.018,0.071,-0.043,0.06,-0.039,0.053,8.619,281.769
1937,8,0.074,0.33,0.019,0.122,-0.03,0.072,-0.043,0.059,-0.038,0.053,8.609,281.75899999999996
1937,9,0.245,0.277,0.087,0.12,-0.03,0.071,-0.044,0.059,-0.039,0.053,8.677,281.827
1937,10,0.406,0.225,0.153,0.118,-0.013,0.071,-0.044,0.059,-0.038,0.053,8.743,281.893
1937,11,0.177,0.217,0.159,0.116,-0.006,0.071,-0.04,0.059,-0.038,0.053,8.749,281.899
1937,12,-0.242,0.201,0.136,0.112,-0.001,0.071,-0.036,0.059,-0.036,0.053,8.725999999999999,281.876
1938,1,0.217,0.225,0.143,0.11,0.004,0.071,-0.035,0.06,-0.035,0.052,8.733,281.883
1938,2,0.147,0.226,0.14,0.11,0.005,0.071,-0.027,0.06,-0.036,0.052,8.73,281.88
1938,3,0.294,0.209,0.143,0.108,0.01,0.071,-0.025,0.059,-0.036,0.052,8.733,281.883
1938,4,0.511,0.276,0.149,0.107,0.01,0.07,-0.02,0.059,-0.035,0.052,8.738999999999999,281.88899999999995
1938,5,0.081,0.282,0.167,0.106,0.021,0.07,-0.017,0.059,-0.034,0.052,8.757,281.907
1938,6,-0.231,0.235,0.173,0.106,0.032,0.071,-0.016,0.059,-0.031,0.052,8.763,281.91299999999995
1938,7,0.057,0.315,0.178,0.105,0.041,0.071,-0.015,0.058,-0.031,0.052,8.768,281.918
1938,8,0.035,0.332,0.166,0.104,0.06,0.071,-0.015,0.058,-0.03,0.052,8.756,281.90599999999995
1938,9,0.28,0.259,0.106,0.103,0.063,0.071,-0.013,0.058,-0.029,0.051,8.696,281.846
1938,10,0.475,0.197,0.058,0.101,0.07,0.072,-0.007,0.058,-0.029,0.051,8.648,281.798
1938,11,0.397,0.202,0.063,0.1,0.074,0.072,-0.004,0.058,-0.03,0.051,8.653,281.803
1938,12,-0.176,0.204,0.083,0.098,0.079,0.071,0.005,0.058,-0.031,0.051,8.673,281.823
1939,1,0.282,0.216,0.079,0.096,0.08,0.071,0.014,0.058,-0.026,0.051,8.669,281.81899999999996
1939,2,0.0,0.216,0.078,0.095,0.083,0.071,0.013,0.058,-0.024,0.051,8.668,281.818
1939,3,-0.426,0.189,0.039,0.094,0.08,0.071,0.02,0.058,-0.024,0.051,8.629,281.779
1939,4,-0.058,0.249,-0.006,0.094,0.084,0.07,0.023,0.058,-0.023,0.051,8.584,281.734
1939,5,0.137,0.281,-0.037,0.093,0.08,0.069,0.022,0.058,-0.021,0.05,8.552999999999999,281.703
1939,6,0.005,0.258,0.081,0.094,0.076,0.07,0.023,0.058,-0.02,0.051,8.671,281.82099999999997
1939,7,0.011,0.311,0.03,0.093,0.087,0.07,0.024,0.057,-0.019,0.05,8.62,281.77
1939,8,0.02,0.328,0.041,0.092,0.076,0.07,0.026,0.057,-0.018,0.05,8.631,281.78099999999995
1939,9,-0.176,0.253,0.078,0.091,0.083,0.068,0.032,0.056,-0.018,0.05,8.668,281.818
1939,10,-0.068,0.203,0.109,0.092,0.088,0.068,0.035,0.056,-0.017,0.05,8.699,281.849
1939,11,0.021,0.19,0.092,0.091,0.087,0.067,0.033,0.055,-0.017,0.05,8.682,281.832
1939,12,1.244,0.194,0.095,0.092,0.087,0.066,0.029,0.055,-0.014,0.05,8.685,281.835
1940,1,-0.331,0.192,0.111,0.092,0.084,0.065,0.032,0.055,-0.015,0.05,8.701,281.851
1940,2,0.128,0.22,0.103,0.093,0.081,0.065,0.02,0.055,-0.017,0.049,8.693,281.84299999999996
1940,3,0.019,0.184,0.13,0.093,0.077,0.064,0.018,0.054,-0.018,0.049,8.72,281.87
1940,4,0.319,0.262,0.15,0.093,0.076,0.063,0.026,0.054,-0.018,0.049,8.74,281.89
1940,5,-0.073,0.276,0.141,0.092,0.077,0.063,0.027,0.054,-0.017,0.049,8.731,281.881
1940,6,0.038,0.234,0.073,0.093,0.084,0.063,0.028,0.054,-0.017,0.048,8.663,281.813
1940,7,0.205,0.313,0.106,0.092,0.076,0.063,0.027,0.054,-0.018,0.048,8.696,281.846
1940,8,-0.068,0.326,0.125,0.091,0.078,0.062,0.031,0.054,-0.02,0.048,8.715,281.86499999999995
1940,9,0.146,0.256,0.108,0.093,0.069,0.061,0.033,0.054,-0.019,0.047,8.698,281.84799999999996
1940,10,0.166,0.2,0.093,0.094,0.065,0.06,0.034,0.053,-0.02,0.047,8.683,281.83299999999997
1940,11,-0.079,0.19,0.106,0.094,0.065,0.06,0.039,0.053,-0.024,0.047,8.696,281.846
1940,12,0.417,0.206,0.11,0.093,0.062,0.06,0.037,0.053,-0.025,0.047,8.7,281.84999999999997
1941,1,0.069,0.189,0.116,0.094,0.062,0.059,0.043,0.053,-0.028,0.046,8.706,281.856
1941,2,0.354,0.201,0.13,0.094,0.059,0.059,0.051,0.053,-0.029,0.046,8.72,281.87
1941,3,-0.182,0.192,0.091,0.093,0.054,0.059,0.053,0.053,-0.03,0.046,8.681,281.83099999999996
1941,4,0.137,0.269,0.11,0.09,0.056,0.059,0.059,0.053,-0.029,0.046,8.7,281.84999999999997
1941,5,0.087,0.285,0.099,0.088,0.051,0.058,0.06,0.053,-0.027,0.046,8.689,281.839
1941,6,0.077,0.238,0.063,0.087,0.063,0.058,0.06,0.053,-0.028,0.046,8.653,281.803
1941,7,0.278,0.311,0.093,0.088,0.072,0.058,0.058,0.053,-0.029,0.046,8.683,281.83299999999997
1941,8,0.104,0.33,0.03,0.089,0.077,0.058,0.058,0.053,-0.029,0.045,8.62,281.77
1941,9,-0.32,0.245,0.038,0.088,0.087,0.058,0.058,0.053,-0.029,0.045,8.628,281.77799999999996
1941,10,0.397,0.176,0.029,0.087,0.089,0.058,0.057,0.053,-0.03,0.045,8.619,281.769
1941,11,-0.212,0.191,0.017,0.087,0.086,0.057,0.057,0.053,-0.03,0.044,8.607,281.75699999999995
1941,12,-0.019,0.198,0.012,0.088,0.084,0.057,0.051,0.053,-0.029,0.044,8.602,281.75199999999995
1942,1,0.435,0.19,-0.026,0.087,0.085,0.057,0.053,0.053,-0.031,0.044,8.564,281.714
1942,2,-0.4,0.22,-0.047,0.088,0.087,0.057,0.05,0.053,-0.029,0.044,8.543,281.693
1942,3,-0.088,0.186,-0.019,0.087,0.095,0.056,0.058,0.052,-0.029,0.044,8.571,281.721
1942,4,0.031,0.251,-0.024,0.088,0.105,0.056,0.063,0.052,-0.03,0.044,8.566,281.71599999999995
1942,5,-0.066,0.28,0.012,0.089,0.103,0.056,0.062,0.051,-0.03,0.044,8.602,281.75199999999995
1942,6,0.024,0.241,0.032,0.089,0.078,0.055,0.061,0.051,-0.029,0.043,8.622,281.772
1942,7,-0.181,0.314,-0.027,0.09,0.081,0.055,0.061,0.051,-0.028,0.043,8.563,281.71299999999997
1942,8,-0.142,0.323,0.029,0.089,0.069,0.054,0.059,0.051,-0.027,0.043,8.619,281.769
1942,9,0.007,0.25,0.015,0.088,0.065,0.054,0.058,0.05,-0.028,0.043,8.605,281.755
1942,10,0.335,0.181,0.035,0.087,0.065,0.054,0.06,0.05,-0.03,0.043,8.625,281.775
1942,11,0.23,0.187,0.047,0.087,0.061,0.054,0.061,0.05,-0.031,0.043,8.637,281.787
1942,12,0.219,0.195,0.012,0.087,0.056,0.054,0.062,0.049,-0.031,0.043,8.602,281.75199999999995
1943,1,-0.28,0.191,0.032,0.087,0.05,0.054,0.067,0.049,-0.027,0.043,8.622,281.772
1943,2,0.27,0.189,0.032,0.086,0.057,0.054,0.065,0.048,-0.023,0.043,8.622,281.772
1943,3,-0.247,0.175,0.027,0.086,0.056,0.054,0.059,0.048,-0.019,0.043,8.616999999999999,281.767
1943,4,0.265,0.251,0.05,0.085,0.057,0.054,0.055,0.048,-0.016,0.042,8.64,281.78999999999996
1943,5,0.084,0.277,0.038,0.085,0.057,0.053,0.055,0.047,-0.014,0.043,8.628,281.77799999999996
1943,6,-0.395,0.234,0.065,0.085,0.041,0.053,0.058,0.048,-0.012,0.043,8.655,281.80499999999995
1943,7,0.052,0.311,0.16,0.085,0.045,0.052,0.058,0.048,-0.011,0.042,8.75,281.9
1943,8,-0.14,0.316,0.163,0.086,0.043,0.052,0.057,0.047,-0.01,0.042,8.753,281.90299999999996
1943,9,-0.049,0.238,0.195,0.087,0.043,0.052,0.055,0.047,-0.009,0.042,8.785,281.935
1943,10,0.607,0.179,0.176,0.087,0.048,0.052,0.053,0.047,-0.007,0.042,8.766,281.916
1943,11,0.086,0.19,0.166,0.087,0.046,0.052,0.05,0.047,-0.007,0.042,8.756,281.90599999999995
1943,12,0.538,0.2,0.193,0.085,0.041,0.052,0.05,0.047,-0.003,0.042,8.783,281.933
1944,1,0.865,0.187,0.194,0.085,0.036,0.052,0.053,0.047,-0.004,0.042,8.784,281.93399999999997
1944,2,0.303,0.195,0.216,0.086,0.032,0.052,0.048,0.046,-0.007,0.042,8.806,281.95599999999996
1944,3,0.145,0.172,0.246,0.086,0.036,0.052,0.049,0.046,-0.005,0.042,8.836,281.986
1944,4,0.037,0.248,0.237,0.086,0.029,0.053,0.049,0.046,-0.005,0.042,8.827,281.977
1944,5,-0.039,0.277,0.224,0.086,0.034,0.053,0.047,0.046,-0.007,0.042,8.814,281.964
1944,6,-0.074,0.23,0.158,0.085,0.026,0.053,0.045,0.046,-0.007,0.042,8.748,281.89799999999997
1944,7,0.065,0.307,0.075,0.084,0.018,0.052,0.043,0.046,-0.007,0.042,8.665,281.815
1944,8,0.121,0.31,-0.003,0.083,0.025,0.052,0.042,0.046,-0.007,0.041,8.587,281.73699999999997
1944,9,0.311,0.236,-0.031,0.083,0.033,0.052,0.041,0.046,-0.005,0.041,8.559,281.709
1944,10,0.501,0.172,-0.011,0.083,0.037,0.052,0.044,0.046,-0.004,0.041,8.579,281.729
1944,11,-0.072,0.187,-0.033,0.083,0.037,0.052,0.044,0.046,-0.003,0.04,8.557,281.707
1944,12,-0.251,0.202,-0.046,0.083,0.035,0.052,0.031,0.045,-0.005,0.04,8.544,281.69399999999996
1945,1,-0.137,0.198,-0.067,0.083,0.037,0.052,0.029,0.045,0.001,0.04,8.523,281.673
1945,2,-0.624,0.193,-0.046,0.083,0.038,0.052,0.023,0.045,-0.003,0.04,8.544,281.69399999999996
1945,3,-0.19,0.176,-0.067,0.082,0.038,0.052,0.022,0.045,-0.007,0.04,8.523,281.673
1945,4,0.276,0.245,-0.086,0.083,0.045,0.052,0.017,0.045,-0.005,0.04,8.504,281.654
1945,5,-0.31,0.273,-0.088,0.083,0.045,0.052,0.017,0.045,-0.004,0.04,8.502,281.652
1945,6,-0.223,0.24,-0.113,0.082,0.041,0.052,0.015,0.045,-0.002,0.04,8.477,281.62699999999995
1945,7,-0.195,0.307,-0.074,0.082,0.057,0.051,0.011,0.045,-0.003,0.04,8.516,281.666
1945,8,0.372,0.325,-0.006,0.083,0.052,0.051,0.008,0.044,-0.0,0.04,8.584,281.734
1945,9,0.068,0.238,-0.004,0.083,0.048,0.051,0.005,0.044,-0.001,0.039,8.586,281.736
1945,10,0.272,0.193,0.01,0.083,0.045,0.051,0.003,0.044,0.001,0.039,8.6,281.75
1945,11,-0.095,0.182,0.033,0.084,0.046,0.051,-0.003,0.044,0.003,0.039,8.623,281.77299999999997
1945,12,-0.552,0.181,0.031,0.084,0.054,0.051,-0.007,0.044,0.003,0.039,8.621,281.77099999999996
1946,1,0.328,0.176,0.046,0.085,0.054,0.051,-0.012,0.043,0.004,0.039,8.636,281.786
1946,2,0.191,0.203,0.006,0.083,0.055,0.051,-0.022,0.043,0.005,0.039,8.596,281.746
1946,3,-0.158,0.175,-0.005,0.085,0.056,0.051,-0.023,0.043,0.005,0.038,8.584999999999999,281.73499999999996
1946,4,0.435,0.238,-0.029,0.087,0.051,0.051,-0.024,0.042,0.004,0.038,8.561,281.71099999999996
1946,5,-0.032,0.271,-0.014,0.087,0.05,0.051,-0.024,0.043,0.002,0.038,8.576,281.726
1946,6,-0.249,0.241,-0.013,0.089,0.038,0.051,-0.027,0.043,0.001,0.038,8.577,281.727
1946,7,-0.008,0.312,-0.044,0.088,0.033,0.05,-0.031,0.043,-0.001,0.038,8.546,281.69599999999997
1946,8,-0.106,0.321,-0.059,0.088,0.019,0.05,-0.031,0.042,-0.003,0.038,8.531,281.681
1946,9,-0.073,0.235,-0.012,0.089,0.011,0.05,-0.026,0.042,-0.004,0.038,8.578,281.72799999999995
1946,10,-0.015,0.181,-0.025,0.088,0.01,0.05,-0.026,0.042,-0.006,0.038,8.565,281.715
1946,11,0.082,0.187,-0.027,0.088,0.009,0.05,-0.024,0.042,-0.008,0.038,8.563,281.71299999999997
1946,12,-0.53,0.184,-0.015,0.087,0.005,0.05,-0.019,0.042,-0.009,0.038,8.575,281.72499999999997
1947,1,-0.051,0.172,-0.019,0.087,0.0,0.05,-0.019,0.041,-0.009,0.037,8.571,281.721
1947,2,0.017,0.195,-0.018,0.087,-0.004,0.05,-0.014,0.041,-0.011,0.037,8.572,281.722
1947,3,0.399,0.184,-0.009,0.086,-0.012,0.05,-0.017,0.041,-0.01,0.037,8.581,281.731
1947,4,0.286,0.244,0.051,0.085,-0.017,0.051,-0.016,0.041,-0.01,0.037,8.641,281.791
1947,5,-0.062,0.266,0.066,0.084,-0.016,0.051,-0.016,0.041,-0.01,0.037,8.656,281.806
1947,6,-0.107,0.234,0.106,0.084,-0.015,0.051,-0.017,0.041,-0.01,0.036,8.696,281.846
1947,7,-0.056,0.308,0.169,0.085,-0.024,0.051,-0.014,0.041,-0.011,0.036,8.759,281.909
1947,8,-0.09,0.31,0.163,0.084,-0.022,0.051,-0.012,0.041,-0.011,0.036,8.753,281.90299999999996
1947,9,0.032,0.231,0.091,0.083,-0.021,0.051,-0.011,0.041,-0.012,0.036,8.681,281.83099999999996
1947,10,0.711,0.182,0.075,0.082,-0.031,0.051,-0.015,0.04,-0.013,0.036,8.665,281.815
1947,11,0.263,0.183,0.091,0.081,-0.027,0.051,-0.023,0.04,-0.013,0.036,8.681,281.83099999999996
1947,12,-0.049,0.198,0.109,0.081,-0.026,0.051,-0.025,0.04,-0.009,0.035,8.699,281.849
1948,1,0.701,0.187,0.115,0.08,-0.027,0.051,-0.02,0.04,-0.006,0.035,8.705,281.85499999999996
1948,2,-0.057,0.181,0.119,0.08,-0.041,0.051,-0.019,0.04,-0.005,0.035,8.709,281.859
1948,3,-0.458,0.174,0.117,0.08,-0.045,0.051,-0.014,0.04,-0.006,0.034,8.707,281.85699999999997
1948,4,0.093,0.233,0.081,0.079,-0.052,0.051,-0.012,0.04,-0.008,0.034,8.671,281.82099999999997
1948,5,0.129,0.254,0.062,0.079,-0.063,0.051,-0.011,0.04,-0.008,0.034,8.652,281.80199999999996
1948,6,0.108,0.238,0.05,0.078,-0.056,0.051,-0.007,0.04,-0.008,0.034,8.64,281.78999999999996
1948,7,0.016,0.291,0.04,0.078,-0.069,0.051,-0.008,0.04,-0.008,0.034,8.629999999999999,281.78
1948,8,-0.044,0.302,0.002,0.078,-0.087,0.05,-0.005,0.04,-0.01,0.034,8.592,281.74199999999996
1948,9,0.007,0.222,0.012,0.077,-0.089,0.05,-0.004,0.04,-0.012,0.034,8.602,281.75199999999995
1948,10,0.276,0.169,-0.0,0.077,-0.097,0.049,-0.007,0.04,-0.014,0.034,8.59,281.73999999999995
1948,11,0.044,0.178,-0.018,0.077,-0.095,0.05,-0.009,0.04,-0.015,0.033,8.572,281.722
1948,12,-0.193,0.189,-0.055,0.077,-0.095,0.05,-0.011,0.04,-0.014,0.033,8.535,281.685
1949,1,0.573,0.175,-0.074,0.077,-0.097,0.049,-0.023,0.04,-0.013,0.032,8.516,281.666
1949,2,-0.514,0.186,-0.079,0.077,-0.093,0.049,-0.027,0.04,-0.013,0.032,8.511,281.661
1949,3,-0.334,0.173,-0.096,0.077,-0.089,0.048,-0.031,0.04,-0.009,0.032,8.494,281.644
1949,4,-0.056,0.227,-0.1,0.077,-0.082,0.048,-0.033,0.04,-0.007,0.032,8.49,281.64
1949,5,-0.086,0.259,-0.105,0.078,-0.082,0.047,-0.035,0.039,-0.007,0.032,8.485,281.635
1949,6,-0.337,0.231,-0.109,0.077,-0.063,0.046,-0.036,0.04,-0.007,0.032,8.481,281.631
1949,7,-0.206,0.292,-0.209,0.078,-0.055,0.046,-0.038,0.04,-0.007,0.032,8.381,281.53099999999995
1949,8,-0.105,0.298,-0.212,0.079,-0.054,0.045,-0.039,0.04,-0.007,0.032,8.378,281.52799999999996
1949,9,-0.201,0.223,-0.195,0.079,-0.067,0.045,-0.042,0.039,-0.007,0.032,8.395,281.54499999999996
1949,10,0.229,0.167,-0.213,0.079,-0.07,0.045,-0.044,0.039,-0.007,0.031,8.377,281.527
1949,11,-0.018,0.169,-0.215,0.078,-0.07,0.045,-0.039,0.039,-0.009,0.031,8.375,281.525
1949,12,-0.232,0.179,-0.201,0.076,-0.069,0.045,-0.038,0.039,-0.014,0.031,8.389,281.539
1950,1,-0.636,0.179,-0.205,0.075,-0.065,0.045,-0.031,0.039,-0.012,0.031,8.385,281.53499999999997
1950,2,-0.544,0.171,-0.235,0.073,-0.062,0.045,-0.026,0.039,-0.01,0.03,8.355,281.505
1950,3,-0.134,0.145,-0.232,0.072,-0.061,0.045,-0.031,0.039,-0.015,0.03,8.358,281.508
1950,4,-0.273,0.205,-0.262,0.072,-0.075,0.044,-0.035,0.039,-0.017,0.03,8.328,281.47799999999995
1950,5,-0.108,0.225,-0.322,0.073,-0.091,0.044,-0.035,0.039,-0.019,0.03,8.268,281.418
1950,6,-0.164,0.202,-0.314,0.072,-0.09,0.044,-0.032,0.039,-0.02,0.03,8.276,281.426
1950,7,-0.255,0.259,-0.302,0.069,-0.096,0.044,-0.032,0.039,-0.021,0.03,8.288,281.438
1950,8,-0.467,0.223,-0.331,0.067,-0.089,0.044,-0.032,0.039,-0.021,0.03,8.259,281.409
1950,9,-0.169,0.194,-0.342,0.068,-0.076,0.044,-0.034,0.039,-0.022,0.03,8.248,281.39799999999997
1950,10,-0.128,0.158,-0.32,0.065,-0.069,0.044,-0.033,0.039,-0.022,0.029,8.27,281.41999999999996
1950,11,-0.737,0.155,-0.304,0.068,-0.069,0.044,-0.033,0.039,-0.023,0.029,8.286,281.436
1950,12,-0.134,0.154,-0.314,0.069,-0.069,0.044,-0.031,0.039,-0.022,0.029,8.276,281.426
1951,1,-0.497,0.136,-0.302,0.063,-0.069,0.044,-0.035,0.038,-0.021,0.028,8.288,281.438
1951,2,-0.887,0.146,-0.254,0.064,-0.066,0.044,-0.041,0.038,-0.021,0.028,8.336,281.486
1951,3,-0.273,0.153,-0.225,0.063,-0.065,0.044,-0.044,0.038,-0.019,0.028,8.365,281.515
1951,4,-0.007,0.179,-0.181,0.062,-0.065,0.044,-0.051,0.037,-0.019,0.027,8.409,281.55899999999997
1951,5,0.086,0.244,-0.112,0.061,-0.069,0.044,-0.056,0.037,-0.018,0.027,8.478,281.628
1951,6,-0.29,0.221,-0.05,0.06,-0.06,0.044,-0.057,0.037,-0.018,0.027,8.54,281.69
1951,7,-0.108,0.263,0.025,0.062,-0.08,0.044,-0.059,0.037,-0.019,0.027,8.615,281.765
1951,8,0.108,0.252,0.11,0.067,-0.074,0.045,-0.064,0.037,-0.02,0.027,8.7,281.84999999999997
1951,9,0.189,0.221,0.099,0.068,-0.073,0.045,-0.066,0.037,-0.018,0.027,8.689,281.839
1951,10,0.399,0.133,0.108,0.069,-0.075,0.045,-0.069,0.036,-0.02,0.027,8.698,281.84799999999996
1951,11,0.086,0.138,0.099,0.07,-0.08,0.045,-0.073,0.036,-0.019,0.027,8.689,281.839
1951,12,0.611,0.148,0.118,0.068,-0.076,0.045,-0.07,0.036,-0.019,0.027,8.708,281.858
1952,1,0.406,0.152,0.141,0.069,-0.076,0.044,-0.071,0.035,-0.02,0.026,8.731,281.881
1952,2,0.135,0.178,0.138,0.07,-0.075,0.044,-0.072,0.035,-0.016,0.026,8.728,281.878
1952,3,-0.409,0.167,0.133,0.071,-0.072,0.044,-0.079,0.035,-0.015,0.026,8.722999999999999,281.873
1952,4,0.102,0.241,0.089,0.073,-0.071,0.044,-0.082,0.034,-0.015,0.026,8.679,281.82899999999995
1952,5,-0.031,0.274,0.023,0.076,-0.063,0.044,-0.083,0.034,-0.016,0.026,8.613,281.763
1952,6,-0.059,0.225,-0.029,0.077,-0.061,0.043,-0.081,0.034,-0.016,0.026,8.561,281.71099999999996
1952,7,0.168,0.298,-0.036,0.078,-0.037,0.043,-0.083,0.034,-0.016,0.026,8.554,281.70399999999995
1952,8,0.07,0.308,-0.016,0.079,-0.03,0.042,-0.082,0.034,-0.016,0.025,8.574,281.724
1952,9,0.134,0.235,0.048,0.08,-0.041,0.042,-0.082,0.034,-0.017,0.025,8.638,281.78799999999995
1952,10,-0.135,0.165,0.081,0.079,-0.04,0.042,-0.087,0.034,-0.018,0.025,8.671,281.82099999999997
1952,11,-0.703,0.191,0.095,0.078,-0.042,0.042,-0.087,0.034,-0.018,0.025,8.685,281.835
1952,12,-0.008,0.179,0.107,0.079,-0.039,0.042,-0.081,0.034,-0.018,0.025,8.697,281.847
1953,1,0.324,0.172,0.093,0.078,-0.037,0.042,-0.079,0.033,-0.016,0.025,8.683,281.83299999999997
1953,2,0.376,0.191,0.099,0.078,-0.023,0.042,-0.075,0.033,-0.014,0.025,8.689,281.839
1953,3,0.351,0.173,0.095,0.079,-0.023,0.042,-0.071,0.033,-0.014,0.025,8.685,281.835
1953,4,0.505,0.234,0.131,0.079,-0.013,0.042,-0.071,0.033,-0.015,0.025,8.721,281.871
1953,5,0.129,0.261,0.173,0.079,-0.004,0.042,-0.071,0.033,-0.017,0.025,8.763,281.91299999999995
1953,6,0.09,0.23,0.2,0.079,-0.007,0.042,-0.075,0.033,-0.016,0.025,8.79,281.94
1953,7,-0.005,0.298,0.123,0.08,-0.002,0.042,-0.075,0.032,-0.016,0.025,8.713,281.863
1953,8,0.148,0.306,0.078,0.079,0.005,0.042,-0.077,0.032,-0.013,0.025,8.668,281.818
1953,9,0.078,0.229,0.027,0.079,0.002,0.041,-0.08,0.032,-0.011,0.025,8.616999999999999,281.767
1953,10,0.307,0.167,-0.032,0.078,-0.005,0.041,-0.082,0.032,-0.011,0.025,8.558,281.70799999999997
1953,11,-0.207,0.177,-0.074,0.077,-0.018,0.041,-0.081,0.031,-0.01,0.025,8.516,281.666
1953,12,0.32,0.176,-0.092,0.077,-0.019,0.04,-0.078,0.03,-0.012,0.024,8.498,281.64799999999997
1954,1,-0.595,0.164,-0.105,0.076,-0.021,0.04,-0.08,0.03,-0.015,0.024,8.485,281.635
1954,2,-0.173,0.186,-0.122,0.075,-0.035,0.04,-0.075,0.03,-0.017,0.024,8.468,281.618
1954,3,-0.253,0.172,-0.13,0.073,-0.044,0.04,-0.067,0.029,-0.02,0.024,8.459999999999999,281.60999999999996
1954,4,-0.204,0.211,-0.133,0.073,-0.057,0.04,-0.063,0.03,-0.022,0.024,8.457,281.60699999999997
1954,5,-0.375,0.222,-0.076,0.072,-0.064,0.04,-0.062,0.029,-0.024,0.024,8.514,281.664
1954,6,-0.125,0.205,-0.112,0.07,-0.076,0.039,-0.059,0.029,-0.023,0.024,8.478,281.628
1954,7,-0.16,0.238,0.002,0.068,-0.086,0.039,-0.057,0.029,-0.024,0.024,8.592,281.74199999999996
1954,8,-0.057,0.253,0.009,0.065,-0.091,0.038,-0.056,0.029,-0.025,0.025,8.599,281.74899999999997
1954,9,-0.025,0.216,-0.035,0.063,-0.09,0.038,-0.056,0.029,-0.029,0.024,8.555,281.705
1954,10,0.28,0.158,-0.039,0.061,-0.094,0.037,-0.059,0.028,-0.033,0.024,8.551,281.70099999999996
1954,11,0.468,0.157,-0.024,0.06,-0.096,0.037,-0.061,0.028,-0.034,0.024,8.566,281.71599999999995
1954,12,-0.103,0.159,-0.012,0.059,-0.093,0.036,-0.059,0.028,-0.033,0.024,8.578,281.72799999999995
1955,1,0.77,0.145,-0.011,0.059,-0.101,0.036,-0.053,0.027,-0.032,0.024,8.579,281.729
1955,2,-0.093,0.137,0.025,0.058,-0.102,0.036,-0.044,0.027,-0.03,0.024,8.615,281.765
1955,3,-0.778,0.113,0.012,0.059,-0.103,0.037,-0.051,0.026,-0.03,0.024,8.602,281.75199999999995
1955,4,-0.258,0.161,0.026,0.06,-0.099,0.037,-0.051,0.026,-0.033,0.023,8.616,281.76599999999996
1955,5,-0.195,0.194,-0.025,0.058,-0.083,0.037,-0.055,0.026,-0.032,0.024,8.565,281.715
1955,6,0.024,0.145,-0.046,0.056,-0.072,0.036,-0.054,0.026,-0.032,0.024,8.544,281.69399999999996
1955,7,-0.143,0.187,-0.123,0.055,-0.062,0.036,-0.054,0.026,-0.033,0.023,8.467,281.61699999999996
1955,8,0.376,0.207,-0.154,0.055,-0.062,0.034,-0.051,0.025,-0.035,0.023,8.436,281.58599999999996
1955,9,-0.183,0.151,-0.129,0.055,-0.066,0.033,-0.049,0.026,-0.037,0.023,8.461,281.611
1955,10,0.444,0.111,-0.145,0.054,-0.072,0.033,-0.047,0.025,-0.037,0.023,8.445,281.59499999999997
1955,11,-0.146,0.121,-0.186,0.053,-0.073,0.034,-0.043,0.024,-0.038,0.023,8.404,281.554
1955,12,-0.359,0.105,-0.216,0.051,-0.08,0.033,-0.037,0.024,-0.035,0.022,8.374,281.524
1956,1,-0.152,0.069,-0.222,0.051,-0.08,0.033,-0.03,0.024,-0.037,0.022,8.368,281.518
1956,2,-0.464,0.121,-0.314,0.054,-0.089,0.033,-0.019,0.024,-0.037,0.022,8.276,281.426
1956,3,-0.469,0.08,-0.329,0.052,-0.095,0.032,-0.016,0.024,-0.036,0.022,8.261,281.411
1956,4,-0.458,0.111,-0.396,0.05,-0.099,0.031,-0.013,0.023,-0.039,0.021,8.193999999999999,281.344
1956,5,-0.684,0.149,-0.416,0.051,-0.093,0.029,-0.012,0.023,-0.039,0.021,8.174,281.32399999999996
1956,6,-0.337,0.129,-0.394,0.044,-0.095,0.027,-0.008,0.022,-0.038,0.021,8.196,281.346
1956,7,-0.214,0.091,-0.397,0.046,-0.08,0.026,-0.008,0.022,-0.037,0.021,8.193,281.34299999999996
1956,8,-0.731,0.119,-0.372,0.044,-0.075,0.026,-0.009,0.022,-0.037,0.021,8.218,281.368
1956,9,-0.362,0.074,-0.363,0.051,-0.062,0.026,-0.01,0.022,-0.037,0.021,8.227,281.37699999999995
1956,10,-0.359,0.071,-0.335,0.047,-0.051,0.026,-0.013,0.022,-0.037,0.021,8.254999999999999,281.405
1956,11,-0.383,0.11,-0.292,0.043,-0.045,0.026,-0.014,0.022,-0.038,0.021,8.298,281.448
1956,12,-0.097,0.109,-0.252,0.033,-0.041,0.026,-0.02,0.022,-0.037,0.02,8.338,281.488
1957,1,-0.192,0.042,-0.261,0.03,-0.038,0.026,-0.021,0.022,-0.036,0.02,8.329,281.479
1957,2,-0.164,0.081,-0.197,0.03,-0.037,0.026,-0.019,0.022,-0.038,0.02,8.393,281.543
1957,3,-0.361,0.093,-0.161,0.039,-0.04,0.026,-0.014,0.022,-0.039,0.02,8.429,281.57899999999995
1957,4,-0.122,0.092,-0.122,0.044,-0.046,0.026,-0.013,0.022,-0.04,0.02,8.468,281.618
1957,5,-0.169,0.104,-0.07,0.055,-0.06,0.025,-0.015,0.022,-0.038,0.02,8.52,281.66999999999996
1957,6,0.141,0.08,-0.008,0.055,-0.057,0.024,-0.015,0.022,-0.039,0.019,8.582,281.73199999999997
1957,7,-0.311,0.168,0.084,0.053,-0.068,0.024,-0.018,0.021,-0.039,0.019,8.674,281.82399999999996
1957,8,0.03,0.1,0.131,0.05,-0.057,0.025,-0.02,0.021,-0.039,0.019,8.721,281.871
1957,9,0.07,0.216,0.168,0.049,-0.062,0.024,-0.023,0.021,-0.04,0.019,8.758,281.90799999999996
1957,10,0.11,0.169,0.189,0.056,-0.062,0.023,-0.02,0.021,-0.04,0.019,8.779,281.929
1957,11,0.242,0.148,0.214,0.068,-0.068,0.023,-0.013,0.021,-0.041,0.019,8.804,281.95399999999995
1957,12,0.643,0.08,0.171,0.067,-0.07,0.023,-0.011,0.021,-0.04,0.019,8.761,281.911
1958,1,0.91,0.054,0.197,0.056,-0.071,0.024,-0.012,0.021,-0.044,0.019,8.786999999999999,281.93699999999995
1958,2,0.406,0.1,0.165,0.048,-0.078,0.022,-0.008,0.021,-0.044,0.019,8.754999999999999,281.905
1958,3,0.077,0.054,0.133,0.039,-0.076,0.022,-0.013,0.02,-0.039,0.019,8.722999999999999,281.873
1958,4,0.138,0.13,0.131,0.033,-0.08,0.021,-0.019,0.02,-0.039,0.019,8.721,281.871
1958,5,0.125,0.193,0.123,0.024,-0.083,0.02,-0.023,0.02,-0.041,0.019,8.713,281.863
1958,6,-0.376,0.072,0.083,0.023,-0.067,0.02,-0.025,0.02,-0.042,0.019,8.673,281.823
1958,7,-0.0,0.125,0.036,0.025,-0.059,0.02,-0.024,0.021,-0.044,0.018,8.626,281.77599999999995
1958,8,-0.351,0.064,0.011,0.015,-0.044,0.019,-0.022,0.021,-0.046,0.018,8.600999999999999,281.751
1958,9,-0.308,0.069,0.048,0.016,-0.033,0.019,-0.019,0.021,-0.048,0.018,8.638,281.78799999999995
1958,10,0.083,0.054,0.076,0.021,-0.021,0.017,-0.016,0.021,-0.048,0.019,8.666,281.816
1958,11,0.149,0.119,0.065,0.02,-0.006,0.016,-0.011,0.02,-0.049,0.018,8.655,281.80499999999995
1958,12,0.164,0.176,0.102,0.018,0.002,0.016,-0.013,0.02,-0.05,0.018,8.692,281.842
1959,1,0.345,0.094,0.108,0.015,0.005,0.016,-0.006,0.021,-0.055,0.018,8.698,281.84799999999996
1959,2,0.102,0.138,0.136,0.015,0.016,0.015,-0.007,0.02,-0.057,0.018,8.725999999999999,281.876
1959,3,0.527,0.049,0.146,0.016,0.024,0.016,-0.009,0.02,-0.056,0.018,8.736,281.88599999999997
1959,4,0.471,0.161,0.13,0.02,0.03,0.016,-0.011,0.02,-0.055,0.018,8.72,281.87
1959,5,-0.009,0.079,0.087,0.021,0.037,0.017,-0.012,0.02,-0.055,0.018,8.677,281.827
1959,6,0.073,0.088,0.083,0.026,0.035,0.017,-0.011,0.02,-0.054,0.018,8.673,281.823
1959,7,0.073,0.074,0.061,0.032,0.044,0.017,-0.01,0.02,-0.053,0.018,8.651,281.801
1959,8,-0.022,0.058,0.098,0.028,0.054,0.018,-0.012,0.021,-0.053,0.018,8.688,281.83799999999997
1959,9,-0.18,0.087,-0.035,0.025,0.063,0.017,-0.016,0.021,-0.053,0.018,8.555,281.705
1959,10,-0.111,0.073,-0.097,0.027,0.068,0.018,-0.022,0.021,-0.053,0.018,8.493,281.643
1959,11,-0.367,0.063,-0.139,0.021,0.067,0.018,-0.028,0.021,-0.052,0.017,8.451,281.601
1959,12,0.108,0.052,-0.152,0.018,0.063,0.018,-0.029,0.021,-0.048,0.017,8.438,281.58799999999997
1960,1,0.081,0.075,-0.176,0.021,0.065,0.017,-0.033,0.021,-0.045,0.017,8.414,281.56399999999996
1960,2,0.555,0.081,-0.181,0.02,0.061,0.016,-0.035,0.02,-0.04,0.017,8.409,281.55899999999997
1960,3,-1.074,0.075,-0.169,0.019,0.058,0.015,-0.029,0.02,-0.04,0.016,8.421,281.57099999999997
1960,4,-0.279,0.078,-0.143,0.019,0.058,0.013,-0.03,0.02,-0.038,0.016,8.447,281.597
1960,5,-0.502,0.124,-0.138,0.024,0.056,0.013,-0.03,0.02,-0.038,0.016,8.452,281.602
1960,6,-0.093,0.075,-0.098,0.021,0.05,0.013,-0.032,0.021,-0.037,0.016,8.491999999999999,281.642
1960,7,-0.208,0.12,-0.08,0.022,0.039,0.014,-0.034,0.02,-0.036,0.016,8.51,281.65999999999997
1960,8,-0.086,0.21,-0.089,0.031,0.045,0.015,-0.037,0.02,-0.035,0.016,8.501,281.65099999999995
1960,9,-0.031,0.081,0.016,0.036,0.04,0.015,-0.039,0.02,-0.034,0.016,8.606,281.756
1960,10,0.191,0.097,0.061,0.038,0.034,0.015,-0.041,0.019,-0.032,0.016,8.651,281.801
1960,11,-0.306,0.125,0.123,0.053,0.027,0.015,-0.042,0.018,-0.03,0.016,8.713,281.863
1960,12,0.592,0.078,0.144,0.052,0.031,0.014,-0.038,0.018,-0.03,0.016,8.734,281.88399999999996
1961,1,0.302,0.078,0.154,0.056,0.033,0.015,-0.038,0.018,-0.026,0.016,8.744,281.894
1961,2,0.446,0.125,0.157,0.044,0.045,0.015,-0.034,0.018,-0.024,0.016,8.747,281.897
1961,3,0.183,0.155,0.17,0.046,0.058,0.016,-0.028,0.017,-0.024,0.016,8.76,281.90999999999997
1961,4,0.258,0.068,0.152,0.031,0.067,0.016,-0.026,0.016,-0.024,0.015,8.741999999999999,281.892
1961,5,0.238,0.149,0.183,0.026,0.071,0.017,-0.022,0.016,-0.025,0.015,8.773,281.923
1961,6,0.161,0.082,0.117,0.029,0.07,0.018,-0.019,0.015,-0.026,0.015,8.707,281.85699999999997
1961,7,-0.086,0.092,0.121,0.029,0.067,0.021,-0.015,0.015,-0.026,0.015,8.711,281.861
1961,8,-0.046,0.111,0.119,0.029,0.062,0.019,-0.01,0.014,-0.026,0.015,8.709,281.859
1961,9,0.115,0.065,0.118,0.026,0.045,0.018,-0.007,0.014,-0.027,0.015,8.708,281.858
1961,10,-0.015,0.131,0.111,0.037,0.029,0.017,-0.005,0.014,-0.028,0.015,8.701,281.851
1961,11,0.059,0.064,0.07,0.04,0.021,0.016,-0.003,0.015,-0.028,0.015,8.66,281.81
1961,12,-0.194,0.068,0.05,0.045,0.02,0.017,-0.004,0.015,-0.029,0.015,8.64,281.78999999999996
1962,1,0.352,0.062,0.042,0.044,0.017,0.017,-0.002,0.015,-0.034,0.015,8.632,281.782
1962,2,0.412,0.045,0.028,0.043,0.014,0.019,-0.003,0.015,-0.038,0.015,8.618,281.768
1962,3,0.18,0.124,0.007,0.035,0.008,0.019,0.001,0.015,-0.036,0.015,8.597,281.74699999999996
1962,4,0.168,0.199,0.022,0.024,0.001,0.018,0.002,0.015,-0.037,0.015,8.612,281.762
1962,5,-0.25,0.051,0.027,0.026,0.005,0.018,0.006,0.015,-0.037,0.015,8.616999999999999,281.767
1962,6,-0.083,0.115,0.063,0.026,-0.001,0.018,0.002,0.014,-0.037,0.015,8.653,281.803
1962,7,-0.181,0.081,0.055,0.027,0.001,0.018,0.005,0.014,-0.038,0.014,8.645,281.79499999999996
1962,8,-0.208,0.093,0.086,0.03,-0.012,0.017,0.003,0.013,-0.037,0.014,8.676,281.82599999999996
1962,9,-0.138,0.124,0.051,0.026,0.003,0.018,0.002,0.012,-0.039,0.014,8.641,281.791
1962,10,0.158,0.199,0.021,0.033,0.002,0.019,0.006,0.011,-0.038,0.014,8.611,281.76099999999997
1962,11,0.123,0.087,0.015,0.036,0.007,0.019,0.004,0.011,-0.036,0.014,8.605,281.755
1962,12,0.24,0.097,0.01,0.039,0.005,0.021,0.001,0.011,-0.036,0.014,8.6,281.75
1963,1,0.262,0.071,0.035,0.039,0.004,0.018,-0.009,0.011,-0.035,0.014,8.625,281.775
1963,2,0.784,0.076,0.087,0.039,0.004,0.02,-0.012,0.011,-0.034,0.014,8.677,281.827
1963,3,-0.245,0.082,0.135,0.047,-0.003,0.018,-0.006,0.011,-0.033,0.014,8.725,281.875
1963,4,-0.195,0.143,0.176,0.053,-0.002,0.019,-0.007,0.011,-0.033,0.014,8.766,281.916
1963,5,-0.325,0.083,0.198,0.053,-0.002,0.019,-0.011,0.011,-0.032,0.014,8.788,281.938
1963,6,-0.134,0.066,0.184,0.053,-0.01,0.018,-0.01,0.011,-0.031,0.014,8.774,281.924
1963,7,0.116,0.183,0.177,0.056,-0.017,0.018,-0.013,0.011,-0.03,0.013,8.767,281.917
1963,8,0.415,0.093,0.095,0.056,-0.024,0.018,-0.014,0.01,-0.031,0.013,8.685,281.835
1963,9,0.441,0.148,0.073,0.048,-0.023,0.018,-0.016,0.011,-0.031,0.013,8.663,281.813
1963,10,0.642,0.092,0.048,0.032,-0.031,0.019,-0.015,0.012,-0.031,0.013,8.638,281.78799999999995
1963,11,0.388,0.057,0.038,0.031,-0.037,0.021,-0.018,0.012,-0.029,0.013,8.628,281.77799999999996
1963,12,0.073,0.054,0.047,0.041,-0.04,0.018,-0.023,0.013,-0.03,0.013,8.637,281.787
1964,1,0.179,0.106,0.031,0.036,-0.034,0.016,-0.031,0.013,-0.029,0.012,8.621,281.77099999999996
1964,2,-0.197,0.059,-0.024,0.049,-0.036,0.016,-0.039,0.012,-0.03,0.012,8.566,281.71599999999995
1964,3,-0.513,0.116,-0.105,0.035,-0.037,0.015,-0.045,0.012,-0.03,0.012,8.485,281.635
1964,4,-0.489,0.114,-0.199,0.032,-0.039,0.016,-0.048,0.012,-0.029,0.012,8.391,281.541
1964,5,-0.45,0.059,-0.245,0.033,-0.043,0.017,-0.047,0.012,-0.028,0.011,8.345,281.495
1964,6,-0.029,0.162,-0.272,0.036,-0.044,0.017,-0.048,0.012,-0.028,0.011,8.318,281.46799999999996
1964,7,-0.066,0.066,-0.269,0.03,-0.048,0.018,-0.05,0.012,-0.028,0.011,8.321,281.471
1964,8,-0.248,0.274,-0.271,0.031,-0.06,0.018,-0.051,0.012,-0.027,0.011,8.318999999999999,281.469
1964,9,-0.536,0.068,-0.242,0.031,-0.062,0.018,-0.05,0.012,-0.028,0.011,8.347999999999999,281.498
1964,10,-0.483,0.057,-0.233,0.039,-0.063,0.02,-0.047,0.012,-0.03,0.011,8.357,281.50699999999995
1964,11,-0.168,0.069,-0.209,0.045,-0.054,0.019,-0.042,0.012,-0.033,0.011,8.381,281.53099999999995
1964,12,-0.248,0.052,-0.224,0.057,-0.058,0.019,-0.038,0.012,-0.033,0.011,8.366,281.51599999999996
1965,1,0.216,0.05,-0.244,0.044,-0.056,0.019,-0.037,0.012,-0.034,0.011,8.346,281.496
1965,2,-0.217,0.095,-0.231,0.032,-0.055,0.017,-0.037,0.011,-0.033,0.011,8.359,281.50899999999996
1965,3,-0.17,0.077,-0.221,0.025,-0.053,0.015,-0.029,0.011,-0.028,0.011,8.369,281.519
1965,4,-0.382,0.089,-0.161,0.024,-0.047,0.014,-0.024,0.011,-0.026,0.011,8.429,281.57899999999995
1965,5,-0.161,0.206,-0.17,0.03,-0.048,0.014,-0.021,0.011,-0.023,0.011,8.42,281.57
1965,6,-0.206,0.194,-0.14,0.03,-0.048,0.014,-0.02,0.011,-0.023,0.011,8.45,281.59999999999997
1965,7,-0.314,0.207,-0.171,0.031,-0.057,0.014,-0.018,0.011,-0.022,0.011,8.419,281.56899999999996
1965,8,-0.086,0.051,-0.148,0.032,-0.07,0.014,-0.019,0.012,-0.026,0.011,8.442,281.592
1965,9,-0.412,0.118,-0.117,0.031,-0.053,0.015,-0.018,0.012,-0.025,0.01,8.472999999999999,281.623
1965,10,0.229,0.069,-0.101,0.035,-0.048,0.016,-0.018,0.012,-0.026,0.01,8.488999999999999,281.63899999999995
1965,11,-0.269,0.168,-0.099,0.05,-0.048,0.016,-0.016,0.012,-0.026,0.01,8.491,281.64099999999996
1965,12,0.102,0.094,-0.08,0.069,-0.05,0.014,-0.022,0.011,-0.025,0.01,8.51,281.65999999999997
1966,1,-0.149,0.069,-0.035,0.057,-0.059,0.014,-0.022,0.011,-0.023,0.01,8.555,281.705
1966,2,0.053,0.097,-0.039,0.057,-0.073,0.014,-0.029,0.012,-0.021,0.01,8.551,281.70099999999996
1966,3,0.203,0.128,-0.002,0.057,-0.089,0.014,-0.033,0.013,-0.023,0.01,8.588,281.738
1966,4,-0.189,0.122,-0.034,0.046,-0.097,0.013,-0.035,0.013,-0.021,0.01,8.556,281.70599999999996
1966,5,-0.138,0.062,-0.024,0.035,-0.107,0.014,-0.038,0.014,-0.02,0.009,8.566,281.71599999999995
1966,6,0.02,0.108,-0.055,0.027,-0.115,0.015,-0.043,0.013,-0.02,0.009,8.535,281.685
1966,7,0.229,0.11,-0.035,0.024,-0.129,0.015,-0.044,0.013,-0.02,0.01,8.555,281.705
1966,8,-0.135,0.078,-0.064,0.026,-0.139,0.014,-0.043,0.013,-0.018,0.01,8.526,281.676
1966,9,0.037,0.042,-0.073,0.025,-0.136,0.014,-0.044,0.013,-0.017,0.01,8.517,281.667
1966,10,-0.159,0.101,-0.052,0.016,-0.124,0.014,-0.043,0.013,-0.019,0.01,8.538,281.688
1966,11,-0.143,0.06,-0.016,0.017,-0.116,0.013,-0.042,0.013,-0.019,0.01,8.574,281.724
1966,12,-0.277,0.056,-0.045,0.013,-0.116,0.014,-0.039,0.013,-0.018,0.01,8.545,281.695
1967,1,0.098,0.059,-0.065,0.013,-0.118,0.015,-0.048,0.013,-0.018,0.01,8.525,281.67499999999995
1967,2,-0.301,0.127,-0.068,0.018,-0.115,0.013,-0.057,0.013,-0.016,0.01,8.522,281.67199999999997
1967,3,0.098,0.071,-0.074,0.012,-0.107,0.013,-0.059,0.013,-0.012,0.01,8.516,281.666
1967,4,0.067,0.091,-0.016,0.015,-0.096,0.013,-0.06,0.014,-0.01,0.01,8.574,281.724
1967,5,0.285,0.093,0.001,0.012,-0.088,0.013,-0.06,0.014,-0.007,0.01,8.591,281.741
1967,6,-0.324,0.061,0.045,0.016,-0.075,0.012,-0.059,0.014,-0.006,0.01,8.635,281.78499999999997
1967,7,-0.01,0.078,0.014,0.019,-0.075,0.013,-0.059,0.014,-0.003,0.01,8.604,281.75399999999996
1967,8,-0.173,0.116,0.039,0.019,-0.062,0.012,-0.054,0.014,-0.002,0.01,8.629,281.779
1967,9,-0.032,0.099,0.097,0.025,-0.06,0.012,-0.055,0.013,-0.003,0.009,8.687,281.837
1967,10,0.537,0.056,0.1,0.023,-0.05,0.012,-0.056,0.013,-0.004,0.009,8.69,281.84
1967,11,0.056,0.073,0.047,0.014,-0.05,0.013,-0.059,0.013,-0.003,0.009,8.637,281.787
1967,12,0.255,0.061,0.052,0.017,-0.046,0.015,-0.06,0.013,-0.005,0.009,8.642,281.792
1968,1,-0.277,0.069,0.017,0.016,-0.04,0.013,-0.059,0.012,-0.008,0.009,8.607,281.75699999999995
1968,2,-0.001,0.12,-0.001,0.024,-0.042,0.014,-0.06,0.012,-0.009,0.009,8.589,281.739
1968,3,0.792,0.118,-0.045,0.025,-0.032,0.014,-0.053,0.012,-0.008,0.009,8.545,281.695
1968,4,0.106,0.133,-0.074,0.033,-0.034,0.014,-0.047,0.012,-0.006,0.009,8.516,281.666
1968,5,-0.349,0.144,-0.097,0.028,-0.031,0.013,-0.04,0.012,-0.007,0.009,8.493,281.643
1968,6,-0.268,0.147,-0.153,0.027,-0.035,0.012,-0.036,0.012,-0.006,0.009,8.437,281.587
1968,7,-0.427,0.09,-0.185,0.03,-0.027,0.012,-0.037,0.012,-0.006,0.009,8.405,281.55499999999995
1968,8,-0.395,0.066,-0.252,0.037,-0.034,0.012,-0.04,0.011,-0.007,0.009,8.338,281.488
1968,9,-0.549,0.088,-0.342,0.033,-0.042,0.012,-0.043,0.011,-0.006,0.009,8.248,281.39799999999997
1968,10,0.19,0.176,-0.333,0.032,-0.039,0.011,-0.046,0.01,-0.006,0.009,8.257,281.407
1968,11,-0.222,0.049,-0.303,0.027,-0.039,0.012,-0.048,0.01,-0.005,0.009,8.286999999999999,281.43699999999995
1968,12,-0.421,0.054,-0.283,0.034,-0.046,0.013,-0.047,0.011,-0.005,0.009,8.307,281.457
1969,1,-0.664,0.047,-0.261,0.037,-0.053,0.013,-0.051,0.01,-0.006,0.009,8.329,281.479
1969,2,-0.803,0.048,-0.233,0.037,-0.051,0.014,-0.054,0.01,-0.008,0.009,8.357,281.50699999999995
1969,3,-0.288,0.185,-0.195,0.031,-0.051,0.014,-0.051,0.009,-0.01,0.009,8.395,281.54499999999996
1969,4,0.217,0.121,-0.193,0.027,-0.046,0.014,-0.047,0.009,-0.011,0.009,8.397,281.54699999999997
1969,5,0.015,0.082,-0.15,0.024,-0.041,0.013,-0.045,0.009,-0.012,0.009,8.44,281.59
1969,6,-0.038,0.155,-0.07,0.022,-0.033,0.012,-0.045,0.009,-0.012,0.009,8.52,281.66999999999996
1969,7,-0.161,0.096,0.002,0.022,-0.047,0.013,-0.045,0.009,-0.014,0.009,8.592,281.74199999999996
1969,8,-0.059,0.146,0.114,0.023,-0.053,0.013,-0.042,0.009,-0.014,0.009,8.704,281.854
1969,9,-0.093,0.059,0.135,0.028,-0.056,0.013,-0.04,0.009,-0.012,0.009,8.725,281.875
1969,10,0.215,0.11,0.136,0.02,-0.057,0.014,-0.037,0.009,-0.01,0.009,8.725999999999999,281.876
1969,11,0.298,0.051,0.123,0.018,-0.065,0.015,-0.038,0.009,-0.008,0.009,8.713,281.863
1969,12,0.538,0.056,0.127,0.019,-0.06,0.015,-0.036,0.008,-0.004,0.009,8.717,281.86699999999996
1970,1,0.201,0.08,0.144,0.018,-0.062,0.015,-0.034,0.008,-0.003,0.008,8.734,281.88399999999996
1970,2,0.535,0.054,0.131,0.032,-0.054,0.016,-0.031,0.008,-0.003,0.008,8.721,281.871
1970,3,-0.037,0.128,0.153,0.024,-0.056,0.016,-0.026,0.008,0.001,0.008,8.743,281.893
1970,4,0.236,0.124,0.146,0.03,-0.064,0.016,-0.021,0.008,0.005,0.009,8.736,281.88599999999997
1970,5,-0.137,0.105,0.116,0.028,-0.07,0.015,-0.016,0.009,0.009,0.008,8.706,281.856
1970,6,0.001,0.064,0.057,0.025,-0.073,0.015,-0.014,0.011,0.01,0.009,8.647,281.79699999999997
1970,7,0.041,0.068,0.07,0.022,-0.061,0.015,-0.011,0.01,0.012,0.009,8.66,281.81
1970,8,-0.214,0.117,-0.004,0.026,-0.05,0.016,-0.014,0.01,0.014,0.009,8.586,281.736
1970,9,0.179,0.117,-0.027,0.02,-0.054,0.018,-0.01,0.011,0.015,0.009,8.563,281.71299999999997
1970,10,0.128,0.077,-0.048,0.018,-0.046,0.017,-0.011,0.011,0.015,0.009,8.542,281.69199999999995
1970,11,-0.067,0.043,-0.048,0.027,-0.033,0.016,-0.01,0.01,0.019,0.009,8.542,281.69199999999995
1970,12,-0.159,0.025,-0.08,0.022,-0.023,0.016,-0.011,0.009,0.019,0.008,8.51,281.65999999999997
1971,1,0.35,0.048,-0.101,0.02,-0.014,0.016,-0.007,0.009,0.022,0.008,8.488999999999999,281.63899999999995
1971,2,-0.356,0.09,-0.083,0.02,-0.007,0.015,-0.009,0.009,0.024,0.008,8.507,281.657
1971,3,-0.305,0.073,-0.095,0.023,0.003,0.014,-0.017,0.009,0.027,0.009,8.495,281.645
1971,4,-0.023,0.084,-0.095,0.023,0.006,0.012,-0.016,0.008,0.028,0.009,8.495,281.645
1971,5,-0.134,0.081,-0.075,0.023,0.012,0.011,-0.018,0.009,0.028,0.009,8.515,281.66499999999996
1971,6,-0.389,0.106,-0.044,0.023,0.022,0.01,-0.021,0.008,0.029,0.009,8.546,281.69599999999997
1971,7,-0.208,0.071,-0.135,0.024,0.028,0.009,-0.024,0.008,0.031,0.008,8.455,281.60499999999996
1971,8,0.008,0.119,-0.16,0.024,0.03,0.009,-0.026,0.009,0.034,0.008,8.43,281.58
1971,9,0.034,0.108,-0.143,0.024,0.033,0.009,-0.028,0.009,0.034,0.009,8.447,281.597
1971,10,0.126,0.123,-0.142,0.027,0.029,0.008,-0.033,0.009,0.034,0.008,8.448,281.59799999999996
1971,11,0.175,0.041,-0.146,0.03,0.027,0.008,-0.035,0.009,0.035,0.009,8.443999999999999,281.594
1971,12,0.209,0.07,-0.114,0.021,0.026,0.009,-0.032,0.009,0.04,0.009,8.475999999999999,281.626
1972,1,-0.742,0.097,-0.107,0.019,0.027,0.007,-0.033,0.009,0.038,0.009,8.483,281.633
1972,2,-0.658,0.062,-0.082,0.019,0.031,0.009,-0.028,0.009,0.037,0.009,8.508,281.65799999999996
1972,3,-0.103,0.114,-0.101,0.02,0.027,0.009,-0.026,0.008,0.034,0.009,8.488999999999999,281.63899999999995
1972,4,-0.007,0.077,-0.106,0.019,0.021,0.011,-0.022,0.008,0.034,0.009,8.484,281.63399999999996
1972,5,-0.176,0.107,-0.146,0.021,0.012,0.011,-0.02,0.008,0.035,0.009,8.443999999999999,281.594
1972,6,-0.012,0.087,-0.153,0.024,0.002,0.011,-0.014,0.008,0.035,0.009,8.437,281.587
1972,7,-0.126,0.104,-0.055,0.023,0.006,0.011,-0.011,0.008,0.037,0.009,8.535,281.685
1972,8,0.306,0.089,0.053,0.02,0.001,0.012,-0.008,0.009,0.037,0.009,8.643,281.793
1972,9,-0.184,0.122,0.106,0.022,0.008,0.01,-0.009,0.009,0.038,0.008,8.696,281.846
1972,10,0.065,0.15,0.159,0.022,0.008,0.009,-0.014,0.01,0.037,0.008,8.749,281.899
1972,11,-0.316,0.063,0.21,0.02,0.018,0.01,-0.01,0.01,0.036,0.008,8.8,281.95
1972,12,0.129,0.029,0.239,0.021,0.018,0.01,-0.011,0.01,0.038,0.008,8.829,281.979
1973,1,0.431,0.054,0.257,0.022,0.018,0.011,-0.008,0.01,0.041,0.008,8.847,281.99699999999996
1973,2,0.642,0.056,0.232,0.02,0.015,0.012,-0.005,0.01,0.04,0.008,8.822,281.972
1973,3,0.536,0.079,0.252,0.018,0.013,0.013,-0.009,0.01,0.043,0.008,8.842,281.99199999999996
1973,4,0.623,0.138,0.276,0.016,0.012,0.012,-0.006,0.01,0.045,0.008,8.866,282.01599999999996
1973,5,0.437,0.06,0.314,0.017,0.01,0.013,-0.003,0.01,0.049,0.008,8.904,282.054
1973,6,0.337,0.077,0.321,0.015,0.014,0.013,-0.003,0.01,0.049,0.008,8.911,282.061
1973,7,0.093,0.099,0.258,0.017,0.013,0.013,0.001,0.011,0.049,0.008,8.847999999999999,281.998
1973,8,0.011,0.159,0.15,0.018,0.016,0.014,-0.0,0.011,0.049,0.008,8.74,281.89
1973,9,0.052,0.074,0.094,0.028,0.009,0.014,0.004,0.011,0.05,0.008,8.684,281.834
1973,10,0.354,0.093,0.043,0.044,0.008,0.013,0.004,0.011,0.048,0.008,8.633,281.78299999999996
1973,11,0.137,0.048,-0.006,0.048,0.004,0.014,0.008,0.011,0.049,0.008,8.584,281.734
1973,12,0.209,0.073,-0.042,0.048,0.004,0.014,0.013,0.01,0.05,0.008,8.548,281.698
1974,1,-0.322,0.085,-0.055,0.046,0.005,0.013,0.019,0.01,0.051,0.008,8.535,281.685
1974,2,-0.647,0.105,-0.043,0.046,-0.001,0.015,0.023,0.01,0.051,0.008,8.547,281.697
1974,3,-0.14,0.132,-0.075,0.046,-0.005,0.015,0.026,0.01,0.055,0.007,8.515,281.66499999999996
1974,4,0.011,0.124,-0.116,0.046,-0.019,0.015,0.026,0.01,0.058,0.007,8.474,281.62399999999997
1974,5,-0.156,0.066,-0.146,0.045,-0.029,0.015,0.024,0.011,0.062,0.007,8.443999999999999,281.594
1974,6,-0.096,0.083,-0.172,0.047,-0.031,0.015,0.024,0.011,0.062,0.007,8.418,281.568
1974,7,-0.057,0.078,-0.107,0.048,-0.02,0.015,0.023,0.012,0.062,0.007,8.483,281.633
1974,8,0.153,0.087,-0.036,0.047,-0.004,0.015,0.023,0.012,0.064,0.007,8.554,281.70399999999995
1974,9,-0.334,0.069,0.009,0.037,0.005,0.015,0.026,0.011,0.066,0.007,8.599,281.74899999999997
1974,10,-0.135,0.057,0.03,0.027,0.014,0.015,0.026,0.012,0.069,0.007,8.62,281.77
1974,11,-0.221,0.085,0.078,0.027,0.025,0.016,0.026,0.012,0.068,0.007,8.668,281.818
1974,12,-0.101,0.117,0.09,0.036,0.032,0.015,0.029,0.011,0.068,0.007,8.68,281.83
1975,1,0.454,0.061,0.095,0.043,0.039,0.015,0.031,0.011,0.069,0.007,8.685,281.835
1975,2,0.204,0.081,0.05,0.038,0.038,0.016,0.03,0.011,0.067,0.007,8.64,281.78999999999996
1975,3,0.404,0.125,0.082,0.045,0.038,0.017,0.031,0.011,0.069,0.007,8.672,281.822
1975,4,0.264,0.087,0.1,0.043,0.036,0.018,0.034,0.01,0.072,0.007,8.69,281.84
1975,5,0.413,0.092,0.104,0.037,0.049,0.018,0.039,0.01,0.073,0.007,8.693999999999999,281.844
1975,6,0.057,0.158,0.117,0.039,0.05,0.018,0.04,0.01,0.074,0.007,8.707,281.85699999999997
1975,7,-0.007,0.122,0.104,0.04,0.046,0.018,0.043,0.011,0.074,0.007,8.693999999999999,281.844
1975,8,-0.384,0.162,0.075,0.045,0.04,0.019,0.047,0.011,0.075,0.007,8.665,281.815
1975,9,0.05,0.097,-0.024,0.038,0.036,0.02,0.048,0.011,0.076,0.007,8.566,281.71599999999995
1975,10,0.083,0.048,-0.049,0.038,0.034,0.02,0.049,0.011,0.076,0.007,8.541,281.691
1975,11,-0.178,0.042,-0.116,0.039,0.027,0.021,0.055,0.011,0.077,0.007,8.474,281.62399999999997
1975,12,0.054,0.045,-0.155,0.026,0.017,0.02,0.06,0.011,0.077,0.007,8.435,281.585
1976,1,0.304,0.047,-0.167,0.02,0.016,0.02,0.067,0.011,0.081,0.007,8.423,281.573
1976,2,-0.139,0.115,-0.163,0.047,0.007,0.02,0.077,0.011,0.084,0.007,8.427,281.577
1976,3,-0.783,0.041,-0.181,0.044,0.005,0.02,0.087,0.011,0.086,0.007,8.409,281.55899999999997
1976,4,-0.043,0.057,-0.248,0.041,0.001,0.02,0.092,0.011,0.089,0.007,8.342,281.49199999999996
1976,5,-0.393,0.149,-0.268,0.043,0.004,0.019,0.095,0.011,0.09,0.006,8.322,281.472
1976,6,-0.402,0.106,-0.267,0.042,0.003,0.018,0.1,0.011,0.09,0.006,8.323,281.47299999999996
1976,7,-0.152,0.243,-0.298,0.042,0.01,0.019,0.105,0.011,0.089,0.006,8.292,281.44199999999995
1976,8,-0.338,0.23,-0.261,0.045,0.015,0.019,0.111,0.011,0.09,0.006,8.329,281.479
1976,9,-0.173,0.066,-0.16,0.045,0.02,0.019,0.112,0.011,0.089,0.007,8.43,281.58
1976,10,-0.717,0.108,-0.113,0.04,0.022,0.019,0.112,0.011,0.09,0.007,8.477,281.62699999999995
1976,11,-0.419,0.041,-0.042,0.045,0.021,0.02,0.112,0.011,0.09,0.007,8.548,281.698
1976,12,0.07,0.064,0.026,0.047,0.022,0.02,0.118,0.011,0.092,0.007,8.616,281.76599999999996
1977,1,-0.074,0.07,0.065,0.032,0.019,0.02,0.124,0.011,0.095,0.007,8.655,281.80499999999995
1977,2,0.307,0.094,0.116,0.028,0.016,0.02,0.13,0.011,0.1,0.007,8.706,281.856
1977,3,0.431,0.059,0.114,0.029,0.024,0.02,0.128,0.011,0.1,0.007,8.704,281.854
1977,4,0.519,0.06,0.17,0.036,0.032,0.02,0.129,0.011,0.1,0.007,8.76,281.90999999999997
1977,5,0.459,0.199,0.244,0.038,0.039,0.018,0.131,0.011,0.1,0.007,8.834,281.984
1977,6,0.419,0.071,0.252,0.035,0.057,0.018,0.129,0.01,0.103,0.006,8.842,281.99199999999996
1977,7,0.315,0.144,0.271,0.031,0.056,0.018,0.132,0.01,0.106,0.006,8.861,282.01099999999997
1977,8,0.272,0.114,0.27,0.033,0.06,0.018,0.129,0.01,0.107,0.006,8.86,282.01
1977,9,-0.194,0.064,0.26,0.033,0.054,0.017,0.13,0.011,0.109,0.006,8.85,282.0
1977,10,-0.048,0.084,0.257,0.032,0.059,0.018,0.13,0.011,0.108,0.007,8.847,281.99699999999996
1977,11,0.469,0.037,0.224,0.032,0.06,0.016,0.132,0.011,0.108,0.007,8.814,281.964
1977,12,0.167,0.11,0.166,0.032,0.061,0.015,0.137,0.011,0.111,0.007,8.756,281.90599999999995
1978,1,0.158,0.09,0.143,0.03,0.067,0.014,0.141,0.011,0.116,0.007,8.733,281.883
1978,2,0.285,0.059,0.074,0.022,0.079,0.018,0.141,0.012,0.117,0.006,8.664,281.81399999999996
1978,3,0.317,0.078,0.088,0.025,0.083,0.018,0.14,0.012,0.116,0.006,8.677999999999999,281.828
1978,4,0.481,0.039,0.101,0.019,0.086,0.017,0.138,0.012,0.118,0.007,8.691,281.84099999999995
1978,5,0.06,0.092,0.086,0.019,0.1,0.016,0.137,0.012,0.122,0.007,8.676,281.82599999999996
1978,6,-0.272,0.121,0.085,0.015,0.105,0.016,0.135,0.011,0.126,0.007,8.675,281.825
1978,7,0.032,0.102,0.081,0.018,0.121,0.015,0.134,0.012,0.129,0.007,8.671,281.82099999999997
1978,8,-0.554,0.063,0.029,0.015,0.137,0.015,0.138,0.012,0.134,0.007,8.619,281.769
1978,9,-0.028,0.061,0.014,0.014,0.165,0.015,0.143,0.012,0.139,0.007,8.604,281.75399999999996
1978,10,0.113,0.052,-0.015,0.02,0.176,0.016,0.142,0.011,0.141,0.008,8.575,281.72499999999997
1978,11,0.293,0.019,-0.036,0.015,0.185,0.015,0.146,0.011,0.143,0.008,8.554,281.70399999999995
1978,12,0.155,0.077,-0.018,0.02,0.197,0.015,0.147,0.01,0.148,0.007,8.572,281.722
1979,1,0.107,0.036,-0.043,0.024,0.206,0.014,0.153,0.011,0.152,0.008,8.547,281.697
1979,2,-0.344,0.077,0.001,0.022,0.223,0.012,0.157,0.01,0.157,0.008,8.591,281.741
1979,3,0.14,0.102,0.018,0.029,0.228,0.012,0.161,0.011,0.16,0.007,8.608,281.758
1979,4,0.138,0.095,0.036,0.031,0.242,0.013,0.162,0.011,0.161,0.007,8.626,281.77599999999995
1979,5,-0.193,0.145,0.029,0.035,0.252,0.013,0.169,0.011,0.161,0.007,8.619,281.769
1979,6,-0.063,0.114,0.097,0.039,0.267,0.013,0.169,0.011,0.161,0.008,8.687,281.837
1979,7,-0.263,0.094,0.12,0.038,0.268,0.013,0.17,0.011,0.163,0.008,8.709999999999999,281.85999999999996
1979,8,-0.023,0.095,0.188,0.036,0.264,0.012,0.17,0.01,0.164,0.007,8.778,281.928
1979,9,0.172,0.073,0.18,0.025,0.25,0.012,0.172,0.01,0.166,0.007,8.77,281.91999999999996
1979,10,0.334,0.088,0.217,0.02,0.244,0.012,0.175,0.011,0.168,0.007,8.807,281.957
1979,11,0.21,0.09,0.27,0.02,0.237,0.009,0.174,0.01,0.167,0.007,8.86,282.01
1979,12,0.967,0.05,0.283,0.015,0.227,0.008,0.172,0.01,0.168,0.007,8.873,282.02299999999997
1980,1,0.376,0.048,0.339,0.016,0.225,0.007,0.172,0.01,0.17,0.007,8.929,282.07899999999995
1980,2,0.478,0.061,0.368,0.024,0.219,0.007,0.166,0.011,0.17,0.007,8.958,282.108
1980,3,0.046,0.092,0.375,0.033,0.222,0.007,0.164,0.011,0.176,0.007,8.965,282.11499999999995
1980,4,0.58,0.117,0.372,0.037,0.223,0.007,0.164,0.01,0.179,0.007,8.962,282.11199999999997
1980,5,0.446,0.069,0.406,0.039,0.214,0.008,0.161,0.01,0.182,0.007,8.996,282.14599999999996
1980,6,0.094,0.118,0.359,0.041,0.224,0.009,0.162,0.009,0.184,0.007,8.949,282.099
1980,7,0.401,0.049,0.431,0.039,0.236,0.01,0.159,0.008,0.185,0.007,9.020999999999999,282.171
1980,8,0.332,0.133,0.462,0.041,0.242,0.011,0.164,0.009,0.187,0.007,9.052,282.202
1980,9,0.249,0.082,0.532,0.039,0.243,0.011,0.162,0.009,0.187,0.007,9.122,282.272
1980,10,0.308,0.06,0.532,0.038,0.241,0.011,0.163,0.01,0.189,0.008,9.122,282.272
1980,11,0.616,0.066,0.511,0.038,0.247,0.011,0.164,0.011,0.193,0.007,9.100999999999999,282.251
1980,12,0.404,0.076,0.527,0.038,0.252,0.012,0.165,0.011,0.197,0.007,9.116999999999999,282.267
1981,1,1.233,0.109,0.526,0.036,0.252,0.013,0.169,0.011,0.199,0.007,9.116,282.26599999999996
1981,2,0.848,0.098,0.555,0.038,0.269,0.014,0.177,0.011,0.204,0.007,9.145,282.29499999999996
1981,3,0.891,0.068,0.546,0.034,0.28,0.014,0.188,0.011,0.206,0.007,9.136,282.286
1981,4,0.582,0.079,0.532,0.032,0.282,0.014,0.193,0.011,0.211,0.007,9.122,282.272
1981,5,0.192,0.091,0.495,0.028,0.289,0.014,0.198,0.011,0.212,0.008,9.084999999999999,282.23499999999996
1981,6,0.288,0.115,0.539,0.025,0.29,0.015,0.201,0.011,0.218,0.008,9.129,282.279
1981,7,0.386,0.087,0.435,0.02,0.295,0.016,0.202,0.01,0.221,0.008,9.025,282.17499999999995
1981,8,0.683,0.105,0.374,0.019,0.299,0.017,0.206,0.01,0.223,0.008,8.964,282.114
1981,9,0.134,0.122,0.265,0.016,0.303,0.018,0.206,0.011,0.226,0.008,8.855,282.005
1981,10,0.137,0.042,0.228,0.019,0.302,0.02,0.213,0.011,0.227,0.008,8.818,281.96799999999996
1981,11,0.182,0.046,0.215,0.025,0.317,0.02,0.216,0.012,0.228,0.008,8.805,281.955
1981,12,0.927,0.05,0.175,0.028,0.316,0.022,0.217,0.012,0.23,0.008,8.765,281.91499999999996
1982,1,-0.016,0.05,0.161,0.029,0.322,0.022,0.223,0.013,0.237,0.008,8.751,281.90099999999995
1982,2,0.119,0.04,0.099,0.02,0.323,0.019,0.228,0.013,0.243,0.008,8.689,281.839
1982,3,-0.417,0.068,0.085,0.025,0.32,0.019,0.225,0.013,0.246,0.008,8.675,281.825
1982,4,0.14,0.089,0.075,0.028,0.317,0.021,0.223,0.012,0.247,0.008,8.665,281.815
1982,5,0.033,0.096,0.052,0.026,0.31,0.02,0.221,0.012,0.249,0.008,8.642,281.792
1982,6,-0.192,0.07,0.037,0.023,0.286,0.02,0.221,0.012,0.249,0.008,8.627,281.777
1982,7,0.214,0.125,0.112,0.023,0.288,0.02,0.223,0.012,0.249,0.008,8.702,281.852
1982,8,-0.06,0.087,0.157,0.029,0.271,0.022,0.221,0.013,0.247,0.008,8.747,281.897
1982,9,-0.028,0.075,0.224,0.032,0.273,0.022,0.226,0.013,0.246,0.009,8.814,281.964
1982,10,0.01,0.061,0.244,0.03,0.268,0.022,0.23,0.013,0.247,0.008,8.834,281.984
1982,11,-0.093,0.141,0.276,0.024,0.263,0.023,0.226,0.013,0.247,0.008,8.866,282.01599999999996
1982,12,0.75,0.103,0.293,0.031,0.263,0.021,0.232,0.014,0.249,0.009,8.883,282.03299999999996
1983,1,0.885,0.066,0.277,0.027,0.25,0.02,0.239,0.014,0.25,0.009,8.866999999999999,282.017
1983,2,0.659,0.101,0.319,0.036,0.248,0.021,0.238,0.014,0.25,0.009,8.909,282.05899999999997
1983,3,0.386,0.043,0.375,0.037,0.242,0.022,0.241,0.014,0.25,0.009,8.965,282.11499999999995
1983,4,0.386,0.044,0.397,0.038,0.239,0.023,0.243,0.014,0.249,0.009,8.987,282.137
1983,5,0.411,0.055,0.461,0.036,0.227,0.025,0.247,0.015,0.248,0.009,9.051,282.20099999999996
1983,6,0.009,0.121,0.42,0.04,0.225,0.025,0.254,0.015,0.247,0.009,9.01,282.15999999999997
1983,7,0.019,0.108,0.377,0.042,0.217,0.024,0.258,0.016,0.248,0.01,8.967,282.11699999999996
1983,8,0.45,0.124,0.314,0.037,0.217,0.024,0.268,0.015,0.248,0.01,8.904,282.054
1983,9,0.642,0.096,0.313,0.039,0.21,0.023,0.274,0.016,0.247,0.01,8.903,282.053
1983,10,0.274,0.088,0.29,0.049,0.21,0.024,0.279,0.016,0.248,0.009,8.879999999999999,282.03
1983,11,0.675,0.05,0.312,0.047,0.211,0.022,0.279,0.016,0.246,0.009,8.902,282.05199999999996
1983,12,0.255,0.065,0.302,0.051,0.206,0.022,0.284,0.016,0.247,0.009,8.892,282.042
1984,1,0.37,0.074,0.307,0.046,0.199,0.02,0.284,0.017,0.25,0.009,8.897,282.04699999999997
1984,2,-0.091,0.068,0.276,0.028,0.19,0.02,0.291,0.017,0.251,0.009,8.866,282.01599999999996
1984,3,0.376,0.091,0.22,0.028,0.184,0.022,0.294,0.017,0.254,0.009,8.81,281.96
1984,4,0.105,0.14,0.21,0.036,0.184,0.023,0.296,0.017,0.257,0.009,8.8,281.95
1984,5,0.678,0.081,0.134,0.033,0.179,0.024,0.297,0.017,0.259,0.008,8.724,281.87399999999997
1984,6,-0.113,0.143,0.076,0.028,0.167,0.025,0.298,0.016,0.262,0.008,8.666,281.816
1984,7,0.079,0.081,0.084,0.025,0.177,0.025,0.302,0.016,0.264,0.008,8.674,281.82399999999996
1984,8,0.08,0.145,0.05,0.028,0.192,0.024,0.305,0.016,0.264,0.008,8.64,281.78999999999996
1984,9,-0.032,0.041,0.03,0.027,0.199,0.025,0.307,0.015,0.267,0.008,8.62,281.77
1984,10,0.158,0.15,0.047,0.015,0.201,0.023,0.309,0.015,0.271,0.008,8.637,281.787
1984,11,-0.241,0.031,-0.001,0.019,0.204,0.023,0.308,0.015,0.275,0.008,8.589,281.739
1984,12,-0.442,0.067,0.018,0.011,0.215,0.022,0.307,0.015,0.278,0.008,8.608,281.758
1985,1,0.461,0.055,-0.019,0.02,0.221,0.021,0.31,0.015,0.28,0.008,8.571,281.721
1985,2,-0.499,0.096,-0.009,0.012,0.223,0.021,0.31,0.016,0.286,0.008,8.581,281.731
1985,3,0.145,0.086,-0.017,0.013,0.23,0.02,0.322,0.017,0.287,0.008,8.573,281.72299999999996
1985,4,0.301,0.059,-0.018,0.014,0.237,0.02,0.324,0.017,0.289,0.008,8.572,281.722
1985,5,0.102,0.075,-0.005,0.024,0.239,0.02,0.325,0.017,0.288,0.009,8.584999999999999,281.73499999999996
1985,6,0.121,0.196,0.052,0.028,0.241,0.021,0.328,0.017,0.291,0.009,8.642,281.792
1985,7,-0.367,0.17,0.078,0.028,0.242,0.021,0.328,0.017,0.294,0.009,8.668,281.818
1985,8,0.201,0.053,0.189,0.023,0.235,0.021,0.328,0.018,0.299,0.009,8.779,281.929
1985,9,-0.123,0.098,0.219,0.017,0.239,0.021,0.327,0.018,0.301,0.009,8.809,281.959
1985,10,0.136,0.189,0.24,0.021,0.244,0.02,0.33,0.018,0.304,0.009,8.83,281.97999999999996
1985,11,-0.079,0.162,0.255,0.017,0.247,0.02,0.332,0.018,0.308,0.009,8.845,281.995
1985,12,0.236,0.078,0.241,0.024,0.257,0.02,0.335,0.017,0.31,0.009,8.831,281.981
1986,1,0.784,0.109,0.269,0.029,0.264,0.02,0.331,0.017,0.31,0.009,8.859,282.00899999999996
1986,2,0.831,0.04,0.263,0.032,0.267,0.018,0.331,0.017,0.314,0.009,8.853,282.003
1986,3,0.507,0.098,0.255,0.031,0.268,0.019,0.326,0.017,0.319,0.009,8.845,281.995
1986,4,0.55,0.04,0.255,0.028,0.276,0.021,0.329,0.017,0.32,0.009,8.845,281.995
1986,5,0.285,0.091,0.253,0.023,0.269,0.021,0.33,0.016,0.323,0.009,8.843,281.993
1986,6,-0.05,0.101,0.25,0.028,0.278,0.02,0.335,0.016,0.326,0.009,8.84,281.98999999999995
1986,7,-0.037,0.08,0.237,0.028,0.274,0.019,0.337,0.015,0.328,0.01,8.827,281.977
1986,8,0.13,0.079,0.25,0.029,0.283,0.019,0.335,0.015,0.333,0.01,8.84,281.98999999999995
1986,9,-0.213,0.099,0.208,0.029,0.285,0.018,0.34,0.016,0.335,0.01,8.798,281.948
1986,10,0.134,0.11,0.186,0.027,0.29,0.018,0.343,0.016,0.339,0.01,8.776,281.926
1986,11,-0.107,0.072,0.179,0.031,0.278,0.018,0.345,0.016,0.343,0.01,8.769,281.919
1986,12,0.205,0.082,0.222,0.029,0.28,0.018,0.341,0.016,0.345,0.01,8.812,281.962
1987,1,0.622,0.041,0.271,0.026,0.283,0.017,0.35,0.016,0.348,0.01,8.861,282.01099999999997
1987,2,0.988,0.054,0.265,0.02,0.287,0.015,0.355,0.016,0.349,0.011,8.855,282.005
1987,3,0.002,0.056,0.318,0.023,0.293,0.014,0.364,0.016,0.35,0.01,8.908,282.058
1987,4,0.283,0.06,0.341,0.026,0.3,0.014,0.365,0.016,0.351,0.01,8.931,282.08099999999996
1987,5,0.207,0.068,0.35,0.031,0.306,0.015,0.367,0.015,0.35,0.01,8.94,282.09
1987,6,0.462,0.104,0.409,0.033,0.328,0.015,0.369,0.015,0.351,0.011,8.999,282.149
1987,7,0.558,0.11,0.433,0.033,0.332,0.015,0.366,0.015,0.35,0.011,9.023,282.173
1987,8,0.05,0.082,0.372,0.032,0.349,0.016,0.366,0.015,0.351,0.011,8.962,282.11199999999997
1987,9,0.423,0.12,0.425,0.027,0.371,0.016,0.363,0.015,0.354,0.011,9.015,282.16499999999996
1987,10,0.419,0.089,0.46,0.027,0.38,0.017,0.364,0.015,0.358,0.011,9.05,282.2
1987,11,-0.001,0.067,0.488,0.03,0.388,0.017,0.363,0.015,0.36,0.011,9.078,282.22799999999995
1987,12,0.906,0.074,0.501,0.03,0.393,0.017,0.361,0.015,0.362,0.011,9.091,282.241
1988,1,0.913,0.056,0.491,0.033,0.406,0.018,0.359,0.015,0.365,0.011,9.081,282.231
1988,2,0.261,0.071,0.543,0.03,0.407,0.018,0.359,0.015,0.371,0.012,9.133,282.28299999999996
1988,3,0.632,0.077,0.563,0.027,0.412,0.017,0.361,0.015,0.373,0.012,9.153,282.303
1988,4,0.704,0.055,0.592,0.028,0.42,0.017,0.361,0.014,0.375,0.012,9.182,282.332
1988,5,0.55,0.094,0.612,0.026,0.436,0.017,0.359,0.014,0.379,0.012,9.202,282.352
1988,6,0.618,0.095,0.602,0.021,0.445,0.017,0.36,0.014,0.384,0.012,9.192,282.342
1988,7,0.434,0.064,0.539,0.019,0.444,0.017,0.362,0.014,0.388,0.012,9.129,282.279
1988,8,0.671,0.125,0.555,0.019,0.445,0.017,0.358,0.014,0.395,0.012,9.145,282.29499999999996
1988,9,0.662,0.088,0.542,0.023,0.442,0.018,0.352,0.014,0.398,0.012,9.132,282.282
1988,10,0.775,0.106,0.517,0.026,0.449,0.017,0.353,0.014,0.4,0.012,9.107,282.25699999999995
1988,11,0.241,0.051,0.467,0.025,0.449,0.017,0.345,0.014,0.401,0.012,9.057,282.207
1988,12,0.779,0.076,0.415,0.028,0.464,0.017,0.347,0.014,0.405,0.012,9.004999999999999,282.155
1989,1,0.156,0.053,0.404,0.025,0.476,0.016,0.348,0.014,0.408,0.012,8.994,282.144
1989,2,0.457,0.036,0.373,0.024,0.481,0.016,0.346,0.013,0.416,0.012,8.963,282.113
1989,3,0.477,0.055,0.348,0.032,0.495,0.017,0.346,0.013,0.417,0.012,8.938,282.08799999999997
1989,4,0.401,0.106,0.33,0.034,0.503,0.017,0.352,0.013,0.418,0.012,8.92,282.07
1989,5,-0.044,0.111,0.321,0.034,0.511,0.017,0.349,0.013,0.42,0.012,8.911,282.061
1989,6,-0.006,0.086,0.329,0.036,0.516,0.017,0.356,0.012,0.423,0.012,8.919,282.06899999999996
1989,7,0.291,0.078,0.374,0.037,0.522,0.017,0.358,0.013,0.426,0.012,8.964,282.114
1989,8,0.307,0.217,0.38,0.037,0.518,0.017,0.359,0.013,0.428,0.012,8.97,282.12
1989,9,0.356,0.101,0.461,0.031,0.528,0.017,0.363,0.013,0.43,0.012,9.051,282.20099999999996
1989,10,0.559,0.095,0.5,0.032,0.528,0.017,0.368,0.012,0.432,0.012,9.09,282.23999999999995
1989,11,0.14,0.073,0.548,0.031,0.529,0.017,0.377,0.013,0.434,0.012,9.138,282.28799999999995
1989,12,0.872,0.104,0.584,0.032,0.523,0.016,0.385,0.013,0.434,0.012,9.174,282.32399999999996
1990,1,0.7,0.055,0.596,0.027,0.511,0.017,0.389,0.013,0.434,0.012,9.186,282.33599999999996
1990,2,0.524,0.085,0.592,0.029,0.509,0.018,0.406,0.013,0.436,0.012,9.182,282.332
1990,3,1.445,0.103,0.576,0.03,0.495,0.018,0.41,0.013,0.44,0.012,9.166,282.316
1990,4,0.873,0.063,0.583,0.029,0.491,0.018,0.414,0.013,0.442,0.012,9.173,282.323
1990,5,0.534,0.035,0.642,0.026,0.488,0.019,0.415,0.013,0.443,0.012,9.232,282.38199999999995
1990,6,0.422,0.082,0.637,0.027,0.48,0.018,0.42,0.013,0.445,0.012,9.227,282.37699999999995
1990,7,0.442,0.125,0.637,0.027,0.477,0.019,0.429,0.014,0.446,0.012,9.227,282.37699999999995
1990,8,0.256,0.06,0.67,0.025,0.483,0.018,0.434,0.013,0.447,0.013,9.26,282.40999999999997
1990,9,0.164,0.144,0.573,0.021,0.483,0.018,0.44,0.013,0.448,0.013,9.163,282.313
1990,10,0.646,0.088,0.581,0.019,0.478,0.018,0.446,0.013,0.448,0.013,9.171,282.32099999999997
1990,11,0.837,0.117,0.563,0.018,0.472,0.017,0.453,0.013,0.446,0.012,9.153,282.303
1990,12,0.823,0.088,0.597,0.017,0.463,0.017,0.455,0.013,0.446,0.012,9.187,282.337
1991,1,0.695,0.067,0.616,0.024,0.46,0.017,0.451,0.014,0.444,0.012,9.206,282.356
1991,2,0.919,0.044,0.634,0.024,0.449,0.017,0.451,0.013,0.443,0.012,9.224,282.37399999999997
1991,3,0.287,0.045,0.673,0.023,0.436,0.018,0.449,0.013,0.443,0.012,9.263,282.41299999999995
1991,4,0.961,0.061,0.666,0.026,0.43,0.018,0.448,0.013,0.444,0.012,9.256,282.40599999999995
1991,5,0.316,0.082,0.628,0.023,0.421,0.019,0.448,0.013,0.447,0.011,9.218,282.368
1991,6,0.832,0.041,0.601,0.026,0.416,0.018,0.45,0.013,0.449,0.011,9.190999999999999,282.34099999999995
1991,7,0.671,0.075,0.629,0.026,0.422,0.018,0.454,0.013,0.451,0.011,9.219,282.36899999999997
1991,8,0.476,0.056,0.612,0.025,0.408,0.018,0.459,0.013,0.45,0.011,9.202,282.352
1991,9,0.625,0.068,0.641,0.028,0.408,0.018,0.464,0.013,0.452,0.011,9.231,282.381
1991,10,0.563,0.054,0.584,0.026,0.413,0.019,0.465,0.013,0.455,0.011,9.174,282.32399999999996
1991,11,0.38,0.066,0.577,0.03,0.421,0.018,0.47,0.013,0.459,0.011,9.167,282.31699999999995
1991,12,0.501,0.097,0.519,0.032,0.432,0.019,0.474,0.012,0.459,0.011,9.109,282.25899999999996
1992,1,1.033,0.06,0.448,0.03,0.434,0.019,0.474,0.012,0.465,0.011,9.038,282.188
1992,2,0.716,0.063,0.402,0.032,0.431,0.018,0.471,0.013,0.471,0.011,8.991999999999999,282.142
1992,3,0.638,0.089,0.317,0.035,0.432,0.017,0.476,0.013,0.479,0.011,8.907,282.05699999999996
1992,4,0.269,0.062,0.282,0.042,0.437,0.016,0.479,0.013,0.482,0.011,8.872,282.022
1992,5,0.239,0.085,0.236,0.042,0.447,0.016,0.479,0.013,0.486,0.011,8.826,281.976
1992,6,0.136,0.052,0.233,0.03,0.441,0.016,0.481,0.013,0.489,0.011,8.823,281.97299999999996
1992,7,-0.182,0.029,0.207,0.032,0.446,0.016,0.478,0.013,0.493,0.011,8.797,281.947
1992,8,-0.077,0.053,0.2,0.03,0.463,0.016,0.481,0.013,0.496,0.011,8.79,281.94
1992,9,-0.403,0.072,0.2,0.027,0.45,0.015,0.482,0.013,0.5,0.011,8.79,281.94
1992,10,0.153,0.123,0.209,0.025,0.447,0.015,0.486,0.013,0.503,0.01,8.799,281.94899999999996
1992,11,-0.18,0.065,0.204,0.023,0.442,0.015,0.493,0.012,0.507,0.01,8.794,281.94399999999996
1992,12,0.47,0.127,0.2,0.023,0.447,0.015,0.492,0.012,0.506,0.01,8.79,281.94
1993,1,0.719,0.1,0.236,0.023,0.453,0.016,0.492,0.012,0.508,0.01,8.826,281.976
1993,2,0.632,0.059,0.242,0.024,0.461,0.016,0.504,0.012,0.509,0.01,8.832,281.98199999999997
1993,3,0.635,0.07,0.268,0.026,0.468,0.016,0.504,0.012,0.511,0.01,8.858,282.008
1993,4,0.385,0.057,0.291,0.035,0.472,0.015,0.507,0.011,0.513,0.01,8.881,282.03099999999995
1993,5,0.179,0.066,0.28,0.033,0.47,0.015,0.51,0.011,0.514,0.009,8.87,282.02
1993,6,0.09,0.055,0.28,0.029,0.465,0.014,0.514,0.012,0.517,0.009,8.87,282.02
1993,7,0.247,0.091,0.261,0.026,0.459,0.014,0.519,0.011,0.519,0.009,8.850999999999999,282.001
1993,8,-0.007,0.07,0.179,0.022,0.457,0.014,0.522,0.011,0.521,0.009,8.769,281.919
1993,9,-0.091,0.077,0.165,0.021,0.457,0.014,0.522,0.011,0.522,0.009,8.754999999999999,281.905
1993,10,0.426,0.076,0.193,0.021,0.447,0.014,0.521,0.011,0.526,0.009,8.783,281.933
1993,11,-0.309,0.069,0.211,0.022,0.446,0.014,0.522,0.01,0.526,0.009,8.801,281.95099999999996
1993,12,0.468,0.043,0.261,0.02,0.436,0.013,0.525,0.01,0.531,0.009,8.850999999999999,282.001
1994,1,0.487,0.066,0.272,0.022,0.433,0.013,0.533,0.01,0.533,0.009,8.862,282.012
1994,2,-0.342,0.068,0.282,0.019,0.437,0.013,0.541,0.01,0.539,0.008,8.872,282.022
1994,3,0.46,0.05,0.329,0.017,0.432,0.013,0.539,0.01,0.542,0.008,8.919,282.06899999999996
1994,4,0.728,0.05,0.36,0.012,0.427,0.013,0.54,0.01,0.546,0.008,8.95,282.09999999999997
1994,5,0.391,0.06,0.449,0.012,0.429,0.013,0.543,0.01,0.544,0.008,9.039,282.18899999999996
1994,6,0.69,0.032,0.454,0.012,0.433,0.012,0.548,0.01,0.546,0.007,9.044,282.19399999999996
1994,7,0.378,0.083,0.498,0.016,0.425,0.012,0.55,0.01,0.546,0.007,9.088,282.238
1994,8,0.113,0.045,0.652,0.019,0.424,0.012,0.552,0.01,0.547,0.008,9.241999999999999,282.392
1994,9,0.471,0.076,0.669,0.018,0.424,0.012,0.554,0.01,0.549,0.008,9.259,282.409
1994,10,0.803,0.045,0.667,0.014,0.429,0.012,0.556,0.01,0.552,0.008,9.257,282.407
1994,11,0.758,0.045,0.657,0.013,0.429,0.012,0.56,0.01,0.559,0.007,9.247,282.397
1994,12,0.521,0.061,0.657,0.014,0.438,0.013,0.56,0.01,0.563,0.007,9.247,282.397
1995,1,1.017,0.065,0.691,0.008,0.445,0.013,0.558,0.01,0.567,0.007,9.281,282.431
1995,2,1.506,0.073,0.747,0.008,0.452,0.013,0.562,0.009,0.572,0.007,9.337,282.48699999999997
1995,3,0.671,0.072,0.752,0.011,0.469,0.013,0.558,0.009,0.577,0.007,9.342,282.49199999999996
1995,4,0.695,0.063,0.759,0.013,0.482,0.015,0.561,0.009,0.581,0.007,9.349,282.49899999999997
1995,5,0.277,0.056,0.755,0.016,0.498,0.015,0.561,0.009,0.584,0.007,9.345,282.495
1995,6,0.692,0.06,0.756,0.016,0.504,0.013,0.562,0.009,0.588,0.007,9.346,282.496
1995,7,0.778,0.054,0.699,0.016,0.506,0.012,0.563,0.009,0.593,0.008,9.289,282.43899999999996
1995,8,0.791,0.04,0.642,0.017,0.524,0.012,0.566,0.009,0.595,0.008,9.232,282.38199999999995
1995,9,0.529,0.078,0.608,0.017,0.525,0.013,0.569,0.009,0.6,0.007,9.198,282.34799999999996
1995,10,0.893,0.085,0.581,0.019,0.536,0.013,0.566,0.009,0.606,0.007,9.171,282.32099999999997
1995,11,0.711,0.071,0.581,0.013,0.549,0.013,0.561,0.008,0.612,0.007,9.171,282.32099999999997
1995,12,0.526,0.054,0.541,0.015,0.565,0.013,0.556,0.008,0.616,0.007,9.131,282.28099999999995
1996,1,0.336,0.051,0.518,0.015,0.578,0.011,0.557,0.008,0.616,0.007,9.108,282.258
1996,2,0.823,0.089,0.514,0.018,0.595,0.01,0.554,0.008,0.617,0.007,9.104,282.25399999999996
1996,3,0.259,0.052,0.493,0.015,0.607,0.009,0.56,0.008,0.62,0.007,9.083,282.233
1996,4,0.378,0.065,0.444,0.015,0.612,0.009,0.559,0.008,0.62,0.007,9.034,282.18399999999997
1996,5,0.274,0.091,0.424,0.015,0.624,0.009,0.565,0.008,0.621,0.007,9.014,282.164
1996,6,0.213,0.059,0.441,0.014,0.634,0.009,0.563,0.009,0.625,0.007,9.031,282.181
1996,7,0.499,0.084,0.463,0.013,0.644,0.01,0.564,0.009,0.628,0.007,9.052999999999999,282.203
1996,8,0.741,0.043,0.445,0.011,0.674,0.011,0.565,0.009,0.632,0.008,9.035,282.185
1996,9,0.282,0.068,0.478,0.011,0.671,0.011,0.565,0.008,0.637,0.008,9.068,282.21799999999996
1996,10,0.304,0.048,0.493,0.013,0.666,0.011,0.566,0.008,0.641,0.008,9.083,282.233
1996,11,0.469,0.049,0.493,0.018,0.666,0.011,0.573,0.008,0.645,0.008,9.083,282.233
1996,12,0.726,0.042,0.532,0.02,0.664,0.011,0.577,0.008,0.65,0.008,9.122,282.272
1997,1,0.604,0.057,0.506,0.022,0.666,0.011,0.58,0.008,0.656,0.008,9.096,282.246
1997,2,0.603,0.068,0.476,0.025,0.673,0.011,0.587,0.008,0.656,0.008,9.065999999999999,282.21599999999995
1997,3,0.661,0.072,0.504,0.026,0.676,0.011,0.594,0.008,0.661,0.008,9.094,282.24399999999997
1997,4,0.558,0.066,0.555,0.025,0.676,0.011,0.599,0.008,0.666,0.008,9.145,282.29499999999996
1997,5,0.272,0.054,0.583,0.024,0.672,0.012,0.605,0.008,0.67,0.008,9.173,282.323
1997,6,0.68,0.083,0.592,0.022,0.68,0.011,0.609,0.009,0.672,0.008,9.182,282.332
1997,7,0.187,0.076,0.611,0.02,0.67,0.011,0.619,0.008,0.673,0.008,9.201,282.351
1997,8,0.384,0.063,0.7,0.019,0.662,0.012,0.626,0.008,0.677,0.008,9.29,282.44
1997,9,0.613,0.054,0.703,0.018,0.665,0.012,0.637,0.009,0.679,0.008,9.293,282.443
1997,10,0.915,0.035,0.744,0.02,0.674,0.012,0.642,0.009,0.682,0.008,9.334,282.484
1997,11,0.806,0.048,0.802,0.018,0.679,0.012,0.651,0.008,0.686,0.008,9.392,282.542
1997,12,0.84,0.078,0.834,0.018,0.678,0.011,0.651,0.008,0.686,0.008,9.424,282.57399999999996
1998,1,0.828,0.089,0.902,0.019,0.673,0.012,0.657,0.008,0.684,0.008,9.491999999999999,282.642
1998,2,1.674,0.076,0.957,0.023,0.671,0.012,0.659,0.008,0.685,0.008,9.547,282.697
1998,3,0.701,0.057,0.957,0.022,0.671,0.012,0.66,0.008,0.689,0.008,9.547,282.697
1998,4,1.041,0.096,0.944,0.021,0.66,0.011,0.664,0.007,0.69,0.008,9.533999999999999,282.68399999999997
1998,5,0.968,0.066,0.907,0.02,0.652,0.011,0.67,0.007,0.691,0.009,9.497,282.647
1998,6,1.067,0.061,0.93,0.017,0.648,0.01,0.673,0.007,0.691,0.009,9.52,282.66999999999996
1998,7,1.004,0.074,0.947,0.018,0.656,0.011,0.677,0.007,0.692,0.009,9.536999999999999,282.68699999999995
1998,8,1.042,0.055,0.933,0.017,0.651,0.01,0.684,0.007,0.692,0.009,9.523,282.673
1998,9,0.616,0.055,0.894,0.016,0.663,0.01,0.692,0.007,0.692,0.009,9.484,282.63399999999996
1998,10,0.752,0.081,0.847,0.015,0.672,0.01,0.698,0.007,0.694,0.009,9.437,282.587
1998,11,0.369,0.032,0.796,0.014,0.683,0.01,0.706,0.007,0.698,0.009,9.386,282.536
1998,12,1.113,0.045,0.756,0.013,0.69,0.01,0.715,0.007,0.698,0.009,9.346,282.496
1999,1,1.032,0.072,0.715,0.018,0.695,0.011,0.719,0.007,0.703,0.009,9.305,282.455
1999,2,1.506,0.073,0.67,0.018,0.692,0.01,0.733,0.007,0.705,0.009,9.26,282.40999999999997
1999,3,0.238,0.065,0.675,0.019,0.699,0.01,0.738,0.007,0.706,0.009,9.265,282.41499999999996
1999,4,0.468,0.053,0.677,0.019,0.705,0.01,0.74,0.008,0.709,0.009,9.267,282.417
1999,5,0.363,0.068,0.693,0.02,0.718,0.009,0.738,0.007,0.712,0.009,9.283,282.433
1999,6,0.59,0.076,0.681,0.018,0.721,0.008,0.736,0.008,0.716,0.009,9.271,282.421
1999,7,0.507,0.065,0.629,0.018,0.735,0.009,0.733,0.008,0.718,0.009,9.219,282.36899999999997
1999,8,0.504,0.054,0.588,0.019,0.751,0.009,0.735,0.008,0.721,0.009,9.177999999999999,282.328
1999,9,0.671,0.049,0.643,0.018,0.764,0.009,0.735,0.008,0.724,0.009,9.233,282.383
1999,10,0.777,0.089,0.707,0.018,0.77,0.009,0.737,0.008,0.726,0.009,9.297,282.447
1999,11,0.563,0.038,0.724,0.016,0.781,0.01,0.741,0.008,0.729,0.009,9.314,282.464
1999,12,0.973,0.049,0.724,0.013,0.78,0.01,0.742,0.008,0.729,0.009,9.314,282.464
2000,1,0.402,0.071,0.725,0.013,0.794,0.01,0.744,0.008,0.731,0.009,9.315,282.465
2000,2,1.015,0.071,0.74,0.014,0.799,0.01,0.738,0.008,0.734,0.009,9.33,282.47999999999996
2000,3,0.9,0.078,0.727,0.013,0.805,0.01,0.743,0.008,0.733,0.009,9.317,282.467
2000,4,1.232,0.069,0.683,0.012,0.802,0.01,0.747,0.008,0.735,0.01,9.273,282.423
2000,5,0.565,0.051,0.655,0.01,0.803,0.01,0.753,0.009,0.738,0.01,9.245,282.395
2000,6,0.596,0.048,0.596,0.01,0.797,0.01,0.755,0.009,0.74,0.01,9.186,282.33599999999996
2000,7,0.515,0.062,0.63,0.01,0.807,0.01,0.756,0.009,0.742,0.01,9.22,282.37
2000,8,0.686,0.063,0.592,0.009,0.795,0.01,0.755,0.009,0.745,0.01,9.182,282.332
2000,9,0.515,0.075,0.595,0.009,0.796,0.011,0.76,0.009,0.748,0.01,9.185,282.335
2000,10,0.252,0.068,0.568,0.012,0.793,0.011,0.765,0.009,0.75,0.01,9.158,282.308
2000,11,0.224,0.041,0.601,0.01,0.79,0.011,0.771,0.009,0.753,0.01,9.190999999999999,282.34099999999995
2000,12,0.271,0.081,0.603,0.013,0.782,0.011,0.777,0.009,0.752,0.01,9.193,282.34299999999996
2001,1,0.803,0.053,0.627,0.013,0.776,0.012,0.78,0.009,0.753,0.01,9.217,282.36699999999996
2001,2,0.557,0.066,0.618,0.012,0.772,0.012,0.784,0.01,0.751,0.011,9.208,282.358
2001,3,0.934,0.051,0.63,0.011,0.776,0.012,0.79,0.01,0.753,0.011,9.22,282.37
2001,4,0.907,0.045,0.666,0.016,0.784,0.012,0.793,0.01,0.754,0.011,9.256,282.40599999999995
2001,5,0.966,0.061,0.751,0.018,0.788,0.012,0.794,0.01,0.756,0.011,9.341,282.491
2001,6,0.626,0.065,0.804,0.019,0.795,0.013,0.801,0.01,0.756,0.011,9.394,282.544
2001,7,0.804,0.058,0.86,0.023,0.795,0.013,0.802,0.01,0.758,0.011,9.45,282.59999999999997
2001,8,0.569,0.073,0.941,0.025,0.792,0.013,0.805,0.01,0.761,0.011,9.531,282.681
2001,9,0.666,0.048,0.986,0.027,0.805,0.014,0.809,0.009,0.762,0.011,9.576,282.726
2001,10,0.683,0.053,0.986,0.026,0.813,0.014,0.816,0.01,0.765,0.011,9.576,282.726
2001,11,1.245,0.073,0.984,0.031,0.811,0.014,0.82,0.01,0.767,0.012,9.574,282.724
2001,12,0.905,0.111,0.983,0.03,0.808,0.015,0.826,0.01,0.769,0.012,9.573,282.72299999999996
2002,1,1.479,0.093,1.0,0.032,0.799,0.015,0.838,0.011,0.767,0.012,9.59,282.73999999999995
2002,2,1.52,0.09,1.011,0.03,0.796,0.015,0.842,0.011,0.766,0.012,9.600999999999999,282.751
2002,3,1.483,0.06,1.034,0.026,0.794,0.015,0.845,0.011,0.766,0.012,9.624,282.774
2002,4,0.899,0.052,1.042,0.027,0.797,0.016,0.853,0.011,0.771,0.012,9.632,282.782
2002,5,0.941,0.086,1.01,0.026,0.809,0.016,0.861,0.011,0.775,0.012,9.6,282.75
2002,6,0.621,0.043,0.974,0.029,0.804,0.016,0.863,0.011,0.779,0.012,9.564,282.714
2002,7,1.007,0.078,0.97,0.03,0.818,0.017,0.868,0.011,0.783,0.012,9.56,282.71
2002,8,0.704,0.053,0.921,0.032,0.814,0.017,0.873,0.011,0.787,0.013,9.511,282.661
2002,9,0.935,0.055,0.861,0.028,0.82,0.018,0.875,0.011,0.792,0.012,9.451,282.601
2002,10,0.777,0.076,0.857,0.027,0.821,0.019,0.877,0.012,0.797,0.013,9.447,282.597
2002,11,0.861,0.079,0.847,0.028,0.826,0.018,0.879,0.012,0.802,0.013,9.437,282.587
2002,12,0.474,0.095,0.842,0.029,0.833,0.018,0.88,0.012,0.802,0.013,9.432,282.582
2003,1,1.44,0.05,0.814,0.027,0.839,0.018,0.876,0.013,0.804,0.013,9.404,282.554
2003,2,0.927,0.064,0.823,0.026,0.838,0.018,0.866,0.013,0.805,0.014,9.413,282.563
2003,3,0.758,0.058,0.816,0.029,0.849,0.018,0.873,0.013,0.807,0.014,9.406,282.556
2003,4,0.853,0.075,0.851,0.026,0.869,0.018,0.873,0.014,0.808,0.014,9.440999999999999,282.59099999999995
2003,5,0.828,0.084,0.833,0.024,0.889,0.018,0.871,0.013,0.811,0.014,9.423,282.573
2003,6,0.555,0.089,0.921,0.022,0.906,0.019,0.867,0.014,0.815,0.014,9.511,282.661
2003,7,0.667,0.087,0.884,0.023,0.904,0.019,0.866,0.014,0.817,0.015,9.474,282.62399999999997
2003,8,0.819,0.064,0.916,0.021,0.916,0.02,0.861,0.014,0.821,0.015,9.506,282.65599999999995
2003,9,0.852,0.061,0.94,0.024,0.917,0.02,0.863,0.015,0.826,0.015,9.53,282.67999999999995
2003,10,1.195,0.065,0.948,0.028,0.914,0.02,0.867,0.015,0.829,0.015,9.538,282.688
2003,11,0.641,0.047,0.898,0.025,0.906,0.02,0.874,0.015,0.836,0.016,9.488,282.638
2003,12,1.531,0.069,0.888,0.026,0.912,0.019,0.872,0.016,0.838,0.016,9.478,282.628
2004,1,1.002,0.066,0.829,0.027,0.909,0.02,0.873,0.016,0.841,0.016,9.419,282.56899999999996
2004,2,1.31,0.068,0.789,0.03,0.917,0.019,0.868,0.017,0.844,0.016,9.379,282.529
2004,3,1.046,0.073,0.764,0.029,0.92,0.018,0.873,0.017,0.847,0.016,9.354,282.50399999999996
2004,4,0.949,0.085,0.745,0.03,0.928,0.018,0.877,0.017,0.849,0.016,9.334999999999999,282.48499999999996
2004,5,0.222,0.051,0.798,0.03,0.922,0.018,0.881,0.018,0.852,0.016,9.388,282.53799999999995
2004,6,0.443,0.084,0.726,0.029,0.931,0.019,0.883,0.018,0.853,0.017,9.315999999999999,282.46599999999995
2004,7,-0.04,0.086,0.747,0.027,0.94,0.02,0.887,0.018,0.854,0.017,9.337,282.48699999999997
2004,8,0.336,0.086,0.702,0.024,0.933,0.02,0.89,0.018,0.858,0.017,9.292,282.44199999999995
2004,9,0.555,0.067,0.72,0.025,0.926,0.02,0.894,0.019,0.86,0.017,9.31,282.46
2004,10,0.956,0.05,0.745,0.025,0.936,0.02,0.895,0.019,0.862,0.017,9.334999999999999,282.48499999999996
2004,11,1.279,0.05,0.802,0.022,0.94,0.019,0.899,0.02,0.862,0.017,9.392,282.542
2004,12,0.668,0.07,0.848,0.02,0.945,0.019,0.897,0.02,0.865,0.018,9.438,282.58799999999997
2005,1,1.256,0.059,0.922,0.02,0.943,0.018,0.903,0.021,0.866,0.018,9.512,282.662
2005,2,0.773,0.066,0.949,0.021,0.946,0.018,0.905,0.021,0.866,0.018,9.539,282.68899999999996
2005,3,1.259,0.076,1.002,0.018,0.946,0.018,0.909,0.021,0.869,0.018,9.592,282.74199999999996
2005,4,1.248,0.094,1.044,0.016,0.952,0.017,0.91,0.021,0.871,0.018,9.634,282.784
2005,5,0.904,0.056,1.053,0.015,0.955,0.018,0.915,0.022,0.874,0.018,9.643,282.793
2005,6,1.001,0.083,1.104,0.015,0.963,0.018,0.918,0.022,0.875,0.019,9.693999999999999,282.844
2005,7,0.847,0.056,1.06,0.014,0.945,0.018,0.921,0.023,0.875,0.019,9.65,282.79999999999995
2005,8,0.661,0.083,1.099,0.017,0.937,0.018,0.923,0.023,0.876,0.019,9.689,282.839
2005,9,1.193,0.043,1.079,0.018,0.951,0.019,0.926,0.023,0.878,0.019,9.669,282.81899999999996
2005,10,1.454,0.06,1.036,0.016,0.953,0.019,0.934,0.024,0.881,0.019,9.626,282.77599999999995
2005,11,1.391,0.083,0.998,0.02,0.951,0.019,0.945,0.024,0.883,0.019,9.588,282.738
2005,12,1.275,0.085,0.996,0.024,0.953,0.019,0.948,0.024,0.889,0.019,9.586,282.736
2006,1,0.724,0.05,0.98,0.026,0.956,0.02,0.948,0.025,0.895,0.02,9.57,282.71999999999997
2006,2,1.245,0.035,1.013,0.024,0.95,0.02,0.948,0.025,0.9,0.02,9.603,282.753
2006,3,1.018,0.047,0.985,0.022,0.949,0.02,0.947,0.025,0.909,0.02,9.575,282.72499999999997
2006,4,0.729,0.051,0.959,0.019,0.95,0.022,0.949,0.025,0.915,0.02,9.549,282.69899999999996
2006,5,0.451,0.087,0.917,0.019,0.96,0.022,0.946,0.026,0.919,0.02,9.507,282.657
2006,6,0.984,0.072,0.931,0.021,0.948,0.022,0.949,0.026,0.922,0.02,9.521,282.671
2006,7,0.654,0.119,1.04,0.023,0.95,0.023,0.952,0.026,0.924,0.02,9.629999999999999,282.78
2006,8,1.057,0.073,1.024,0.022,0.944,0.023,0.958,0.027,0.927,0.02,9.614,282.76399999999995
2006,9,0.854,0.064,1.031,0.022,0.94,0.024,0.96,0.027,0.93,0.02,9.621,282.77099999999996
2006,10,1.135,0.055,1.094,0.024,0.942,0.024,0.964,0.027,0.933,0.02,9.684,282.834
2006,11,0.898,0.057,1.157,0.025,0.952,0.026,0.96,0.028,0.936,0.021,9.747,282.897
2006,12,1.432,0.106,1.149,0.023,0.958,0.027,0.961,0.028,0.939,0.021,9.739,282.88899999999995
2007,1,2.041,0.049,1.169,0.022,0.975,0.028,0.954,0.029,0.943,0.021,9.759,282.909
2007,2,1.057,0.033,1.157,0.022,0.983,0.028,0.945,0.03,0.948,0.021,9.747,282.897
2007,3,1.102,0.072,1.163,0.023,0.993,0.029,0.938,0.029,0.953,0.021,9.753,282.90299999999996
2007,4,1.477,0.075,1.162,0.026,0.993,0.03,0.942,0.029,0.956,0.021,9.751999999999999,282.902
2007,5,1.212,0.058,1.175,0.029,0.988,0.031,0.945,0.029,0.96,0.021,9.765,282.91499999999996
2007,6,0.886,0.065,1.135,0.029,0.99,0.032,0.948,0.029,0.961,0.022,9.725,282.875
2007,7,0.896,0.062,0.993,0.03,0.988,0.032,0.946,0.029,0.964,0.022,9.583,282.733
2007,8,0.907,0.051,0.943,0.029,0.995,0.032,0.948,0.029,0.967,0.022,9.533,282.683
2007,9,0.924,0.064,0.983,0.029,0.998,0.032,0.948,0.029,0.968,0.022,9.573,282.72299999999996
2007,10,1.13,0.069,0.942,0.03,1.0,0.032,0.951,0.029,0.97,0.022,9.532,282.68199999999996
2007,11,1.054,0.071,0.901,0.032,1.004,0.034,0.953,0.029,0.971,0.022,9.491,282.64099999999996
2007,12,0.952,0.051,0.883,0.034,1.003,0.036,0.953,0.03,0.974,0.022,9.472999999999999,282.623
2008,1,0.34,0.043,0.878,0.035,1.003,0.036,0.951,0.03,0.976,0.022,9.468,282.618
2008,2,0.447,0.054,0.844,0.04,1.008,0.037,0.952,0.03,0.974,0.023,9.434,282.584
2008,3,1.583,0.09,0.831,0.045,1.003,0.038,0.953,0.03,0.977,0.023,9.421,282.57099999999997
2008,4,0.986,0.075,0.841,0.049,0.999,0.038,0.952,0.031,0.978,0.023,9.431,282.58099999999996
2008,5,0.722,0.062,0.854,0.051,1.001,0.038,0.953,0.031,0.978,0.023,9.443999999999999,282.594
2008,6,0.673,0.1,0.844,0.055,0.991,0.039,0.957,0.031,0.978,0.024,9.434,282.584
2008,7,0.829,0.076,0.912,0.061,0.992,0.039,0.957,0.031,0.979,0.024,9.502,282.652
2008,8,0.498,0.1,0.954,0.06,0.98,0.039,0.958,0.031,0.978,0.024,9.544,282.69399999999996
2008,9,0.769,0.087,0.888,0.06,0.976,0.039,0.96,0.032,0.98,0.024,9.478,282.628
2008,10,1.253,0.095,0.891,0.063,0.984,0.04,0.959,0.032,0.982,0.024,9.481,282.631
2008,11,1.217,0.1,0.902,0.068,0.987,0.039,0.965,0.032,0.984,0.024,9.491999999999999,282.642
2008,12,0.828,0.116,0.913,0.073,0.986,0.04,0.962,0.033,0.985,0.024,9.503,282.65299999999996
2009,1,1.153,0.097,0.924,0.074,0.995,0.041,0.964,0.033,0.987,0.025,9.514,282.664
2009,2,0.946,0.066,0.954,0.071,0.998,0.041,0.956,0.033,0.986,0.025,9.544,282.69399999999996
2009,3,0.801,0.084,0.985,0.071,0.999,0.043,0.956,0.034,0.993,0.025,9.575,282.72499999999997
2009,4,1.023,0.109,0.959,0.067,1.0,0.044,0.958,0.033,0.997,0.025,9.549,282.69899999999996
2009,5,0.847,0.122,0.942,0.069,0.998,0.045,0.967,0.033,1.0,0.025,9.532,282.68199999999996
2009,6,0.806,0.122,0.934,0.069,0.992,0.046,0.97,0.034,1.002,0.025,9.524,282.674
2009,7,0.965,0.09,0.935,0.065,0.968,0.046,0.975,0.034,1.004,0.025,9.525,282.67499999999995
2009,8,0.857,0.077,0.958,0.064,0.957,0.047,0.981,0.034,1.007,0.025,9.548,282.698
2009,9,1.136,0.078,1.01,0.064,0.951,0.047,0.985,0.034,1.009,0.025,9.6,282.75
2009,10,0.945,0.089,1.039,0.061,0.948,0.047,0.987,0.035,1.012,0.026,9.629,282.779
2009,11,1.008,0.11,1.062,0.06,0.949,0.046,0.982,0.035,1.015,0.026,9.652,282.80199999999996
2009,12,0.737,0.101,1.074,0.056,0.951,0.046,0.987,0.036,1.018,0.026,9.664,282.81399999999996
2010,1,1.167,0.069,1.064,0.053,0.949,0.045,0.988,0.036,1.025,0.026,9.654,282.804
2010,2,1.218,0.078,1.071,0.051,0.949,0.045,0.994,0.036,1.03,0.026,9.661,282.811
2010,3,1.421,0.108,1.049,0.051,0.949,0.045,0.996,0.036,1.033,0.027,9.639,282.789
2010,4,1.372,0.092,1.077,0.053,0.951,0.046,0.994,0.036,1.035,0.027,9.667,282.81699999999995
2010,5,1.13,0.117,1.114,0.05,0.951,0.047,0.995,0.037,1.038,0.027,9.704,282.854
2010,6,0.948,0.077,1.111,0.047,0.943,0.048,0.995,0.037,1.041,0.027,9.701,282.851
2010,7,0.844,0.074,1.077,0.044,0.957,0.048,0.995,0.037,1.044,0.027,9.667,282.81699999999995
2010,8,0.942,0.05,1.021,0.046,0.966,0.049,0.997,0.037,1.045,0.027,9.611,282.76099999999997
2010,9,0.877,0.073,0.969,0.046,0.956,0.048,0.995,0.038,1.049,0.027,9.559,282.709
2010,10,1.274,0.066,0.953,0.045,0.951,0.048,0.996,0.038,1.053,0.027,9.543,282.693
2010,11,1.453,0.102,0.914,0.042,0.954,0.048,0.996,0.038,1.06,0.027,9.504,282.654
2010,12,0.697,0.11,0.912,0.046,0.961,0.048,1.001,0.038,1.063,0.028,9.502,282.652
2011,1,0.763,0.072,0.942,0.045,0.958,0.048,1.009,0.039,1.065,0.028,9.532,282.68199999999996
2011,2,0.549,0.033,0.967,0.046,0.966,0.047,1.017,0.038,1.066,0.028,9.557,282.707
2011,3,0.799,0.06,0.967,0.046,0.972,0.047,1.027,0.038,1.068,0.028,9.557,282.707
2011,4,1.17,0.044,0.96,0.046,0.969,0.046,1.036,0.039,1.069,0.028,9.55,282.7
2011,5,0.665,0.062,0.903,0.047,0.971,0.046,1.043,0.038,1.07,0.028,9.493,282.643
2011,6,0.931,0.125,0.934,0.049,0.976,0.046,1.042,0.038,1.072,0.028,9.524,282.674
2011,7,1.197,0.074,0.921,0.052,0.977,0.046,1.045,0.038,1.074,0.028,9.511,282.661
2011,8,1.241,0.088,0.911,0.051,0.967,0.045,1.048,0.038,1.077,0.028,9.501,282.65099999999995
2011,9,0.881,0.07,0.903,0.05,0.971,0.045,1.051,0.039,1.079,0.028,9.493,282.643
2011,10,1.189,0.065,0.917,0.049,0.975,0.044,1.05,0.039,1.083,0.028,9.507,282.657
2011,11,0.768,0.135,0.967,0.045,0.982,0.042,1.052,0.04,1.083,0.029,9.557,282.707
2011,12,1.071,0.147,0.974,0.041,0.982,0.042,1.051,0.04,1.085,0.029,9.564,282.714
2012,1,0.608,0.061,0.939,0.039,0.975,0.041,1.048,0.04,1.085,0.029,9.529,282.679
2012,2,0.429,0.045,0.908,0.036,0.979,0.041,1.054,0.04,1.084,0.03,9.498,282.64799999999997
2012,3,0.703,0.037,0.915,0.033,0.978,0.041,1.06,0.04,1.084,0.03,9.504999999999999,282.655
2012,4,1.339,0.052,0.917,0.039,0.981,0.041,1.059,0.04,1.086,0.03,9.507,282.657
2012,5,1.264,0.067,0.943,0.038,0.976,0.041,1.059,0.04,1.086,0.03,9.533,282.683
2012,6,1.017,0.085,0.893,0.037,0.985,0.041,1.059,0.04,1.089,0.03,9.483,282.633
2012,7,0.773,0.068,0.94,0.04,0.988,0.041,1.06,0.04,1.09,0.03,9.53,282.67999999999995
2012,8,0.868,0.054,0.988,0.039,0.993,0.042,1.061,0.04,1.093,0.03,9.578,282.72799999999995
2012,9,0.966,0.071,1.007,0.037,0.994,0.041,1.061,0.04,1.094,0.03,9.597,282.74699999999996
2012,10,1.21,0.125,0.956,0.036,0.988,0.041,1.063,0.04,1.097,0.03,9.546,282.69599999999997
2012,11,1.083,0.117,0.925,0.037,0.986,0.04,1.064,0.04,1.096,0.03,9.515,282.66499999999996
2012,12,0.47,0.162,0.931,0.041,0.988,0.04,1.069,0.04,1.098,0.03,9.521,282.671
2013,1,1.166,0.086,0.923,0.042,0.986,0.04,1.076,0.04,1.098,0.03,9.513,282.66299999999995
2013,2,1.013,0.051,0.929,0.044,0.986,0.04,1.082,0.04,1.1,0.031,9.519,282.669
2013,3,0.932,0.07,0.943,0.051,0.987,0.039,1.08,0.04,1.105,0.031,9.533,282.683
2013,4,0.722,0.078,0.931,0.046,0.993,0.039,1.083,0.04,1.106,0.031,9.521,282.671
2013,5,0.895,0.082,0.955,0.048,0.991,0.039,1.086,0.04,1.107,0.031,9.545,282.695
2013,6,1.092,0.106,1.009,0.049,1.011,0.039,1.089,0.04,1.11,0.03,9.599,282.74899999999997
2013,7,0.668,0.09,1.012,0.049,1.027,0.04,1.091,0.04,1.114,0.031,9.602,282.75199999999995
2013,8,0.946,0.078,0.956,0.047,1.054,0.039,1.095,0.04,1.117,0.031,9.546,282.69599999999997
2013,9,1.13,0.08,0.967,0.048,1.078,0.038,1.096,0.039,1.123,0.031,9.557,282.707
2013,10,1.072,0.056,1.013,0.046,1.089,0.038,1.098,0.039,1.126,0.031,9.603,282.753
2013,11,1.366,0.119,1.039,0.044,1.099,0.038,1.095,0.039,1.132,0.031,9.629,282.779
2013,12,1.118,0.125,1.018,0.043,1.099,0.037,1.099,0.038,1.134,0.031,9.608,282.758
2014,1,1.21,0.078,1.009,0.043,1.095,0.037,1.101,0.038,1.137,0.032,9.599,282.74899999999997
2014,2,0.335,0.059,1.018,0.042,1.098,0.036,1.104,0.038,1.14,0.032,9.608,282.758
2014,3,1.063,0.085,1.014,0.041,1.103,0.036,1.113,0.038,1.144,0.032,9.604,282.75399999999996
2014,4,1.273,0.035,1.022,0.045,1.101,0.036,1.117,0.038,1.148,0.031,9.612,282.762
2014,5,1.216,0.069,0.966,0.043,1.107,0.035,1.118,0.037,1.153,0.031,9.556,282.70599999999996
2014,6,0.834,0.122,0.98,0.042,1.111,0.034,1.12,0.036,1.158,0.032,9.57,282.71999999999997
2014,7,0.562,0.097,0.992,0.041,1.128,0.034,1.121,0.036,1.166,0.032,9.582,282.73199999999997
2014,8,1.057,0.054,1.088,0.043,1.151,0.034,1.123,0.036,1.172,0.032,9.678,282.828
2014,9,1.071,0.089,1.121,0.04,1.17,0.034,1.124,0.035,1.177,0.032,9.711,282.861
2014,10,1.173,0.082,1.099,0.043,1.169,0.034,1.129,0.035,1.181,0.032,9.689,282.839
2014,11,0.7,0.109,1.083,0.043,1.17,0.035,1.131,0.035,1.184,0.032,9.673,282.823
2014,12,1.275,0.11,1.102,0.04,1.166,0.035,1.14,0.035,1.189,0.033,9.692,282.842
2015,1,1.364,0.113,1.118,0.042,1.17,0.036,1.147,0.035,,,9.708,282.858
2015,2,1.48,0.044,1.109,0.042,1.173,0.036,1.155,0.035,,,9.699,282.849
2015,3,1.459,0.066,1.099,0.039,1.174,0.036,1.158,0.035,,,9.689,282.839
2015,4,1.014,0.06,1.134,0.038,1.176,0.035,1.16,0.035,,,9.724,282.87399999999997
2015,5,1.024,0.055,1.19,0.036,1.176,0.034,1.162,0.035,,,9.78,282.92999999999995
2015,6,1.064,0.06,1.241,0.034,1.194,0.034,1.164,0.035,,,9.831,282.981
2015,7,0.749,0.069,1.267,0.033,1.195,0.033,1.166,0.034,,,9.857,283.00699999999995
2015,8,0.945,0.066,1.328,0.031,1.197,0.033,1.168,0.034,,,9.918,283.068
2015,9,0.956,0.042,1.391,0.034,1.205,0.033,1.172,0.034,,,9.981,283.131
2015,10,1.596,0.055,1.458,0.032,1.215,0.033,1.172,0.034,,,10.048,283.198
2015,11,1.368,0.076,1.48,0.032,1.218,0.034,1.174,0.034,,,10.07,283.21999999999997
2015,12,1.895,0.127,1.467,0.032,1.217,0.033,1.179,0.034,,,10.057,283.207
2016,1,1.673,0.095,1.484,0.03,1.225,0.033,1.183,0.034,,,10.074,283.224
2016,2,2.214,0.083,1.527,0.032,1.225,0.034,1.185,0.034,,,10.116999999999999,283.267
2016,3,2.208,0.05,1.543,0.033,1.221,0.033,1.19,0.034,,,10.133,283.28299999999996
2016,4,1.817,0.073,1.499,0.035,1.227,0.033,1.189,0.034,,,10.089,283.239
2016,5,1.29,0.058,1.481,0.035,1.219,0.033,1.193,0.034,,,10.071,283.221
2016,6,0.907,0.043,1.434,0.033,1.221,0.032,1.195,0.034,,,10.024,283.174
2016,7,0.957,0.039,1.43,0.031,1.226,0.032,1.196,0.034,,,10.02,283.16999999999996
2016,8,1.457,0.075,1.393,0.032,1.241,0.033,1.195,0.033,,,9.983,283.133
2016,9,1.156,0.069,1.364,0.033,1.254,0.033,1.199,0.033,,,9.954,283.104
2016,10,1.066,0.079,1.321,0.035,1.258,0.034,1.202,0.033,,,9.911,283.061
2016,11,1.148,0.095,1.321,0.037,1.254,0.034,1.207,0.033,,,9.911,283.061
2016,12,1.329,0.117,1.311,0.036,1.258,0.033,1.209,0.033,,,9.901,283.051
2017,1,1.627,0.071,1.315,0.035,1.267,0.033,1.216,0.033,,,9.905,283.05499999999995
2017,2,1.768,0.046,1.283,0.032,1.268,0.033,1.223,0.033,,,9.873,283.02299999999997
2017,3,1.865,0.067,1.269,0.031,1.27,0.033,1.23,0.033,,,9.859,283.00899999999996
2017,4,1.299,0.058,1.294,0.029,1.276,0.033,1.23,0.033,,,9.884,283.034
2017,5,1.289,0.043,1.29,0.029,1.285,0.033,1.228,0.034,,,9.879999999999999,283.03
2017,6,0.792,0.072,1.307,0.03,1.294,0.033,1.23,0.034,,,9.897,283.04699999999997
2017,7,0.996,0.069,1.273,0.03,1.306,0.033,1.235,0.035,,,9.863,283.013
2017,8,1.073,0.052,1.219,0.031,1.317,0.033,1.238,0.035,,,9.809,282.959
2017,9,0.996,0.094,1.18,0.03,1.322,0.034,1.239,0.035,,,9.77,282.91999999999996
2017,10,1.364,0.057,1.184,0.031,1.333,0.034,1.242,0.035,,,9.774,282.924
2017,11,1.092,0.075,1.168,0.035,1.337,0.034,1.239,0.035,,,9.758,282.90799999999996
2017,12,1.544,0.104,1.187,0.038,1.34,0.034,1.244,0.035,,,9.777,282.92699999999996
2018,1,1.212,0.082,1.197,0.035,1.346,0.034,1.244,0.035,,,9.786999999999999,282.93699999999995
2018,2,1.125,0.062,1.19,0.038,1.349,0.034,1.248,0.035,,,9.78,282.92999999999995
2018,3,1.399,0.049,1.18,0.04,1.357,0.034,1.256,0.035,,,9.77,282.91999999999996
2018,4,1.34,0.066,1.187,0.04,1.352,0.034,1.261,0.034,,,9.777,282.92699999999996
2018,5,1.101,0.088,1.166,0.041,1.358,0.035,1.262,0.034,,,9.756,282.90599999999995
2018,6,1.016,0.099,1.145,0.041,1.346,0.036,1.264,0.033,,,9.735,282.885
2018,7,1.125,0.079,1.166,0.041,1.339,0.036,1.27,0.034,,,9.756,282.90599999999995
2018,8,0.979,0.082,1.177,0.043,1.315,0.036,1.276,0.034,,,9.767,282.917
2018,9,0.884,0.092,1.213,0.045,1.302,0.035,1.285,0.033,,,9.803,282.953
2018,10,1.444,0.067,1.228,0.046,1.29,0.035,1.293,0.034,,,9.818,282.96799999999996
2018,11,0.841,0.08,1.22,0.043,1.287,0.035,1.299,0.034,,,9.81,282.96
2018,12,1.287,0.105,1.222,0.044,1.291,0.035,1.306,0.034,,,9.812,282.962
2019,1,1.467,0.064,1.223,0.045,1.297,0.035,1.31,0.034,,,9.813,282.96299999999997
2019,2,1.26,0.061,1.232,0.043,1.292,0.035,1.324,0.034,,,9.822,282.972
2019,3,1.826,0.067,1.259,0.042,1.294,0.035,1.332,0.034,,,9.849,282.99899999999997
2019,4,1.523,0.054,1.267,0.044,1.303,0.035,1.337,0.033,,,9.857,283.00699999999995
2019,5,1.01,0.072,1.301,0.045,1.307,0.036,1.34,0.033,,,9.891,283.041
2019,6,1.04,0.062,1.343,0.047,1.307,0.037,1.347,0.033,,,9.933,283.08299999999997
2019,7,1.134,0.066,1.393,0.048,1.304,0.038,1.356,0.033,,,9.983,283.133
2019,8,1.085,0.069,1.465,0.049,1.295,0.038,1.363,0.033,,,10.055,283.205
2019,9,1.208,0.087,1.461,0.045,1.289,0.038,1.369,0.033,,,10.051,283.20099999999996
2019,10,1.541,0.077,1.473,0.042,1.29,0.038,1.376,0.033,,,10.063,283.21299999999997
2019,11,1.242,0.095,1.498,0.039,1.286,0.039,1.386,0.034,,,10.088,283.238
2019,12,1.799,0.103,1.512,0.04,1.295,0.039,1.391,0.034,,,10.102,283.25199999999995
2020,1,2.063,0.082,1.513,0.041,1.3,0.039,,,,,10.103,283.253
2020,2,2.13,0.054,1.514,0.042,1.302,0.039,,,,,10.104,283.25399999999996
2020,3,1.77,0.061,1.534,0.039,1.305,0.039,,,,,10.124,283.274
2020,4,1.677,0.085,1.511,0.04,1.309,0.039,,,,,10.100999999999999,283.251
2020,5,1.302,0.058,1.551,0.041,1.303,0.04,,,,,10.141,283.291
2020,6,1.205,0.082,1.5,0.043,1.293,0.04,,,,,10.09,283.23999999999995
2020,7,1.153,0.056,1.435,0.043,1.293,0.041,,,,,10.025,283.17499999999995
2020,8,1.101,0.06,1.322,0.042,1.299,0.041,,,,,9.911999999999999,283.06199999999995
2020,9,1.438,0.047,1.291,0.043,1.308,0.04,,,,,9.881,283.03099999999995
2020,10,1.276,0.089,1.245,0.039,1.306,0.039,,,,,9.835,282.98499999999996
2020,11,1.716,0.106,1.226,0.041,1.305,0.038,,,,,9.815999999999999,282.96599999999995
2020,12,1.188,0.128,1.222,0.041,1.31,0.037,,,,,9.812,282.962
2021,1,1.279,0.091,1.234,0.04,1.316,0.038,,,,,9.824,282.974
2021,2,0.772,0.063,1.242,0.04,1.327,0.037,,,,,9.832,282.98199999999997
2021,3,1.4,0.056,1.23,0.04,1.348,0.036,,,,,9.82,282.96999999999997
2021,4,1.129,0.086,1.257,0.039,1.359,0.037,,,,,9.847,282.99699999999996
2021,5,1.072,0.065,1.226,0.04,1.379,0.037,,,,,9.815999999999999,282.96599999999995
2021,6,1.155,0.068,1.242,0.038,1.391,0.038,,,,,9.832,282.98199999999997
2021,7,1.304,0.046,1.255,0.04,1.395,0.039,,,,,9.844999999999999,282.995
2021,8,1.196,0.049,1.29,0.041,1.407,0.038,,,,,9.879999999999999,283.03
2021,9,1.29,0.058,1.301,0.04,1.41,0.037,,,,,9.891,283.041
2021,10,1.604,0.071,1.319,0.041,1.417,0.035,,,,,9.908999999999999,283.05899999999997
2021,11,1.339,0.111,1.318,0.041,1.425,0.035,,,,,9.908,283.058
2021,12,1.376,0.092,1.333,0.042,1.436,0.035,,,,,9.923,283.073
2022,1,1.434,0.089,1.331,0.044,1.445,0.035,,,,,9.921,283.07099999999997
2022,2,1.191,0.059,1.333,0.044,1.459,0.035,,,,,9.923,283.073
2022,3,1.534,0.068,1.322,0.043,1.468,0.034,,,,,9.911999999999999,283.06199999999995
2022,4,1.353,0.049,1.32,0.043,1.475,0.035,,,,,9.91,283.06
2022,5,1.052,0.064,1.27,0.043,1.486,0.036,,,,,9.86,283.01
2022,6,1.333,0.107,1.236,0.043,1.488,0.037,,,,,9.826,282.976
2022,7,1.281,0.097,1.219,0.042,,,,,,,9.809,282.959
2022,8,1.228,0.064,1.24,0.042,,,,,,,9.83,282.97999999999996
2022,9,1.155,0.073,1.275,0.04,,,,,,,9.865,283.015
2022,10,1.579,0.099,1.265,0.037,,,,,,,9.855,283.005
2022,11,0.737,0.121,1.264,0.033,,,,,,,9.854,283.00399999999996
2022,12,0.973,0.119,1.262,0.028,,,,,,,9.852,283.00199999999995
2023,1,1.232,0.089,1.279,0.029,,,,,,,9.869,283.019
2023,2,1.44,0.044,1.313,0.027,,,,,,,9.903,283.053
2023,3,1.956,0.068,1.396,0.028,,,,,,,9.986,283.13599999999997
2023,4,1.23,0.077,1.439,0.029,,,,,,,10.029,283.179
2023,5,1.04,0.074,1.549,0.031,,,,,,,10.139,283.289
2023,6,1.304,0.094,1.635,0.035,,,,,,,10.225,283.375
2023,7,1.492,0.12,1.674,0.037,,,,,,,10.264,283.414
2023,8,1.637,0.072,1.72,0.037,,,,,,,10.31,283.46
2023,9,2.147,0.052,1.721,0.038,,,,,,,10.311,283.46099999999996
2023,10,2.09,0.096,1.781,0.035,,,,,,,10.371,283.52099999999996
2023,11,2.065,0.123,1.819,0.038,,,,,,,10.408999999999999,283.55899999999997
2023,12,1.997,0.125,1.852,0.042,,,,,,,10.442,283.592
2024,1,1.707,0.085,1.866,0.039,,,,,,,10.456,283.606
2024,2,1.993,0.049,1.891,0.042,,,,,,,10.481,283.631
2024,3,1.964,0.095,1.857,0.041,,,,,,,10.447,283.597
2024,4,1.952,0.111,1.849,0.039,,,,,,,10.439,283.589
2024,5,1.493,0.085,1.834,0.042,,,,,,,10.424,283.57399999999996
2024,6,1.701,0.11,1.83,0.043,,,,,,,10.42,283.57
2024,7,1.668,0.09,,,,,,,,,,
2024,8,1.935,0.054,,,,,,,,,,
2024,9,1.732,0.08,,,,,,,,,,
2024,10,2.0,0.116,,,,,,,,,,
2024,11,1.888,0.176,,,,,,,,,,
2024,12,1.94,0.145,,,,,,,,,,
